{"box_data": [{"position": {"minX": 322.0, "minY": 51.15625, "maxX": 388.5, "maxY": 129.875}, "class_id": 0, "box_caption": "lao 0.928", "scores": {"class_score": 0.92822265625}, "domain": "pixel"}, {"position": {"minX": 329.5, "minY": 65.625, "maxX": 379.0, "maxY": 115.625}, "class_id": 0, "box_caption": "lao 0.903", "scores": {"class_score": 0.90283203125}, "domain": "pixel"}, {"position": {"minX": 320.75, "minY": 68.5, "maxX": 388.25, "maxY": 104.75}, "class_id": 0, "box_caption": "lao 0.214", "scores": {"class_score": 0.2138671875}, "domain": "pixel"}, {"position": {"minX": 1.04296875, "minY": -13.859375, "maxX": 16.015625, "maxY": 57.4375}, "class_id": 0, "box_caption": "lao 0.160", "scores": {"class_score": 0.15966796875}, "domain": "pixel"}, {"position": {"minX": 1.2421875, "minY": 3.5546875, "maxX": 17.65625, "maxY": 33.875}, "class_id": 0, "box_caption": "lao 0.095", "scores": {"class_score": 0.095458984375}, "domain": "pixel"}, {"position": {"minX": 655.5, "minY": -11.359375, "maxX": 669.5, "maxY": 58.625}, "class_id": 0, "box_caption": "lao 0.086", "scores": {"class_score": 0.08587646484375}, "domain": "pixel"}, {"position": {"minX": 1.04296875, "minY": -13.859375, "maxX": 16.015625, "maxY": 57.4375}, "class_id": 2, "box_caption": "vn_2_line 0.068", "scores": {"class_score": 0.068359375}, "domain": "pixel"}, {"position": {"minX": 638.0, "minY": 11.546875, "maxX": 676.0, "maxY": 72.1875}, "class_id": 0, "box_caption": "lao 0.062", "scores": {"class_score": 0.0616455078125}, "domain": "pixel"}, {"position": {"minX": 638.0, "minY": 137.25, "maxX": 677.0, "maxY": 201.75}, "class_id": 0, "box_caption": "lao 0.060", "scores": {"class_score": 0.059906005859375}, "domain": "pixel"}, {"position": {"minX": 638.0, "minY": 73.1875, "maxX": 677.0, "maxY": 137.5}, "class_id": 0, "box_caption": "lao 0.060", "scores": {"class_score": 0.059539794921875}, "domain": "pixel"}, {"position": {"minX": 638.5, "minY": 41.03125, "maxX": 676.5, "maxY": 105.125}, "class_id": 0, "box_caption": "lao 0.059", "scores": {"class_score": 0.059234619140625}, "domain": "pixel"}, {"position": {"minX": 638.0, "minY": 105.125, "maxX": 677.0, "maxY": 169.625}, "class_id": 0, "box_caption": "lao 0.059", "scores": {"class_score": 0.058929443359375}, "domain": "pixel"}, {"position": {"minX": 638.0, "minY": 265.25, "maxX": 677.0, "maxY": 330.25}, "class_id": 0, "box_caption": "lao 0.059", "scores": {"class_score": 0.05877685546875}, "domain": "pixel"}, {"position": {"minX": 638.0, "minY": 169.125, "maxX": 677.0, "maxY": 233.875}, "class_id": 0, "box_caption": "lao 0.059", "scores": {"class_score": 0.05853271484375}, "domain": "pixel"}, {"position": {"minX": 638.0, "minY": 232.625, "maxX": 677.0, "maxY": 297.75}, "class_id": 0, "box_caption": "lao 0.057", "scores": {"class_score": 0.056640625}, "domain": "pixel"}, {"position": {"minX": 638.5, "minY": 296.0, "maxX": 677.5, "maxY": 360.5}, "class_id": 0, "box_caption": "lao 0.057", "scores": {"class_score": 0.056610107421875}, "domain": "pixel"}, {"position": {"minX": 638.0, "minY": 200.75, "maxX": 677.0, "maxY": 266.0}, "class_id": 0, "box_caption": "lao 0.056", "scores": {"class_score": 0.05560302734375}, "domain": "pixel"}, {"position": {"minX": -2.7109375, "minY": 0.671875, "maxX": 21.46875, "maxY": 31.1875}, "class_id": 0, "box_caption": "lao 0.047", "scores": {"class_score": 0.047271728515625}, "domain": "pixel"}, {"position": {"minX": 655.5, "minY": 1.21875, "maxX": 674.5, "maxY": 41.78125}, "class_id": 0, "box_caption": "lao 0.045", "scores": {"class_score": 0.045166015625}, "domain": "pixel"}, {"position": {"minX": 2.27734375, "minY": 162.25, "maxX": 16.375, "maxY": 260.25}, "class_id": 0, "box_caption": "lao 0.041", "scores": {"class_score": 0.040985107421875}, "domain": "pixel"}, {"position": {"minX": 2.2734375, "minY": 274.0, "maxX": 16.40625, "maxY": 372.5}, "class_id": 0, "box_caption": "lao 0.041", "scores": {"class_score": 0.04095458984375}, "domain": "pixel"}, {"position": {"minX": 2.2890625, "minY": 82.25, "maxX": 16.375, "maxY": 180.25}, "class_id": 0, "box_caption": "lao 0.041", "scores": {"class_score": 0.0408935546875}, "domain": "pixel"}, {"position": {"minX": 1.59375, "minY": 314.25, "maxX": 16.59375, "maxY": 390.75}, "class_id": 0, "box_caption": "lao 0.041", "scores": {"class_score": 0.04071044921875}, "domain": "pixel"}, {"position": {"minX": 2.3203125, "minY": 50.09375, "maxX": 16.3125, "maxY": 148.375}, "class_id": 0, "box_caption": "lao 0.040", "scores": {"class_score": 0.040283203125}, "domain": "pixel"}, {"position": {"minX": 2.29296875, "minY": 114.25, "maxX": 16.390625, "maxY": 212.25}, "class_id": 0, "box_caption": "lao 0.040", "scores": {"class_score": 0.040252685546875}, "domain": "pixel"}, {"position": {"minX": 2.265625, "minY": 194.375, "maxX": 16.390625, "maxY": 292.0}, "class_id": 0, "box_caption": "lao 0.040", "scores": {"class_score": 0.04010009765625}, "domain": "pixel"}, {"position": {"minX": 2.265625, "minY": 226.5, "maxX": 16.390625, "maxY": 324.0}, "class_id": 0, "box_caption": "lao 0.040", "scores": {"class_score": 0.039520263671875}, "domain": "pixel"}, {"position": {"minX": 2.296875, "minY": 18.09375, "maxX": 16.296875, "maxY": 116.25}, "class_id": 0, "box_caption": "lao 0.039", "scores": {"class_score": 0.039337158203125}, "domain": "pixel"}, {"position": {"minX": 322.0, "minY": 51.15625, "maxX": 388.5, "maxY": 129.875}, "class_id": 2, "box_caption": "vn_2_line 0.039", "scores": {"class_score": 0.039337158203125}, "domain": "pixel"}, {"position": {"minX": -7.390625, "minY": 303.5, "maxX": 29.359375, "maxY": 360.5}, "class_id": 0, "box_caption": "lao 0.039", "scores": {"class_score": 0.038726806640625}, "domain": "pixel"}, {"position": {"minX": -1.53125, "minY": 9.15625, "maxX": 16.875, "maxY": 43.90625}, "class_id": 0, "box_caption": "lao 0.037", "scores": {"class_score": 0.037261962890625}, "domain": "pixel"}, {"position": {"minX": 324.5, "minY": 67.375, "maxX": 387.5, "maxY": 113.5}, "class_id": 2, "box_caption": "vn_2_line 0.037", "scores": {"class_score": 0.0367431640625}, "domain": "pixel"}, {"position": {"minX": 318.5, "minY": 63.5625, "maxX": 388.5, "maxY": 122.6875}, "class_id": 1, "box_caption": "vn_1_line 0.037", "scores": {"class_score": 0.0367431640625}, "domain": "pixel"}, {"position": {"minX": 651.5, "minY": -6.546875, "maxX": 670.5, "maxY": 38.0625}, "class_id": 0, "box_caption": "lao 0.036", "scores": {"class_score": 0.03643798828125}, "domain": "pixel"}, {"position": {"minX": -7.453125, "minY": 272.0, "maxX": 29.890625, "maxY": 330.0}, "class_id": 0, "box_caption": "lao 0.035", "scores": {"class_score": 0.035247802734375}, "domain": "pixel"}, {"position": {"minX": -7.609375, "minY": 111.875, "maxX": 30.046875, "maxY": 169.625}, "class_id": 0, "box_caption": "lao 0.035", "scores": {"class_score": 0.0345458984375}, "domain": "pixel"}, {"position": {"minX": -7.3125, "minY": 239.75, "maxX": 29.96875, "maxY": 297.75}, "class_id": 0, "box_caption": "lao 0.034", "scores": {"class_score": 0.034271240234375}, "domain": "pixel"}, {"position": {"minX": -7.53125, "minY": 176.0, "maxX": 30.0, "maxY": 233.5}, "class_id": 0, "box_caption": "lao 0.034", "scores": {"class_score": 0.03424072265625}, "domain": "pixel"}, {"position": {"minX": -7.671875, "minY": 80.0, "maxX": 29.984375, "maxY": 137.5}, "class_id": 0, "box_caption": "lao 0.034", "scores": {"class_score": 0.0341796875}, "domain": "pixel"}, {"position": {"minX": -7.40625, "minY": 207.75, "maxX": 30.0, "maxY": 265.75}, "class_id": 0, "box_caption": "lao 0.034", "scores": {"class_score": 0.03411865234375}, "domain": "pixel"}, {"position": {"minX": -7.390625, "minY": 143.75, "maxX": 30.078125, "maxY": 201.5}, "class_id": 0, "box_caption": "lao 0.034", "scores": {"class_score": 0.033966064453125}, "domain": "pixel"}, {"position": {"minX": -7.96875, "minY": 49.125, "maxX": 29.25, "maxY": 106.0}, "class_id": 0, "box_caption": "lao 0.033", "scores": {"class_score": 0.03326416015625}, "domain": "pixel"}, {"position": {"minX": 655.5, "minY": -11.359375, "maxX": 669.5, "maxY": 58.625}, "class_id": 2, "box_caption": "vn_2_line 0.033", "scores": {"class_score": 0.032989501953125}, "domain": "pixel"}, {"position": {"minX": -7.84375, "minY": 19.828125, "maxX": 28.75, "maxY": 73.9375}, "class_id": 0, "box_caption": "lao 0.032", "scores": {"class_score": 0.032318115234375}, "domain": "pixel"}, {"position": {"minX": 2.2890625, "minY": 82.25, "maxX": 16.375, "maxY": 180.25}, "class_id": 2, "box_caption": "vn_2_line 0.030", "scores": {"class_score": 0.030059814453125}, "domain": "pixel"}, {"position": {"minX": -7.078125, "minY": 5.4375, "maxX": 31.171875, "maxY": 50.0}, "class_id": 0, "box_caption": "lao 0.030", "scores": {"class_score": 0.029937744140625}, "domain": "pixel"}, {"position": {"minX": 320.25, "minY": 77.25, "maxX": 388.25, "maxY": 123.75}, "class_id": 0, "box_caption": "lao 0.030", "scores": {"class_score": 0.0297393798828125}, "domain": "pixel"}, {"position": {"minX": 2.27734375, "minY": 162.25, "maxX": 16.375, "maxY": 260.25}, "class_id": 2, "box_caption": "vn_2_line 0.030", "scores": {"class_score": 0.02972412109375}, "domain": "pixel"}, {"position": {"minX": 2.44921875, "minY": 290.75, "maxX": 16.703125, "maxY": 387.25}, "class_id": 2, "box_caption": "vn_2_line 0.030", "scores": {"class_score": 0.0296783447265625}, "domain": "pixel"}, {"position": {"minX": 2.29296875, "minY": 114.25, "maxX": 16.390625, "maxY": 212.25}, "class_id": 2, "box_caption": "vn_2_line 0.030", "scores": {"class_score": 0.0296478271484375}, "domain": "pixel"}, {"position": {"minX": 2.28125, "minY": 258.25, "maxX": 16.40625, "maxY": 356.25}, "class_id": 2, "box_caption": "vn_2_line 0.029", "scores": {"class_score": 0.0294647216796875}, "domain": "pixel"}, {"position": {"minX": 2.265625, "minY": 194.375, "maxX": 16.390625, "maxY": 292.0}, "class_id": 2, "box_caption": "vn_2_line 0.029", "scores": {"class_score": 0.0293121337890625}, "domain": "pixel"}, {"position": {"minX": 2.3203125, "minY": 50.09375, "maxX": 16.3125, "maxY": 148.375}, "class_id": 2, "box_caption": "vn_2_line 0.029", "scores": {"class_score": 0.0292816162109375}, "domain": "pixel"}, {"position": {"minX": 2.265625, "minY": 226.5, "maxX": 16.390625, "maxY": 324.0}, "class_id": 2, "box_caption": "vn_2_line 0.029", "scores": {"class_score": 0.0291290283203125}, "domain": "pixel"}, {"position": {"minX": 2.296875, "minY": 18.09375, "maxX": 16.296875, "maxY": 116.25}, "class_id": 2, "box_caption": "vn_2_line 0.029", "scores": {"class_score": 0.028594970703125}, "domain": "pixel"}, {"position": {"minX": 656.0, "minY": 6.65625, "maxX": 674.0, "maxY": 48.96875}, "class_id": 2, "box_caption": "vn_2_line 0.028", "scores": {"class_score": 0.0275421142578125}, "domain": "pixel"}, {"position": {"minX": 327.0, "minY": 68.6875, "maxX": 365.0, "maxY": 108.8125}, "class_id": 0, "box_caption": "lao 0.027", "scores": {"class_score": 0.02703857421875}, "domain": "pixel"}, {"position": {"minX": 314.75, "minY": 80.9375, "maxX": 372.25, "maxY": 119.5625}, "class_id": 1, "box_caption": "vn_1_line 0.026", "scores": {"class_score": 0.02581787109375}, "domain": "pixel"}, {"position": {"minX": 2.94140625, "minY": 314.25, "maxX": 16.21875, "maxY": 372.25}, "class_id": 2, "box_caption": "vn_2_line 0.025", "scores": {"class_score": 0.025390625}, "domain": "pixel"}, {"position": {"minX": -1.5, "minY": -1.1953125, "maxX": 22.375, "maxY": 19.125}, "class_id": 0, "box_caption": "lao 0.025", "scores": {"class_score": 0.0250091552734375}, "domain": "pixel"}, {"position": {"minX": -3.0546875, "minY": 343.5, "maxX": 15.5234375, "maxY": 378.5}, "class_id": 0, "box_caption": "lao 0.025", "scores": {"class_score": 0.0248565673828125}, "domain": "pixel"}, {"position": {"minX": 3.234375, "minY": 7.046875, "maxX": 15.609375, "maxY": 70.875}, "class_id": 2, "box_caption": "vn_2_line 0.025", "scores": {"class_score": 0.0246734619140625}, "domain": "pixel"}, {"position": {"minX": 2.81640625, "minY": 121.1875, "maxX": 16.09375, "maxY": 182.0}, "class_id": 2, "box_caption": "vn_2_line 0.025", "scores": {"class_score": 0.0246124267578125}, "domain": "pixel"}, {"position": {"minX": 2.81640625, "minY": 105.125, "maxX": 16.09375, "maxY": 166.125}, "class_id": 2, "box_caption": "vn_2_line 0.025", "scores": {"class_score": 0.02459716796875}, "domain": "pixel"}, {"position": {"minX": 2.80078125, "minY": 185.25, "maxX": 16.078125, "maxY": 246.0}, "class_id": 2, "box_caption": "vn_2_line 0.024", "scores": {"class_score": 0.0243682861328125}, "domain": "pixel"}, {"position": {"minX": 2.81640625, "minY": 89.1875, "maxX": 16.125, "maxY": 150.125}, "class_id": 2, "box_caption": "vn_2_line 0.024", "scores": {"class_score": 0.0243377685546875}, "domain": "pixel"}, {"position": {"minX": 2.8515625, "minY": 137.0, "maxX": 16.09375, "maxY": 198.0}, "class_id": 2, "box_caption": "vn_2_line 0.024", "scores": {"class_score": 0.0243377685546875}, "domain": "pixel"}, {"position": {"minX": 2.79296875, "minY": 169.125, "maxX": 16.109375, "maxY": 230.125}, "class_id": 2, "box_caption": "vn_2_line 0.024", "scores": {"class_score": 0.0243377685546875}, "domain": "pixel"}, {"position": {"minX": 2.97265625, "minY": 297.0, "maxX": 16.15625, "maxY": 358.5}, "class_id": 2, "box_caption": "vn_2_line 0.024", "scores": {"class_score": 0.0243072509765625}, "domain": "pixel"}, {"position": {"minX": 2.81640625, "minY": 153.0, "maxX": 16.125, "maxY": 214.0}, "class_id": 2, "box_caption": "vn_2_line 0.024", "scores": {"class_score": 0.024261474609375}, "domain": "pixel"}, {"position": {"minX": 2.80859375, "minY": 201.125, "maxX": 16.125, "maxY": 262.0}, "class_id": 2, "box_caption": "vn_2_line 0.024", "scores": {"class_score": 0.0241851806640625}, "domain": "pixel"}, {"position": {"minX": 2.84765625, "minY": 73.3125, "maxX": 16.03125, "maxY": 134.0}, "class_id": 2, "box_caption": "vn_2_line 0.024", "scores": {"class_score": 0.0241546630859375}, "domain": "pixel"}, {"position": {"minX": 653.0, "minY": 16.609375, "maxX": 674.0, "maxY": 53.5625}, "class_id": 0, "box_caption": "lao 0.024", "scores": {"class_score": 0.024139404296875}, "domain": "pixel"}, {"position": {"minX": 2.90234375, "minY": 281.25, "maxX": 16.15625, "maxY": 342.25}, "class_id": 2, "box_caption": "vn_2_line 0.024", "scores": {"class_score": 0.024078369140625}, "domain": "pixel"}, {"position": {"minX": 2.84765625, "minY": 217.125, "maxX": 16.125, "maxY": 278.0}, "class_id": 2, "box_caption": "vn_2_line 0.024", "scores": {"class_score": 0.02398681640625}, "domain": "pixel"}, {"position": {"minX": 2.87109375, "minY": 57.3125, "maxX": 16.03125, "maxY": 118.0625}, "class_id": 2, "box_caption": "vn_2_line 0.024", "scores": {"class_score": 0.0238800048828125}, "domain": "pixel"}, {"position": {"minX": 2.83203125, "minY": 249.375, "maxX": 16.109375, "maxY": 310.0}, "class_id": 2, "box_caption": "vn_2_line 0.024", "scores": {"class_score": 0.0238800048828125}, "domain": "pixel"}, {"position": {"minX": 2.85546875, "minY": 265.25, "maxX": 16.171875, "maxY": 326.25}, "class_id": 2, "box_caption": "vn_2_line 0.024", "scores": {"class_score": 0.0237274169921875}, "domain": "pixel"}, {"position": {"minX": 2.83984375, "minY": 41.5, "maxX": 16.0, "maxY": 102.0}, "class_id": 2, "box_caption": "vn_2_line 0.024", "scores": {"class_score": 0.0236358642578125}, "domain": "pixel"}, {"position": {"minX": 2.85546875, "minY": 233.0, "maxX": 16.109375, "maxY": 294.0}, "class_id": 2, "box_caption": "vn_2_line 0.024", "scores": {"class_score": 0.0236358642578125}, "domain": "pixel"}, {"position": {"minX": 1.8046875, "minY": 333.0, "maxX": 15.9453125, "maxY": 378.5}, "class_id": 0, "box_caption": "lao 0.024", "scores": {"class_score": 0.02362060546875}, "domain": "pixel"}, {"position": {"minX": 340.25, "minY": 69.875, "maxX": 391.75, "maxY": 112.625}, "class_id": 0, "box_caption": "lao 0.023", "scores": {"class_score": 0.0233154296875}, "domain": "pixel"}, {"position": {"minX": 2.80078125, "minY": 25.359375, "maxX": 15.765625, "maxY": 86.25}, "class_id": 2, "box_caption": "vn_2_line 0.023", "scores": {"class_score": 0.022979736328125}, "domain": "pixel"}, {"position": {"minX": -1.625, "minY": 3.203125, "maxX": 17.34375, "maxY": 36.875}, "class_id": 2, "box_caption": "vn_2_line 0.022", "scores": {"class_score": 0.02239990234375}, "domain": "pixel"}, {"position": {"minX": 140.75, "minY": 101.125, "maxX": 157.0, "maxY": 117.625}, "class_id": 0, "box_caption": "lao 0.022", "scores": {"class_score": 0.022216796875}, "domain": "pixel"}, {"position": {"minX": 659.0, "minY": 12.1875, "maxX": 675.0, "maxY": 60.6875}, "class_id": 0, "box_caption": "lao 0.022", "scores": {"class_score": 0.0221099853515625}, "domain": "pixel"}, {"position": {"minX": 636.0, "minY": -1.84375, "maxX": 679.0, "maxY": 45.34375}, "class_id": 0, "box_caption": "lao 0.022", "scores": {"class_score": 0.02191162109375}, "domain": "pixel"}, {"position": {"minX": 1.8046875, "minY": 333.0, "maxX": 15.9453125, "maxY": 378.5}, "class_id": 2, "box_caption": "vn_2_line 0.021", "scores": {"class_score": 0.020965576171875}, "domain": "pixel"}, {"position": {"minX": 658.0, "minY": 1.90625, "maxX": 670.0, "maxY": 96.625}, "class_id": 0, "box_caption": "lao 0.021", "scores": {"class_score": 0.0208740234375}, "domain": "pixel"}, {"position": {"minX": 2.80078125, "minY": 185.25, "maxX": 16.078125, "maxY": 246.0}, "class_id": 0, "box_caption": "lao 0.021", "scores": {"class_score": 0.0207672119140625}, "domain": "pixel"}, {"position": {"minX": 2.81640625, "minY": 105.125, "maxX": 16.09375, "maxY": 166.125}, "class_id": 0, "box_caption": "lao 0.021", "scores": {"class_score": 0.02069091796875}, "domain": "pixel"}, {"position": {"minX": 2.81640625, "minY": 121.1875, "maxX": 16.09375, "maxY": 182.0}, "class_id": 0, "box_caption": "lao 0.021", "scores": {"class_score": 0.0206756591796875}, "domain": "pixel"}, {"position": {"minX": 2.79296875, "minY": 169.125, "maxX": 16.109375, "maxY": 230.125}, "class_id": 0, "box_caption": "lao 0.021", "scores": {"class_score": 0.0206298828125}, "domain": "pixel"}, {"position": {"minX": 2.80859375, "minY": 201.125, "maxX": 16.125, "maxY": 262.0}, "class_id": 0, "box_caption": "lao 0.021", "scores": {"class_score": 0.020599365234375}, "domain": "pixel"}, {"position": {"minX": 2.97265625, "minY": 297.0, "maxX": 16.15625, "maxY": 358.5}, "class_id": 0, "box_caption": "lao 0.021", "scores": {"class_score": 0.0205841064453125}, "domain": "pixel"}, {"position": {"minX": 2.81640625, "minY": 89.1875, "maxX": 16.125, "maxY": 150.125}, "class_id": 0, "box_caption": "lao 0.021", "scores": {"class_score": 0.0205230712890625}, "domain": "pixel"}, {"position": {"minX": 2.8515625, "minY": 137.0, "maxX": 16.09375, "maxY": 198.0}, "class_id": 0, "box_caption": "lao 0.020", "scores": {"class_score": 0.020477294921875}, "domain": "pixel"}, {"position": {"minX": 2.84765625, "minY": 73.3125, "maxX": 16.03125, "maxY": 134.0}, "class_id": 0, "box_caption": "lao 0.020", "scores": {"class_score": 0.0204620361328125}, "domain": "pixel"}, {"position": {"minX": 2.81640625, "minY": 153.0, "maxX": 16.125, "maxY": 214.0}, "class_id": 0, "box_caption": "lao 0.020", "scores": {"class_score": 0.020416259765625}, "domain": "pixel"}, {"position": {"minX": 3.234375, "minY": 7.046875, "maxX": 15.609375, "maxY": 70.875}, "class_id": 0, "box_caption": "lao 0.020", "scores": {"class_score": 0.0204010009765625}, "domain": "pixel"}, {"position": {"minX": 2.84765625, "minY": 217.125, "maxX": 16.125, "maxY": 278.0}, "class_id": 0, "box_caption": "lao 0.020", "scores": {"class_score": 0.0203094482421875}, "domain": "pixel"}, {"position": {"minX": 2.87109375, "minY": 57.3125, "maxX": 16.03125, "maxY": 118.0625}, "class_id": 0, "box_caption": "lao 0.020", "scores": {"class_score": 0.02020263671875}, "domain": "pixel"}, {"position": {"minX": 2.90234375, "minY": 281.25, "maxX": 16.15625, "maxY": 342.25}, "class_id": 0, "box_caption": "lao 0.020", "scores": {"class_score": 0.0201873779296875}, "domain": "pixel"}, {"position": {"minX": 2.83984375, "minY": 41.5, "maxX": 16.0, "maxY": 102.0}, "class_id": 0, "box_caption": "lao 0.020", "scores": {"class_score": 0.02008056640625}, "domain": "pixel"}, {"position": {"minX": 2.83203125, "minY": 249.375, "maxX": 16.109375, "maxY": 310.0}, "class_id": 0, "box_caption": "lao 0.020", "scores": {"class_score": 0.02001953125}, "domain": "pixel"}, {"position": {"minX": 2.85546875, "minY": 265.25, "maxX": 16.171875, "maxY": 326.25}, "class_id": 0, "box_caption": "lao 0.020", "scores": {"class_score": 0.01995849609375}, "domain": "pixel"}, {"position": {"minX": 638.0, "minY": 323.75, "maxX": 681.0, "maxY": 377.75}, "class_id": 0, "box_caption": "lao 0.020", "scores": {"class_score": 0.01995849609375}, "domain": "pixel"}, {"position": {"minX": -5.96875, "minY": 325.5, "maxX": 29.46875, "maxY": 379.0}, "class_id": 0, "box_caption": "lao 0.020", "scores": {"class_score": 0.0197906494140625}, "domain": "pixel"}, {"position": {"minX": 2.85546875, "minY": 233.0, "maxX": 16.109375, "maxY": 294.0}, "class_id": 0, "box_caption": "lao 0.020", "scores": {"class_score": 0.0197601318359375}, "domain": "pixel"}, {"position": {"minX": 595.0, "minY": -2.65625, "maxX": 627.0, "maxY": 10.453125}, "class_id": 0, "box_caption": "lao 0.020", "scores": {"class_score": 0.019622802734375}, "domain": "pixel"}, {"position": {"minX": 656.0, "minY": 18.578125, "maxX": 674.0, "maxY": 69.1875}, "class_id": 0, "box_caption": "lao 0.020", "scores": {"class_score": 0.0196075439453125}, "domain": "pixel"}, {"position": {"minX": 2.80078125, "minY": 25.359375, "maxX": 15.765625, "maxY": 86.25}, "class_id": 0, "box_caption": "lao 0.019", "scores": {"class_score": 0.0191497802734375}, "domain": "pixel"}, {"position": {"minX": 50.375, "minY": -2.9296875, "maxX": 83.625, "maxY": 10.375}, "class_id": 0, "box_caption": "lao 0.019", "scores": {"class_score": 0.0189361572265625}, "domain": "pixel"}, {"position": {"minX": 90.5625, "minY": -2.7109375, "maxX": 123.4375, "maxY": 10.3984375}, "class_id": 0, "box_caption": "lao 0.019", "scores": {"class_score": 0.018829345703125}, "domain": "pixel"}, {"position": {"minX": 602.5, "minY": -2.8125, "maxX": 635.5, "maxY": 10.515625}, "class_id": 0, "box_caption": "lao 0.019", "scores": {"class_score": 0.0188140869140625}, "domain": "pixel"}, {"position": {"minX": 658.0, "minY": 34.1875, "maxX": 670.0, "maxY": 128.25}, "class_id": 0, "box_caption": "lao 0.019", "scores": {"class_score": 0.0187835693359375}, "domain": "pixel"}, {"position": {"minX": 656.0, "minY": 18.578125, "maxX": 674.0, "maxY": 69.1875}, "class_id": 2, "box_caption": "vn_2_line 0.019", "scores": {"class_score": 0.018646240234375}, "domain": "pixel"}, {"position": {"minX": 74.4375, "minY": -2.7734375, "maxX": 107.5625, "maxY": 10.3359375}, "class_id": 0, "box_caption": "lao 0.019", "scores": {"class_score": 0.0186309814453125}, "domain": "pixel"}, {"position": {"minX": 657.5, "minY": 291.75, "maxX": 670.5, "maxY": 381.75}, "class_id": 0, "box_caption": "lao 0.019", "scores": {"class_score": 0.0186004638671875}, "domain": "pixel"}, {"position": {"minX": 658.0, "minY": 82.25, "maxX": 670.0, "maxY": 176.25}, "class_id": 0, "box_caption": "lao 0.018", "scores": {"class_score": 0.0184326171875}, "domain": "pixel"}, {"position": {"minX": 659.0, "minY": 12.1875, "maxX": 675.0, "maxY": 60.6875}, "class_id": 2, "box_caption": "vn_2_line 0.018", "scores": {"class_score": 0.01837158203125}, "domain": "pixel"}, {"position": {"minX": 314.5, "minY": 70.5625, "maxX": 371.0, "maxY": 118.9375}, "class_id": 0, "box_caption": "lao 0.018", "scores": {"class_score": 0.01837158203125}, "domain": "pixel"}, {"position": {"minX": 658.5, "minY": 114.125, "maxX": 670.5, "maxY": 208.375}, "class_id": 0, "box_caption": "lao 0.018", "scores": {"class_score": 0.0178985595703125}, "domain": "pixel"}, {"position": {"minX": -7.390625, "minY": 303.5, "maxX": 29.359375, "maxY": 360.5}, "class_id": 2, "box_caption": "vn_2_line 0.018", "scores": {"class_score": 0.0177764892578125}, "domain": "pixel"}, {"position": {"minX": 1.48828125, "minY": 108.5, "maxX": 14.15625, "maxY": 190.5}, "class_id": 2, "box_caption": "vn_2_line 0.018", "scores": {"class_score": 0.017578125}, "domain": "pixel"}, {"position": {"minX": 658.0, "minY": 162.25, "maxX": 670.0, "maxY": 256.25}, "class_id": 0, "box_caption": "lao 0.018", "scores": {"class_score": 0.0175018310546875}, "domain": "pixel"}, {"position": {"minX": 106.4375, "minY": -2.8359375, "maxX": 139.25, "maxY": 10.4375}, "class_id": 0, "box_caption": "lao 0.017", "scores": {"class_score": 0.017486572265625}, "domain": "pixel"}, {"position": {"minX": 1.48046875, "minY": 156.75, "maxX": 14.15625, "maxY": 238.5}, "class_id": 2, "box_caption": "vn_2_line 0.017", "scores": {"class_score": 0.0174560546875}, "domain": "pixel"}, {"position": {"minX": 658.0, "minY": 194.125, "maxX": 670.0, "maxY": 288.5}, "class_id": 0, "box_caption": "lao 0.017", "scores": {"class_score": 0.01715087890625}, "domain": "pixel"}, {"position": {"minX": 657.0, "minY": 332.25, "maxX": 675.0, "maxY": 378.25}, "class_id": 0, "box_caption": "lao 0.017", "scores": {"class_score": 0.0170135498046875}, "domain": "pixel"}, {"position": {"minX": 658.0, "minY": 44.375, "maxX": 675.0, "maxY": 92.75}, "class_id": 0, "box_caption": "lao 0.017", "scores": {"class_score": 0.016937255859375}, "domain": "pixel"}, {"position": {"minX": 653.0, "minY": 2.875, "maxX": 675.0, "maxY": 38.5625}, "class_id": 2, "box_caption": "vn_2_line 0.017", "scores": {"class_score": 0.01690673828125}, "domain": "pixel"}, {"position": {"minX": 329.5, "minY": 65.625, "maxX": 379.0, "maxY": 115.625}, "class_id": 1, "box_caption": "vn_1_line 0.017", "scores": {"class_score": 0.01690673828125}, "domain": "pixel"}, {"position": {"minX": 1.44140625, "minY": 284.25, "maxX": 14.125, "maxY": 367.25}, "class_id": 2, "box_caption": "vn_2_line 0.017", "scores": {"class_score": 0.01690673828125}, "domain": "pixel"}, {"position": {"minX": 1.4140625, "minY": 252.75, "maxX": 14.1796875, "maxY": 334.75}, "class_id": 2, "box_caption": "vn_2_line 0.017", "scores": {"class_score": 0.0168914794921875}, "domain": "pixel"}, {"position": {"minX": 652.5, "minY": 337.25, "maxX": 673.5, "maxY": 372.75}, "class_id": 0, "box_caption": "lao 0.017", "scores": {"class_score": 0.0168304443359375}, "domain": "pixel"}, {"position": {"minX": 1.04296875, "minY": -13.859375, "maxX": 16.015625, "maxY": 57.4375}, "class_id": 1, "box_caption": "vn_1_line 0.017", "scores": {"class_score": 0.0166473388671875}, "domain": "pixel"}, {"position": {"minX": 658.0, "minY": 226.125, "maxX": 670.0, "maxY": 320.5}, "class_id": 0, "box_caption": "lao 0.017", "scores": {"class_score": 0.016632080078125}, "domain": "pixel"}, {"position": {"minX": 658.0, "minY": 76.375, "maxX": 674.0, "maxY": 124.75}, "class_id": 0, "box_caption": "lao 0.016", "scores": {"class_score": 0.0164642333984375}, "domain": "pixel"}, {"position": {"minX": 1.27734375, "minY": 12.84375, "maxX": 13.9375, "maxY": 94.75}, "class_id": 2, "box_caption": "vn_2_line 0.016", "scores": {"class_score": 0.0164642333984375}, "domain": "pixel"}, {"position": {"minX": -7.671875, "minY": 80.0, "maxX": 29.984375, "maxY": 137.5}, "class_id": 2, "box_caption": "vn_2_line 0.016", "scores": {"class_score": 0.016448974609375}, "domain": "pixel"}, {"position": {"minX": 655.5, "minY": 331.75, "maxX": 674.5, "maxY": 378.25}, "class_id": 2, "box_caption": "vn_2_line 0.016", "scores": {"class_score": 0.0164337158203125}, "domain": "pixel"}, {"position": {"minX": 656.0, "minY": 57.9375, "maxX": 674.0, "maxY": 109.9375}, "class_id": 0, "box_caption": "lao 0.016", "scores": {"class_score": 0.016387939453125}, "domain": "pixel"}, {"position": {"minX": 658.0, "minY": 258.0, "maxX": 670.0, "maxY": 352.5}, "class_id": 0, "box_caption": "lao 0.016", "scores": {"class_score": 0.016357421875}, "domain": "pixel"}, {"position": {"minX": -7.453125, "minY": 272.0, "maxX": 29.890625, "maxY": 330.0}, "class_id": 2, "box_caption": "vn_2_line 0.016", "scores": {"class_score": 0.0163421630859375}, "domain": "pixel"}, {"position": {"minX": -7.609375, "minY": 111.875, "maxX": 30.046875, "maxY": 169.625}, "class_id": 2, "box_caption": "vn_2_line 0.016", "scores": {"class_score": 0.016326904296875}, "domain": "pixel"}, {"position": {"minX": 658.0, "minY": 124.25, "maxX": 675.0, "maxY": 172.75}, "class_id": 0, "box_caption": "lao 0.016", "scores": {"class_score": 0.016143798828125}, "domain": "pixel"}, {"position": {"minX": 656.0, "minY": 90.0, "maxX": 674.0, "maxY": 141.875}, "class_id": 0, "box_caption": "lao 0.016", "scores": {"class_score": 0.0160980224609375}, "domain": "pixel"}, {"position": {"minX": 658.0, "minY": 108.375, "maxX": 675.0, "maxY": 156.625}, "class_id": 0, "box_caption": "lao 0.016", "scores": {"class_score": 0.0160980224609375}, "domain": "pixel"}, {"position": {"minX": 656.0, "minY": 34.09375, "maxX": 674.0, "maxY": 85.875}, "class_id": 2, "box_caption": "vn_2_line 0.016", "scores": {"class_score": 0.0160675048828125}, "domain": "pixel"}, {"position": {"minX": -7.53125, "minY": 176.0, "maxX": 30.0, "maxY": 233.5}, "class_id": 2, "box_caption": "vn_2_line 0.016", "scores": {"class_score": 0.0160675048828125}, "domain": "pixel"}, {"position": {"minX": 658.0, "minY": 140.5, "maxX": 674.0, "maxY": 188.75}, "class_id": 0, "box_caption": "lao 0.016", "scores": {"class_score": 0.0160064697265625}, "domain": "pixel"}, {"position": {"minX": 658.0, "minY": 156.375, "maxX": 674.0, "maxY": 204.875}, "class_id": 0, "box_caption": "lao 0.016", "scores": {"class_score": 0.0160064697265625}, "domain": "pixel"}, {"position": {"minX": -7.40625, "minY": 207.75, "maxX": 30.0, "maxY": 265.75}, "class_id": 2, "box_caption": "vn_2_line 0.016", "scores": {"class_score": 0.0160064697265625}, "domain": "pixel"}, {"position": {"minX": -7.3125, "minY": 239.75, "maxX": 29.96875, "maxY": 297.75}, "class_id": 2, "box_caption": "vn_2_line 0.016", "scores": {"class_score": 0.015960693359375}, "domain": "pixel"}, {"position": {"minX": -7.390625, "minY": 143.75, "maxX": 30.078125, "maxY": 201.5}, "class_id": 2, "box_caption": "vn_2_line 0.016", "scores": {"class_score": 0.01593017578125}, "domain": "pixel"}, {"position": {"minX": 652.5, "minY": 40.8125, "maxX": 673.5, "maxY": 78.0}, "class_id": 0, "box_caption": "lao 0.016", "scores": {"class_score": 0.015899658203125}, "domain": "pixel"}, {"position": {"minX": 336.0, "minY": 61.03125, "maxX": 404.0, "maxY": 108.75}, "class_id": 0, "box_caption": "lao 0.016", "scores": {"class_score": 0.0158843994140625}, "domain": "pixel"}, {"position": {"minX": 657.5, "minY": 7.65625, "maxX": 669.5, "maxY": 71.375}, "class_id": 2, "box_caption": "vn_2_line 0.016", "scores": {"class_score": 0.015869140625}, "domain": "pixel"}, {"position": {"minX": 35.375, "minY": -2.7265625, "maxX": 66.8125, "maxY": 10.4609375}, "class_id": 0, "box_caption": "lao 0.016", "scores": {"class_score": 0.0158233642578125}, "domain": "pixel"}, {"position": {"minX": 658.0, "minY": 172.25, "maxX": 674.0, "maxY": 220.75}, "class_id": 0, "box_caption": "lao 0.016", "scores": {"class_score": 0.0157318115234375}, "domain": "pixel"}, {"position": {"minX": 658.0, "minY": 188.25, "maxX": 674.0, "maxY": 236.75}, "class_id": 0, "box_caption": "lao 0.016", "scores": {"class_score": 0.0157012939453125}, "domain": "pixel"}, {"position": {"minX": 657.5, "minY": 220.375, "maxX": 674.5, "maxY": 268.75}, "class_id": 0, "box_caption": "lao 0.016", "scores": {"class_score": 0.01555633544921875}, "domain": "pixel"}, {"position": {"minX": 657.5, "minY": 204.375, "maxX": 674.5, "maxY": 252.625}, "class_id": 0, "box_caption": "lao 0.016", "scores": {"class_score": 0.015533447265625}, "domain": "pixel"}, {"position": {"minX": 656.0, "minY": 49.90625, "maxX": 674.0, "maxY": 102.0}, "class_id": 2, "box_caption": "vn_2_line 0.016", "scores": {"class_score": 0.01552581787109375}, "domain": "pixel"}, {"position": {"minX": 656.0, "minY": 313.5, "maxX": 674.0, "maxY": 366.5}, "class_id": 0, "box_caption": "lao 0.015", "scores": {"class_score": 0.015472412109375}, "domain": "pixel"}, {"position": {"minX": 1.48046875, "minY": 156.75, "maxX": 14.15625, "maxY": 238.5}, "class_id": 0, "box_caption": "lao 0.015", "scores": {"class_score": 0.01526641845703125}, "domain": "pixel"}, {"position": {"minX": 1.48828125, "minY": 108.5, "maxX": 14.15625, "maxY": 190.5}, "class_id": 0, "box_caption": "lao 0.015", "scores": {"class_score": 0.0152435302734375}, "domain": "pixel"}, {"position": {"minX": 656.0, "minY": 82.0, "maxX": 674.0, "maxY": 133.875}, "class_id": 2, "box_caption": "vn_2_line 0.015", "scores": {"class_score": 0.01517486572265625}, "domain": "pixel"}, {"position": {"minX": -7.96875, "minY": 49.125, "maxX": 29.25, "maxY": 106.0}, "class_id": 2, "box_caption": "vn_2_line 0.015", "scores": {"class_score": 0.01512908935546875}, "domain": "pixel"}, {"position": {"minX": 586.5, "minY": -2.56640625, "maxX": 619.5, "maxY": 10.109375}, "class_id": 0, "box_caption": "lao 0.015", "scores": {"class_score": 0.015106201171875}, "domain": "pixel"}, {"position": {"minX": 610.5, "minY": -3.09765625, "maxX": 643.5, "maxY": 10.390625}, "class_id": 0, "box_caption": "lao 0.015", "scores": {"class_score": 0.01509857177734375}, "domain": "pixel"}, {"position": {"minX": 652.5, "minY": 56.84375, "maxX": 673.5, "maxY": 93.875}, "class_id": 0, "box_caption": "lao 0.015", "scores": {"class_score": 0.01508331298828125}, "domain": "pixel"}, {"position": {"minX": 656.0, "minY": 66.0, "maxX": 674.0, "maxY": 118.0}, "class_id": 2, "box_caption": "vn_2_line 0.015", "scores": {"class_score": 0.01507568359375}, "domain": "pixel"}, {"position": {"minX": 139.125, "minY": 96.5625, "maxX": 159.375, "maxY": 120.8125}, "class_id": 0, "box_caption": "lao 0.015", "scores": {"class_score": 0.01503753662109375}, "domain": "pixel"}, {"position": {"minX": 656.0, "minY": 122.0, "maxX": 674.0, "maxY": 174.0}, "class_id": 2, "box_caption": "vn_2_line 0.015", "scores": {"class_score": 0.01497650146484375}, "domain": "pixel"}, {"position": {"minX": 656.0, "minY": 154.0, "maxX": 674.0, "maxY": 206.0}, "class_id": 2, "box_caption": "vn_2_line 0.015", "scores": {"class_score": 0.01496124267578125}, "domain": "pixel"}, {"position": {"minX": -2.6640625, "minY": 128.125, "maxX": 16.21875, "maxY": 164.875}, "class_id": 0, "box_caption": "lao 0.015", "scores": {"class_score": 0.01493072509765625}, "domain": "pixel"}, {"position": {"minX": 656.0, "minY": 137.875, "maxX": 674.0, "maxY": 190.125}, "class_id": 2, "box_caption": "vn_2_line 0.015", "scores": {"class_score": 0.01493072509765625}, "domain": "pixel"}, {"position": {"minX": 656.0, "minY": 106.0, "maxX": 674.0, "maxY": 158.0}, "class_id": 2, "box_caption": "vn_2_line 0.015", "scores": {"class_score": 0.014923095703125}, "domain": "pixel"}, {"position": {"minX": 657.5, "minY": 236.375, "maxX": 674.5, "maxY": 284.5}, "class_id": 0, "box_caption": "lao 0.015", "scores": {"class_score": 0.0149078369140625}, "domain": "pixel"}, {"position": {"minX": -2.6796875, "minY": 144.0, "maxX": 16.1875, "maxY": 180.75}, "class_id": 0, "box_caption": "lao 0.015", "scores": {"class_score": 0.01488494873046875}, "domain": "pixel"}, {"position": {"minX": -2.7109375, "minY": 192.0, "maxX": 16.21875, "maxY": 228.75}, "class_id": 0, "box_caption": "lao 0.015", "scores": {"class_score": 0.01488494873046875}, "domain": "pixel"}, {"position": {"minX": 656.0, "minY": 257.75, "maxX": 674.0, "maxY": 310.25}, "class_id": 0, "box_caption": "lao 0.015", "scores": {"class_score": 0.0148773193359375}, "domain": "pixel"}, {"position": {"minX": -2.734375, "minY": 176.125, "maxX": 16.234375, "maxY": 212.875}, "class_id": 0, "box_caption": "lao 0.015", "scores": {"class_score": 0.0148468017578125}, "domain": "pixel"}, {"position": {"minX": 656.0, "minY": 289.75, "maxX": 674.0, "maxY": 342.25}, "class_id": 0, "box_caption": "lao 0.015", "scores": {"class_score": 0.01480865478515625}, "domain": "pixel"}, {"position": {"minX": -2.6484375, "minY": 112.125, "maxX": 16.21875, "maxY": 148.875}, "class_id": 0, "box_caption": "lao 0.015", "scores": {"class_score": 0.014801025390625}, "domain": "pixel"}, {"position": {"minX": 652.5, "minY": 80.75, "maxX": 673.5, "maxY": 118.0}, "class_id": 0, "box_caption": "lao 0.015", "scores": {"class_score": 0.0147857666015625}, "domain": "pixel"}, {"position": {"minX": 656.0, "minY": 273.75, "maxX": 674.0, "maxY": 326.25}, "class_id": 0, "box_caption": "lao 0.015", "scores": {"class_score": 0.0147857666015625}, "domain": "pixel"}, {"position": {"minX": -2.6875, "minY": 208.0, "maxX": 16.25, "maxY": 244.75}, "class_id": 0, "box_caption": "lao 0.015", "scores": {"class_score": 0.01476287841796875}, "domain": "pixel"}, {"position": {"minX": -3.0, "minY": -2.09375, "maxX": 21.265625, "maxY": 32.125}, "class_id": 2, "box_caption": "vn_2_line 0.015", "scores": {"class_score": 0.01471710205078125}, "domain": "pixel"}, {"position": {"minX": -2.7265625, "minY": 160.125, "maxX": 16.21875, "maxY": 196.875}, "class_id": 0, "box_caption": "lao 0.015", "scores": {"class_score": 0.01470947265625}, "domain": "pixel"}, {"position": {"minX": 1.4140625, "minY": 252.75, "maxX": 14.1796875, "maxY": 334.75}, "class_id": 0, "box_caption": "lao 0.015", "scores": {"class_score": 0.01470947265625}, "domain": "pixel"}, {"position": {"minX": 651.0, "minY": 1.1484375, "maxX": 674.0, "maxY": 29.9375}, "class_id": 0, "box_caption": "lao 0.015", "scores": {"class_score": 0.014678955078125}, "domain": "pixel"}, {"position": {"minX": 656.0, "minY": 170.0, "maxX": 674.0, "maxY": 222.0}, "class_id": 2, "box_caption": "vn_2_line 0.015", "scores": {"class_score": 0.01465606689453125}, "domain": "pixel"}, {"position": {"minX": 656.0, "minY": 186.0, "maxX": 674.0, "maxY": 238.0}, "class_id": 2, "box_caption": "vn_2_line 0.015", "scores": {"class_score": 0.014617919921875}, "domain": "pixel"}, {"position": {"minX": 85.4375, "minY": -5.078125, "maxX": 117.8125, "maxY": 13.921875}, "class_id": 0, "box_caption": "lao 0.015", "scores": {"class_score": 0.0145721435546875}, "domain": "pixel"}, {"position": {"minX": 638.0, "minY": 265.25, "maxX": 677.0, "maxY": 330.25}, "class_id": 2, "box_caption": "vn_2_line 0.015", "scores": {"class_score": 0.01454925537109375}, "domain": "pixel"}, {"position": {"minX": -2.671875, "minY": 96.0625, "maxX": 16.203125, "maxY": 132.75}, "class_id": 0, "box_caption": "lao 0.015", "scores": {"class_score": 0.0145263671875}, "domain": "pixel"}, {"position": {"minX": 652.5, "minY": 112.8125, "maxX": 673.5, "maxY": 149.875}, "class_id": 0, "box_caption": "lao 0.015", "scores": {"class_score": 0.0145111083984375}, "domain": "pixel"}, {"position": {"minX": -2.7109375, "minY": 224.0, "maxX": 16.21875, "maxY": 260.75}, "class_id": 0, "box_caption": "lao 0.015", "scores": {"class_score": 0.0145111083984375}, "domain": "pixel"}, {"position": {"minX": 444.25, "minY": 4.2109375, "maxX": 474.75, "maxY": 27.875}, "class_id": 0, "box_caption": "lao 0.014", "scores": {"class_score": 0.014495849609375}, "domain": "pixel"}, {"position": {"minX": -2.5703125, "minY": 24.203125, "maxX": 16.40625, "maxY": 60.625}, "class_id": 0, "box_caption": "lao 0.014", "scores": {"class_score": 0.01447296142578125}, "domain": "pixel"}, {"position": {"minX": 652.0, "minY": 168.75, "maxX": 673.0, "maxY": 206.0}, "class_id": 0, "box_caption": "lao 0.014", "scores": {"class_score": 0.0144195556640625}, "domain": "pixel"}, {"position": {"minX": 656.0, "minY": 201.875, "maxX": 674.0, "maxY": 254.125}, "class_id": 2, "box_caption": "vn_2_line 0.014", "scores": {"class_score": 0.01441192626953125}, "domain": "pixel"}, {"position": {"minX": 1.27734375, "minY": 12.84375, "maxX": 13.9375, "maxY": 94.75}, "class_id": 0, "box_caption": "lao 0.014", "scores": {"class_score": 0.014373779296875}, "domain": "pixel"}, {"position": {"minX": 652.0, "minY": 128.75, "maxX": 673.0, "maxY": 166.0}, "class_id": 0, "box_caption": "lao 0.014", "scores": {"class_score": 0.01436614990234375}, "domain": "pixel"}, {"position": {"minX": 652.5, "minY": 152.75, "maxX": 673.5, "maxY": 190.0}, "class_id": 0, "box_caption": "lao 0.014", "scores": {"class_score": 0.0143585205078125}, "domain": "pixel"}, {"position": {"minX": 611.5, "minY": -10.609375, "maxX": 664.5, "maxY": 26.515625}, "class_id": 0, "box_caption": "lao 0.014", "scores": {"class_score": 0.01432037353515625}, "domain": "pixel"}, {"position": {"minX": -7.84375, "minY": 19.828125, "maxX": 28.75, "maxY": 73.9375}, "class_id": 2, "box_caption": "vn_2_line 0.014", "scores": {"class_score": 0.01430511474609375}, "domain": "pixel"}, {"position": {"minX": -2.6640625, "minY": 80.0, "maxX": 16.1875, "maxY": 116.75}, "class_id": 0, "box_caption": "lao 0.014", "scores": {"class_score": 0.0142364501953125}, "domain": "pixel"}, {"position": {"minX": 656.0, "minY": 217.875, "maxX": 674.0, "maxY": 270.0}, "class_id": 2, "box_caption": "vn_2_line 0.014", "scores": {"class_score": 0.01422119140625}, "domain": "pixel"}, {"position": {"minX": 652.0, "minY": 96.75, "maxX": 673.0, "maxY": 133.875}, "class_id": 0, "box_caption": "lao 0.014", "scores": {"class_score": 0.01418304443359375}, "domain": "pixel"}, {"position": {"minX": -2.765625, "minY": 288.0, "maxX": 16.28125, "maxY": 325.0}, "class_id": 0, "box_caption": "lao 0.014", "scores": {"class_score": 0.01418304443359375}, "domain": "pixel"}, {"position": {"minX": 638.5, "minY": 41.03125, "maxX": 676.5, "maxY": 105.125}, "class_id": 2, "box_caption": "vn_2_line 0.014", "scores": {"class_score": 0.0141754150390625}, "domain": "pixel"}, {"position": {"minX": -2.75, "minY": 248.0, "maxX": 16.234375, "maxY": 285.0}, "class_id": 0, "box_caption": "lao 0.014", "scores": {"class_score": 0.01416015625}, "domain": "pixel"}, {"position": {"minX": 68.875, "minY": -5.140625, "maxX": 102.375, "maxY": 13.703125}, "class_id": 0, "box_caption": "lao 0.014", "scores": {"class_score": 0.01413726806640625}, "domain": "pixel"}, {"position": {"minX": -2.671875, "minY": 63.9375, "maxX": 16.234375, "maxY": 100.8125}, "class_id": 0, "box_caption": "lao 0.014", "scores": {"class_score": 0.014129638671875}, "domain": "pixel"}, {"position": {"minX": 638.0, "minY": 137.25, "maxX": 677.0, "maxY": 201.75}, "class_id": 2, "box_caption": "vn_2_line 0.014", "scores": {"class_score": 0.014129638671875}, "domain": "pixel"}, {"position": {"minX": -2.796875, "minY": 304.0, "maxX": 16.28125, "maxY": 341.0}, "class_id": 0, "box_caption": "lao 0.014", "scores": {"class_score": 0.0141143798828125}, "domain": "pixel"}, {"position": {"minX": 638.0, "minY": 169.125, "maxX": 677.0, "maxY": 233.875}, "class_id": 2, "box_caption": "vn_2_line 0.014", "scores": {"class_score": 0.01406097412109375}, "domain": "pixel"}, {"position": {"minX": 652.0, "minY": 192.75, "maxX": 673.0, "maxY": 230.0}, "class_id": 0, "box_caption": "lao 0.014", "scores": {"class_score": 0.0140533447265625}, "domain": "pixel"}, {"position": {"minX": 638.0, "minY": 232.625, "maxX": 677.0, "maxY": 297.75}, "class_id": 2, "box_caption": "vn_2_line 0.014", "scores": {"class_score": 0.01404571533203125}, "domain": "pixel"}, {"position": {"minX": 638.0, "minY": 73.1875, "maxX": 677.0, "maxY": 137.5}, "class_id": 2, "box_caption": "vn_2_line 0.014", "scores": {"class_score": 0.01398468017578125}, "domain": "pixel"}, {"position": {"minX": -2.7890625, "minY": 264.0, "maxX": 16.21875, "maxY": 301.0}, "class_id": 0, "box_caption": "lao 0.014", "scores": {"class_score": 0.0139617919921875}, "domain": "pixel"}, {"position": {"minX": 658.0, "minY": 38.71875, "maxX": 670.0, "maxY": 103.5}, "class_id": 2, "box_caption": "vn_2_line 0.014", "scores": {"class_score": 0.0139617919921875}, "domain": "pixel"}, {"position": {"minX": -6.375, "minY": -1.40625, "maxX": 30.15625, "maxY": 32.96875}, "class_id": 0, "box_caption": "lao 0.014", "scores": {"class_score": 0.01392364501953125}, "domain": "pixel"}, {"position": {"minX": 638.0, "minY": 105.125, "maxX": 677.0, "maxY": 169.625}, "class_id": 2, "box_caption": "vn_2_line 0.014", "scores": {"class_score": 0.01392364501953125}, "domain": "pixel"}, {"position": {"minX": 638.5, "minY": 296.0, "maxX": 677.5, "maxY": 360.5}, "class_id": 2, "box_caption": "vn_2_line 0.014", "scores": {"class_score": 0.013916015625}, "domain": "pixel"}, {"position": {"minX": 579.0, "minY": -2.703125, "maxX": 611.0, "maxY": 10.0625}, "class_id": 0, "box_caption": "lao 0.014", "scores": {"class_score": 0.0138702392578125}, "domain": "pixel"}, {"position": {"minX": 658.0, "minY": 311.5, "maxX": 670.0, "maxY": 374.0}, "class_id": 2, "box_caption": "vn_2_line 0.014", "scores": {"class_score": 0.01386260986328125}, "domain": "pixel"}, {"position": {"minX": -2.671875, "minY": 40.0, "maxX": 16.234375, "maxY": 76.8125}, "class_id": 0, "box_caption": "lao 0.014", "scores": {"class_score": 0.01385498046875}, "domain": "pixel"}, {"position": {"minX": 652.0, "minY": 224.75, "maxX": 673.0, "maxY": 262.0}, "class_id": 0, "box_caption": "lao 0.014", "scores": {"class_score": 0.01381683349609375}, "domain": "pixel"}, {"position": {"minX": 656.0, "minY": 233.875, "maxX": 674.0, "maxY": 286.25}, "class_id": 2, "box_caption": "vn_2_line 0.014", "scores": {"class_score": 0.0138092041015625}, "domain": "pixel"}, {"position": {"minX": 656.0, "minY": 313.5, "maxX": 674.0, "maxY": 366.5}, "class_id": 2, "box_caption": "vn_2_line 0.014", "scores": {"class_score": 0.0137939453125}, "domain": "pixel"}, {"position": {"minX": 600.5, "minY": -0.40625, "maxX": 624.5, "maxY": 12.171875}, "class_id": 0, "box_caption": "lao 0.014", "scores": {"class_score": 0.01378631591796875}, "domain": "pixel"}, {"position": {"minX": 652.0, "minY": 320.75, "maxX": 673.0, "maxY": 358.25}, "class_id": 0, "box_caption": "lao 0.014", "scores": {"class_score": 0.0137786865234375}, "domain": "pixel"}, {"position": {"minX": -2.71875, "minY": 327.5, "maxX": 16.25, "maxY": 365.0}, "class_id": 0, "box_caption": "lao 0.014", "scores": {"class_score": 0.0137786865234375}, "domain": "pixel"}, {"position": {"minX": 652.0, "minY": 208.75, "maxX": 673.0, "maxY": 246.0}, "class_id": 0, "box_caption": "lao 0.014", "scores": {"class_score": 0.01374053955078125}, "domain": "pixel"}, {"position": {"minX": 638.0, "minY": 200.75, "maxX": 677.0, "maxY": 266.0}, "class_id": 2, "box_caption": "vn_2_line 0.014", "scores": {"class_score": 0.01369476318359375}, "domain": "pixel"}, {"position": {"minX": 656.0, "minY": 265.75, "maxX": 674.0, "maxY": 318.25}, "class_id": 2, "box_caption": "vn_2_line 0.014", "scores": {"class_score": 0.01364898681640625}, "domain": "pixel"}, {"position": {"minX": 656.0, "minY": 249.75, "maxX": 674.0, "maxY": 302.25}, "class_id": 2, "box_caption": "vn_2_line 0.014", "scores": {"class_score": 0.013641357421875}, "domain": "pixel"}, {"position": {"minX": 656.0, "minY": 289.75, "maxX": 674.0, "maxY": 342.25}, "class_id": 2, "box_caption": "vn_2_line 0.014", "scores": {"class_score": 0.01357269287109375}, "domain": "pixel"}, {"position": {"minX": 122.625, "minY": -2.83984375, "maxX": 155.125, "maxY": 10.296875}, "class_id": 0, "box_caption": "lao 0.013", "scores": {"class_score": 0.01349639892578125}, "domain": "pixel"}, {"position": {"minX": 658.0, "minY": 70.9375, "maxX": 670.0, "maxY": 135.5}, "class_id": 2, "box_caption": "vn_2_line 0.013", "scores": {"class_score": 0.01346588134765625}, "domain": "pixel"}, {"position": {"minX": 658.0, "minY": 102.875, "maxX": 670.0, "maxY": 167.375}, "class_id": 2, "box_caption": "vn_2_line 0.013", "scores": {"class_score": 0.01338958740234375}, "domain": "pixel"}, {"position": {"minX": 658.0, "minY": 150.75, "maxX": 670.0, "maxY": 215.5}, "class_id": 2, "box_caption": "vn_2_line 0.013", "scores": {"class_score": 0.0133209228515625}, "domain": "pixel"}, {"position": {"minX": 56.375, "minY": -0.80859375, "maxX": 80.75, "maxY": 12.015625}, "class_id": 0, "box_caption": "lao 0.013", "scores": {"class_score": 0.01324462890625}, "domain": "pixel"}, {"position": {"minX": 658.0, "minY": 182.75, "maxX": 670.0, "maxY": 247.5}, "class_id": 2, "box_caption": "vn_2_line 0.013", "scores": {"class_score": 0.0132293701171875}, "domain": "pixel"}, {"position": {"minX": 652.0, "minY": 264.75, "maxX": 673.0, "maxY": 302.25}, "class_id": 0, "box_caption": "lao 0.013", "scores": {"class_score": 0.01322174072265625}, "domain": "pixel"}, {"position": {"minX": 652.0, "minY": 248.875, "maxX": 673.0, "maxY": 286.25}, "class_id": 0, "box_caption": "lao 0.013", "scores": {"class_score": 0.01317596435546875}, "domain": "pixel"}, {"position": {"minX": 571.0, "minY": -2.8203125, "maxX": 603.0, "maxY": 10.15625}, "class_id": 0, "box_caption": "lao 0.013", "scores": {"class_score": 0.01311492919921875}, "domain": "pixel"}, {"position": {"minX": 101.3125, "minY": -5.0703125, "maxX": 133.375, "maxY": 13.8046875}, "class_id": 0, "box_caption": "lao 0.013", "scores": {"class_score": 0.013092041015625}, "domain": "pixel"}, {"position": {"minX": 64.375, "minY": -0.78515625, "maxX": 88.75, "maxY": 12.046875}, "class_id": 0, "box_caption": "lao 0.013", "scores": {"class_score": 0.01308441162109375}, "domain": "pixel"}, {"position": {"minX": 80.4375, "minY": -0.6640625, "maxX": 104.6875, "maxY": 12.0703125}, "class_id": 0, "box_caption": "lao 0.013", "scores": {"class_score": 0.0130462646484375}, "domain": "pixel"}, {"position": {"minX": 652.0, "minY": 280.75, "maxX": 673.0, "maxY": 318.25}, "class_id": 0, "box_caption": "lao 0.013", "scores": {"class_score": 0.01300811767578125}, "domain": "pixel"}, {"position": {"minX": 652.0, "minY": 304.75, "maxX": 673.0, "maxY": 342.25}, "class_id": 0, "box_caption": "lao 0.013", "scores": {"class_score": 0.01300811767578125}, "domain": "pixel"}, {"position": {"minX": 563.0, "minY": -2.93359375, "maxX": 595.0, "maxY": 10.234375}, "class_id": 0, "box_caption": "lao 0.013", "scores": {"class_score": 0.0129547119140625}, "domain": "pixel"}, {"position": {"minX": 658.0, "minY": 214.875, "maxX": 670.0, "maxY": 279.5}, "class_id": 2, "box_caption": "vn_2_line 0.013", "scores": {"class_score": 0.0128936767578125}, "domain": "pixel"}, {"position": {"minX": 72.375, "minY": -0.73828125, "maxX": 96.625, "maxY": 12.078125}, "class_id": 0, "box_caption": "lao 0.013", "scores": {"class_score": 0.01285552978515625}, "domain": "pixel"}, {"position": {"minX": 96.5, "minY": -0.55078125, "maxX": 120.625, "maxY": 12.125}, "class_id": 0, "box_caption": "lao 0.013", "scores": {"class_score": 0.01273345947265625}, "domain": "pixel"}, {"position": {"minX": 658.0, "minY": 246.625, "maxX": 670.0, "maxY": 311.25}, "class_id": 2, "box_caption": "vn_2_line 0.013", "scores": {"class_score": 0.01271820068359375}, "domain": "pixel"}, {"position": {"minX": 88.5, "minY": -0.5390625, "maxX": 112.625, "maxY": 12.1015625}, "class_id": 0, "box_caption": "lao 0.013", "scores": {"class_score": 0.0126800537109375}, "domain": "pixel"}, {"position": {"minX": 608.5, "minY": -0.625, "maxX": 632.5, "maxY": 12.296875}, "class_id": 0, "box_caption": "lao 0.013", "scores": {"class_score": 0.0126800537109375}, "domain": "pixel"}, {"position": {"minX": 658.0, "minY": 278.5, "maxX": 670.0, "maxY": 343.5}, "class_id": 2, "box_caption": "vn_2_line 0.013", "scores": {"class_score": 0.0125732421875}, "domain": "pixel"}, {"position": {"minX": 180.125, "minY": -5.5546875, "maxX": 215.875, "maxY": 11.3203125}, "class_id": 0, "box_caption": "lao 0.012", "scores": {"class_score": 0.012451171875}, "domain": "pixel"}, {"position": {"minX": 577.5, "minY": -11.390625, "maxX": 620.5, "maxY": 18.484375}, "class_id": 0, "box_caption": "lao 0.012", "scores": {"class_score": 0.01229095458984375}, "domain": "pixel"}, {"position": {"minX": 48.5, "minY": -0.7109375, "maxX": 72.75, "maxY": 12.0703125}, "class_id": 0, "box_caption": "lao 0.012", "scores": {"class_score": 0.012237548828125}, "domain": "pixel"}, {"position": {"minX": 104.375, "minY": -0.5390625, "maxX": 128.625, "maxY": 12.1796875}, "class_id": 0, "box_caption": "lao 0.012", "scores": {"class_score": 0.01220703125}, "domain": "pixel"}, {"position": {"minX": 658.5, "minY": 114.125, "maxX": 670.5, "maxY": 208.375}, "class_id": 2, "box_caption": "vn_2_line 0.012", "scores": {"class_score": 0.01197052001953125}, "domain": "pixel"}, {"position": {"minX": 61.375, "minY": -12.65625, "maxX": 107.625, "maxY": 19.71875}, "class_id": 0, "box_caption": "lao 0.012", "scores": {"class_score": 0.01186370849609375}, "domain": "pixel"}, {"position": {"minX": 638.0, "minY": 11.546875, "maxX": 676.0, "maxY": 72.1875}, "class_id": 2, "box_caption": "vn_2_line 0.012", "scores": {"class_score": 0.0117034912109375}, "domain": "pixel"}, {"position": {"minX": 656.0, "minY": 31.75, "maxX": 674.0, "maxY": 85.0625}, "class_id": 0, "box_caption": "lao 0.012", "scores": {"class_score": 0.01166534423828125}, "domain": "pixel"}, {"position": {"minX": 138.5, "minY": -3.01953125, "maxX": 171.0, "maxY": 10.375}, "class_id": 0, "box_caption": "lao 0.012", "scores": {"class_score": 0.0115814208984375}, "domain": "pixel"}, {"position": {"minX": 40.71875, "minY": -0.58203125, "maxX": 64.75, "maxY": 11.9375}, "class_id": 0, "box_caption": "lao 0.012", "scores": {"class_score": 0.01154327392578125}, "domain": "pixel"}, {"position": {"minX": 93.0, "minY": -13.5703125, "maxX": 140.25, "maxY": 18.0}, "class_id": 0, "box_caption": "lao 0.011", "scores": {"class_score": 0.011474609375}, "domain": "pixel"}, {"position": {"minX": 112.375, "minY": -0.62890625, "maxX": 136.5, "maxY": 12.1875}, "class_id": 0, "box_caption": "lao 0.011", "scores": {"class_score": 0.011383056640625}, "domain": "pixel"}, {"position": {"minX": 658.0, "minY": 70.9375, "maxX": 670.0, "maxY": 135.5}, "class_id": 0, "box_caption": "lao 0.011", "scores": {"class_score": 0.01120758056640625}, "domain": "pixel"}, {"position": {"minX": 130.875, "minY": 92.25, "maxX": 168.375, "maxY": 127.75}, "class_id": 0, "box_caption": "lao 0.011", "scores": {"class_score": 0.0111846923828125}, "domain": "pixel"}, {"position": {"minX": 314.5, "minY": 86.4375, "maxX": 368.5, "maxY": 117.6875}, "class_id": 2, "box_caption": "vn_2_line 0.011", "scores": {"class_score": 0.01117706298828125}, "domain": "pixel"}, {"position": {"minX": 655.5, "minY": -11.359375, "maxX": 669.5, "maxY": 58.625}, "class_id": 1, "box_caption": "vn_1_line 0.011", "scores": {"class_score": 0.01113128662109375}, "domain": "pixel"}, {"position": {"minX": 593.5, "minY": -0.28125, "maxX": 616.5, "maxY": 11.984375}, "class_id": 0, "box_caption": "lao 0.011", "scores": {"class_score": 0.01105499267578125}, "domain": "pixel"}, {"position": {"minX": 652.0, "minY": 168.75, "maxX": 673.0, "maxY": 206.0}, "class_id": 2, "box_caption": "vn_2_line 0.011", "scores": {"class_score": 0.01092529296875}, "domain": "pixel"}, {"position": {"minX": 658.0, "minY": 150.75, "maxX": 670.0, "maxY": 215.5}, "class_id": 0, "box_caption": "lao 0.011", "scores": {"class_score": 0.01088714599609375}, "domain": "pixel"}, {"position": {"minX": 337.0, "minY": 63.375, "maxX": 374.5, "maxY": 105.0}, "class_id": 0, "box_caption": "lao 0.011", "scores": {"class_score": 0.0108489990234375}, "domain": "pixel"}, {"position": {"minX": 652.0, "minY": 128.75, "maxX": 673.0, "maxY": 166.0}, "class_id": 2, "box_caption": "vn_2_line 0.011", "scores": {"class_score": 0.01078033447265625}, "domain": "pixel"}, {"position": {"minX": -2.390625, "minY": 16.046875, "maxX": 16.6875, "maxY": 52.4375}, "class_id": 2, "box_caption": "vn_2_line 0.011", "scores": {"class_score": 0.010772705078125}, "domain": "pixel"}, {"position": {"minX": 652.5, "minY": 104.8125, "maxX": 673.5, "maxY": 142.0}, "class_id": 2, "box_caption": "vn_2_line 0.011", "scores": {"class_score": 0.01074981689453125}, "domain": "pixel"}, {"position": {"minX": 652.0, "minY": 192.75, "maxX": 673.0, "maxY": 230.0}, "class_id": 2, "box_caption": "vn_2_line 0.011", "scores": {"class_score": 0.01067352294921875}, "domain": "pixel"}, {"position": {"minX": -4.6875, "minY": 352.5, "maxX": 16.59375, "maxY": 383.0}, "class_id": 0, "box_caption": "lao 0.011", "scores": {"class_score": 0.0106658935546875}, "domain": "pixel"}, {"position": {"minX": 652.0, "minY": 320.75, "maxX": 673.0, "maxY": 358.25}, "class_id": 2, "box_caption": "vn_2_line 0.011", "scores": {"class_score": 0.01053619384765625}, "domain": "pixel"}, {"position": {"minX": 0.953125, "minY": 338.75, "maxX": 20.140625, "maxY": 384.25}, "class_id": 0, "box_caption": "lao 0.010", "scores": {"class_score": 0.01049041748046875}, "domain": "pixel"}, {"position": {"minX": 652.0, "minY": 208.75, "maxX": 673.0, "maxY": 246.0}, "class_id": 2, "box_caption": "vn_2_line 0.010", "scores": {"class_score": 0.010406494140625}, "domain": "pixel"}, {"position": {"minX": 652.0, "minY": 224.75, "maxX": 673.0, "maxY": 262.0}, "class_id": 2, "box_caption": "vn_2_line 0.010", "scores": {"class_score": 0.0103759765625}, "domain": "pixel"}, {"position": {"minX": 0.953125, "minY": 338.75, "maxX": 20.140625, "maxY": 384.25}, "class_id": 2, "box_caption": "vn_2_line 0.010", "scores": {"class_score": 0.010223388671875}, "domain": "pixel"}, {"position": {"minX": 616.5, "minY": -0.796875, "maxX": 640.5, "maxY": 12.15625}, "class_id": 0, "box_caption": "lao 0.010", "scores": {"class_score": 0.01004791259765625}, "domain": "pixel"}, {"position": {"minX": 652.0, "minY": 240.875, "maxX": 673.0, "maxY": 278.25}, "class_id": 2, "box_caption": "vn_2_line 0.010", "scores": {"class_score": 0.00998687744140625}, "domain": "pixel"}, {"position": {"minX": 652.0, "minY": 264.75, "maxX": 673.0, "maxY": 302.25}, "class_id": 2, "box_caption": "vn_2_line 0.010", "scores": {"class_score": 0.00998687744140625}, "domain": "pixel"}, {"position": {"minX": -2.6640625, "minY": 128.125, "maxX": 16.21875, "maxY": 164.875}, "class_id": 2, "box_caption": "vn_2_line 0.010", "scores": {"class_score": 0.009918212890625}, "domain": "pixel"}, {"position": {"minX": 652.0, "minY": 288.75, "maxX": 673.0, "maxY": 326.25}, "class_id": 2, "box_caption": "vn_2_line 0.010", "scores": {"class_score": 0.00989532470703125}, "domain": "pixel"}], "class_labels": {"0": "lao", "1": "vn_1_line", "2": "vn_2_line"}}