{"box_data": [{"position": {"minX": 220.75, "minY": 38.5, "maxX": 271.75, "maxY": 75.4375}, "class_id": 2, "box_caption": "vn_2_line 0.518", "scores": {"class_score": 0.517578125}, "domain": "pixel"}, {"position": {"minX": -7.25, "minY": 256.5, "maxX": 190.5, "maxY": 377.0}, "class_id": 0, "box_caption": "lao 0.336", "scores": {"class_score": 0.336181640625}, "domain": "pixel"}, {"position": {"minX": 293.0, "minY": 173.5, "maxX": 392.5, "maxY": 241.5}, "class_id": 1, "box_caption": "vn_1_line 0.326", "scores": {"class_score": 0.32568359375}, "domain": "pixel"}, {"position": {"minX": 2.375, "minY": 77.5, "maxX": 174.625, "maxY": 183.75}, "class_id": 0, "box_caption": "lao 0.322", "scores": {"class_score": 0.321533203125}, "domain": "pixel"}, {"position": {"minX": 261.0, "minY": 173.375, "maxX": 361.5, "maxY": 241.625}, "class_id": 1, "box_caption": "vn_1_line 0.315", "scores": {"class_score": 0.31494140625}, "domain": "pixel"}, {"position": {"minX": 325.25, "minY": 170.0, "maxX": 425.25, "maxY": 241.0}, "class_id": 1, "box_caption": "vn_1_line 0.309", "scores": {"class_score": 0.30908203125}, "domain": "pixel"}, {"position": {"minX": 230.5, "minY": 170.75, "maxX": 331.0, "maxY": 243.25}, "class_id": 1, "box_caption": "vn_1_line 0.284", "scores": {"class_score": 0.284423828125}, "domain": "pixel"}, {"position": {"minX": 355.25, "minY": 166.375, "maxX": 455.25, "maxY": 241.625}, "class_id": 1, "box_caption": "vn_1_line 0.260", "scores": {"class_score": 0.260009765625}, "domain": "pixel"}, {"position": {"minX": 472.75, "minY": 252.75, "maxX": 666.5, "maxY": 376.25}, "class_id": 0, "box_caption": "lao 0.234", "scores": {"class_score": 0.234130859375}, "domain": "pixel"}, {"position": {"minX": 48.75, "minY": 258.0, "maxX": 260.25, "maxY": 379.0}, "class_id": 0, "box_caption": "lao 0.232", "scores": {"class_score": 0.2322998046875}, "domain": "pixel"}, {"position": {"minX": 31.125, "minY": 58.9375, "maxX": 191.125, "maxY": 164.75}, "class_id": 0, "box_caption": "lao 0.215", "scores": {"class_score": 0.214599609375}, "domain": "pixel"}, {"position": {"minX": -17.3125, "minY": 225.875, "maxX": 197.25, "maxY": 349.0}, "class_id": 0, "box_caption": "lao 0.203", "scores": {"class_score": 0.2030029296875}, "domain": "pixel"}, {"position": {"minX": -23.1875, "minY": 263.0, "maxX": 162.75, "maxY": 373.5}, "class_id": 2, "box_caption": "vn_2_line 0.202", "scores": {"class_score": 0.201904296875}, "domain": "pixel"}, {"position": {"minX": 418.25, "minY": 80.5, "maxX": 584.0, "maxY": 185.25}, "class_id": 0, "box_caption": "lao 0.195", "scores": {"class_score": 0.1953125}, "domain": "pixel"}, {"position": {"minX": -8.3125, "minY": 197.0, "maxX": 185.0, "maxY": 318.0}, "class_id": 0, "box_caption": "lao 0.193", "scores": {"class_score": 0.192626953125}, "domain": "pixel"}, {"position": {"minX": -24.3125, "minY": 229.25, "maxX": 160.0, "maxY": 347.75}, "class_id": 2, "box_caption": "vn_2_line 0.182", "scores": {"class_score": 0.182373046875}, "domain": "pixel"}, {"position": {"minX": 207.125, "minY": 259.5, "maxX": 421.5, "maxY": 381.0}, "class_id": 0, "box_caption": "lao 0.182", "scores": {"class_score": 0.1820068359375}, "domain": "pixel"}, {"position": {"minX": -9.0625, "minY": 98.25, "maxX": 185.0, "maxY": 213.25}, "class_id": 0, "box_caption": "lao 0.170", "scores": {"class_score": 0.1697998046875}, "domain": "pixel"}, {"position": {"minX": 273.25, "minY": 169.875, "maxX": 462.25, "maxY": 234.125}, "class_id": 1, "box_caption": "vn_1_line 0.169", "scores": {"class_score": 0.1690673828125}, "domain": "pixel"}, {"position": {"minX": 527.0, "minY": 248.25, "maxX": 694.0, "maxY": 385.25}, "class_id": 0, "box_caption": "lao 0.167", "scores": {"class_score": 0.16748046875}, "domain": "pixel"}, {"position": {"minX": 205.5, "minY": 174.625, "maxX": 399.5, "maxY": 237.125}, "class_id": 1, "box_caption": "vn_1_line 0.162", "scores": {"class_score": 0.1622314453125}, "domain": "pixel"}, {"position": {"minX": -13.90625, "minY": 282.0, "maxX": 115.25, "maxY": 397.0}, "class_id": 0, "box_caption": "lao 0.155", "scores": {"class_score": 0.1552734375}, "domain": "pixel"}, {"position": {"minX": 142.0, "minY": 260.25, "maxX": 360.0, "maxY": 379.25}, "class_id": 0, "box_caption": "lao 0.154", "scores": {"class_score": 0.1536865234375}, "domain": "pixel"}, {"position": {"minX": 194.125, "minY": 161.5, "maxX": 302.25, "maxY": 246.75}, "class_id": 1, "box_caption": "vn_1_line 0.146", "scores": {"class_score": 0.146484375}, "domain": "pixel"}, {"position": {"minX": 228.25, "minY": 44.0625, "maxX": 272.25, "maxY": 71.25}, "class_id": 0, "box_caption": "lao 0.146", "scores": {"class_score": 0.145751953125}, "domain": "pixel"}, {"position": {"minX": 269.0, "minY": 256.75, "maxX": 483.5, "maxY": 381.25}, "class_id": 0, "box_caption": "lao 0.146", "scores": {"class_score": 0.1455078125}, "domain": "pixel"}, {"position": {"minX": 387.5, "minY": 154.125, "maxX": 490.0, "maxY": 222.625}, "class_id": 1, "box_caption": "vn_1_line 0.143", "scores": {"class_score": 0.14306640625}, "domain": "pixel"}, {"position": {"minX": -21.625, "minY": 200.375, "maxX": 156.5, "maxY": 319.0}, "class_id": 2, "box_caption": "vn_2_line 0.143", "scores": {"class_score": 0.14306640625}, "domain": "pixel"}, {"position": {"minX": 493.5, "minY": 218.0, "maxX": 695.5, "maxY": 352.5}, "class_id": 0, "box_caption": "lao 0.139", "scores": {"class_score": 0.1387939453125}, "domain": "pixel"}, {"position": {"minX": 310.0, "minY": 163.875, "maxX": 445.5, "maxY": 222.875}, "class_id": 1, "box_caption": "vn_1_line 0.133", "scores": {"class_score": 0.133056640625}, "domain": "pixel"}, {"position": {"minX": 198.625, "minY": 161.5, "maxX": 330.0, "maxY": 222.25}, "class_id": 1, "box_caption": "vn_1_line 0.127", "scores": {"class_score": 0.126708984375}, "domain": "pixel"}, {"position": {"minX": 60.625, "minY": 283.25, "maxX": 198.125, "maxY": 394.25}, "class_id": 0, "box_caption": "lao 0.127", "scores": {"class_score": 0.1265869140625}, "domain": "pixel"}, {"position": {"minX": 511.0, "minY": 279.75, "maxX": 643.0, "maxY": 396.25}, "class_id": 0, "box_caption": "lao 0.124", "scores": {"class_score": 0.12396240234375}, "domain": "pixel"}, {"position": {"minX": 55.125, "minY": 72.125, "maxX": 226.625, "maxY": 190.375}, "class_id": 0, "box_caption": "lao 0.124", "scores": {"class_score": 0.12353515625}, "domain": "pixel"}, {"position": {"minX": 514.0, "minY": 57.03125, "maxX": 620.0, "maxY": 135.5}, "class_id": 1, "box_caption": "vn_1_line 0.123", "scores": {"class_score": 0.1226806640625}, "domain": "pixel"}, {"position": {"minX": 408.5, "minY": 96.375, "maxX": 593.5, "maxY": 218.875}, "class_id": 0, "box_caption": "lao 0.117", "scores": {"class_score": 0.11737060546875}, "domain": "pixel"}, {"position": {"minX": 478.5, "minY": 67.625, "maxX": 586.5, "maxY": 164.125}, "class_id": 1, "box_caption": "vn_1_line 0.115", "scores": {"class_score": 0.115478515625}, "domain": "pixel"}, {"position": {"minX": -19.6875, "minY": 170.75, "maxX": 154.25, "maxY": 293.25}, "class_id": 0, "box_caption": "lao 0.110", "scores": {"class_score": 0.11041259765625}, "domain": "pixel"}, {"position": {"minX": 145.625, "minY": 165.75, "maxX": 336.0, "maxY": 242.75}, "class_id": 1, "box_caption": "vn_1_line 0.110", "scores": {"class_score": 0.1103515625}, "domain": "pixel"}, {"position": {"minX": 52.5625, "minY": 201.0, "maxX": 241.25, "maxY": 321.0}, "class_id": 0, "box_caption": "lao 0.108", "scores": {"class_score": 0.1083984375}, "domain": "pixel"}, {"position": {"minX": 457.75, "minY": 80.6875, "maxX": 563.0, "maxY": 169.5}, "class_id": 1, "box_caption": "vn_1_line 0.106", "scores": {"class_score": 0.10589599609375}, "domain": "pixel"}, {"position": {"minX": 447.75, "minY": 70.625, "maxX": 618.5, "maxY": 157.5}, "class_id": 0, "box_caption": "lao 0.106", "scores": {"class_score": 0.10589599609375}, "domain": "pixel"}, {"position": {"minX": 72.6875, "minY": 227.0, "maxX": 290.0, "maxY": 353.5}, "class_id": 0, "box_caption": "lao 0.106", "scores": {"class_score": 0.10589599609375}, "domain": "pixel"}, {"position": {"minX": 282.75, "minY": 169.0, "maxX": 409.25, "maxY": 220.5}, "class_id": 1, "box_caption": "vn_1_line 0.104", "scores": {"class_score": 0.10406494140625}, "domain": "pixel"}, {"position": {"minX": 423.25, "minY": 86.25, "maxX": 594.0, "maxY": 166.75}, "class_id": 1, "box_caption": "vn_1_line 0.097", "scores": {"class_score": 0.09735107421875}, "domain": "pixel"}, {"position": {"minX": 174.875, "minY": 231.875, "maxX": 379.0, "maxY": 354.75}, "class_id": 0, "box_caption": "lao 0.097", "scores": {"class_score": 0.09722900390625}, "domain": "pixel"}, {"position": {"minX": 48.0625, "minY": 104.0, "maxX": 241.75, "maxY": 220.75}, "class_id": 0, "box_caption": "lao 0.094", "scores": {"class_score": 0.09375}, "domain": "pixel"}, {"position": {"minX": 339.75, "minY": 160.75, "maxX": 521.0, "maxY": 241.5}, "class_id": 1, "box_caption": "vn_1_line 0.093", "scores": {"class_score": 0.09295654296875}, "domain": "pixel"}, {"position": {"minX": 447.75, "minY": 70.625, "maxX": 618.5, "maxY": 157.5}, "class_id": 1, "box_caption": "vn_1_line 0.092", "scores": {"class_score": 0.091796875}, "domain": "pixel"}, {"position": {"minX": 238.0, "minY": 281.25, "maxX": 372.5, "maxY": 394.75}, "class_id": 0, "box_caption": "lao 0.091", "scores": {"class_score": 0.09149169921875}, "domain": "pixel"}, {"position": {"minX": 463.5, "minY": 274.5, "maxX": 596.5, "maxY": 399.0}, "class_id": 0, "box_caption": "lao 0.090", "scores": {"class_score": 0.0902099609375}, "domain": "pixel"}, {"position": {"minX": 239.5, "minY": 238.625, "maxX": 441.5, "maxY": 354.5}, "class_id": 0, "box_caption": "lao 0.089", "scores": {"class_score": 0.0894775390625}, "domain": "pixel"}, {"position": {"minX": 224.25, "minY": 32.8125, "maxX": 269.0, "maxY": 78.0}, "class_id": 0, "box_caption": "lao 0.089", "scores": {"class_score": 0.0885009765625}, "domain": "pixel"}, {"position": {"minX": 84.0, "minY": 120.875, "maxX": 267.0, "maxY": 230.375}, "class_id": 0, "box_caption": "lao 0.088", "scores": {"class_score": 0.08843994140625}, "domain": "pixel"}, {"position": {"minX": 169.75, "minY": 155.75, "maxX": 295.0, "maxY": 224.75}, "class_id": 1, "box_caption": "vn_1_line 0.088", "scores": {"class_score": 0.0880126953125}, "domain": "pixel"}, {"position": {"minX": 240.5, "minY": 164.75, "maxX": 349.0, "maxY": 224.25}, "class_id": 1, "box_caption": "vn_1_line 0.085", "scores": {"class_score": 0.08477783203125}, "domain": "pixel"}, {"position": {"minX": 547.5, "minY": 278.0, "maxX": 669.5, "maxY": 397.0}, "class_id": 0, "box_caption": "lao 0.084", "scores": {"class_score": 0.0843505859375}, "domain": "pixel"}, {"position": {"minX": 478.5, "minY": 67.625, "maxX": 586.5, "maxY": 164.125}, "class_id": 0, "box_caption": "lao 0.083", "scores": {"class_score": 0.08331298828125}, "domain": "pixel"}, {"position": {"minX": -19.625, "minY": 133.25, "maxX": 151.875, "maxY": 258.75}, "class_id": 0, "box_caption": "lao 0.082", "scores": {"class_score": 0.08197021484375}, "domain": "pixel"}, {"position": {"minX": 267.0, "minY": 160.75, "maxX": 415.5, "maxY": 245.75}, "class_id": 1, "box_caption": "vn_1_line 0.080", "scores": {"class_score": 0.07977294921875}, "domain": "pixel"}, {"position": {"minX": 190.75, "minY": 281.0, "maxX": 324.75, "maxY": 396.0}, "class_id": 0, "box_caption": "lao 0.080", "scores": {"class_score": 0.0797119140625}, "domain": "pixel"}, {"position": {"minX": 285.25, "minY": 282.25, "maxX": 420.25, "maxY": 394.25}, "class_id": 0, "box_caption": "lao 0.077", "scores": {"class_score": 0.0770263671875}, "domain": "pixel"}, {"position": {"minX": 124.75, "minY": 282.25, "maxX": 261.25, "maxY": 394.75}, "class_id": 0, "box_caption": "lao 0.076", "scores": {"class_score": 0.076416015625}, "domain": "pixel"}, {"position": {"minX": 268.25, "minY": 223.5, "maxX": 471.25, "maxY": 323.0}, "class_id": 1, "box_caption": "vn_1_line 0.076", "scores": {"class_score": 0.07598876953125}, "domain": "pixel"}, {"position": {"minX": 166.375, "minY": 167.875, "maxX": 374.0, "maxY": 227.625}, "class_id": 1, "box_caption": "vn_1_line 0.076", "scores": {"class_score": 0.07568359375}, "domain": "pixel"}, {"position": {"minX": 391.25, "minY": 115.75, "maxX": 553.0, "maxY": 213.0}, "class_id": 0, "box_caption": "lao 0.075", "scores": {"class_score": 0.07525634765625}, "domain": "pixel"}, {"position": {"minX": 111.25, "minY": 204.5, "maxX": 308.75, "maxY": 326.0}, "class_id": 0, "box_caption": "lao 0.075", "scores": {"class_score": 0.0745849609375}, "domain": "pixel"}, {"position": {"minX": 496.75, "minY": 71.125, "maxX": 597.0, "maxY": 130.125}, "class_id": 1, "box_caption": "vn_1_line 0.074", "scores": {"class_score": 0.07440185546875}, "domain": "pixel"}, {"position": {"minX": 447.5, "minY": 266.0, "maxX": 642.5, "maxY": 374.5}, "class_id": 2, "box_caption": "vn_2_line 0.074", "scores": {"class_score": 0.0736083984375}, "domain": "pixel"}, {"position": {"minX": 507.0, "minY": 211.75, "maxX": 645.0, "maxY": 336.75}, "class_id": 0, "box_caption": "lao 0.074", "scores": {"class_score": 0.07354736328125}, "domain": "pixel"}, {"position": {"minX": 430.25, "minY": 103.5625, "maxX": 536.0, "maxY": 192.5}, "class_id": 0, "box_caption": "lao 0.073", "scores": {"class_score": 0.073486328125}, "domain": "pixel"}, {"position": {"minX": 470.75, "minY": 227.875, "maxX": 671.0, "maxY": 350.5}, "class_id": 2, "box_caption": "vn_2_line 0.070", "scores": {"class_score": 0.07037353515625}, "domain": "pixel"}, {"position": {"minX": 33.4375, "minY": 67.875, "maxX": 146.75, "maxY": 148.375}, "class_id": 0, "box_caption": "lao 0.068", "scores": {"class_score": 0.06805419921875}, "domain": "pixel"}, {"position": {"minX": 22.8125, "minY": 293.5, "maxX": 153.25, "maxY": 392.5}, "class_id": 0, "box_caption": "lao 0.068", "scores": {"class_score": 0.0679931640625}, "domain": "pixel"}, {"position": {"minX": -19.625, "minY": 133.25, "maxX": 151.875, "maxY": 258.75}, "class_id": 2, "box_caption": "vn_2_line 0.068", "scores": {"class_score": 0.06756591796875}, "domain": "pixel"}, {"position": {"minX": 80.875, "minY": 142.75, "maxX": 282.5, "maxY": 255.75}, "class_id": 0, "box_caption": "lao 0.067", "scores": {"class_score": 0.06719970703125}, "domain": "pixel"}, {"position": {"minX": 493.0, "minY": 254.0, "maxX": 700.0, "maxY": 376.0}, "class_id": 2, "box_caption": "vn_2_line 0.067", "scores": {"class_score": 0.066650390625}, "domain": "pixel"}, {"position": {"minX": 7.6875, "minY": 74.8125, "maxX": 133.25, "maxY": 166.5}, "class_id": 0, "box_caption": "lao 0.067", "scores": {"class_score": 0.0665283203125}, "domain": "pixel"}, {"position": {"minX": 564.5, "minY": -0.375, "maxX": 685.5, "maxY": 103.875}, "class_id": 0, "box_caption": "lao 0.065", "scores": {"class_score": 0.06475830078125}, "domain": "pixel"}, {"position": {"minX": 302.5, "minY": 234.75, "maxX": 497.5, "maxY": 352.25}, "class_id": 0, "box_caption": "lao 0.065", "scores": {"class_score": 0.06463623046875}, "domain": "pixel"}, {"position": {"minX": -22.5625, "minY": 104.5, "maxX": 153.5, "maxY": 218.5}, "class_id": 2, "box_caption": "vn_2_line 0.064", "scores": {"class_score": 0.064453125}, "domain": "pixel"}, {"position": {"minX": -13.40625, "minY": 231.0, "maxX": 114.75, "maxY": 350.0}, "class_id": 0, "box_caption": "lao 0.064", "scores": {"class_score": 0.06378173828125}, "domain": "pixel"}, {"position": {"minX": 373.25, "minY": 143.375, "maxX": 557.0, "maxY": 249.375}, "class_id": 1, "box_caption": "vn_1_line 0.064", "scores": {"class_score": 0.063720703125}, "domain": "pixel"}, {"position": {"minX": 533.0, "minY": 187.25, "maxX": 694.0, "maxY": 321.75}, "class_id": 0, "box_caption": "lao 0.063", "scores": {"class_score": 0.06280517578125}, "domain": "pixel"}, {"position": {"minX": 373.25, "minY": 143.375, "maxX": 557.0, "maxY": 249.375}, "class_id": 0, "box_caption": "lao 0.062", "scores": {"class_score": 0.061981201171875}, "domain": "pixel"}, {"position": {"minX": 157.375, "minY": 151.75, "maxX": 276.0, "maxY": 252.75}, "class_id": 1, "box_caption": "vn_1_line 0.062", "scores": {"class_score": 0.0615234375}, "domain": "pixel"}, {"position": {"minX": 50.5, "minY": 316.0, "maxX": 183.0, "maxY": 388.0}, "class_id": 1, "box_caption": "vn_1_line 0.061", "scores": {"class_score": 0.06134033203125}, "domain": "pixel"}, {"position": {"minX": 2.375, "minY": 77.5, "maxX": 174.625, "maxY": 183.75}, "class_id": 2, "box_caption": "vn_2_line 0.061", "scores": {"class_score": 0.060516357421875}, "domain": "pixel"}, {"position": {"minX": 18.1875, "minY": 171.375, "maxX": 214.5, "maxY": 288.0}, "class_id": 0, "box_caption": "lao 0.060", "scores": {"class_score": 0.060028076171875}, "domain": "pixel"}, {"position": {"minX": 0.25, "minY": 316.5, "maxX": 92.75, "maxY": 387.0}, "class_id": 0, "box_caption": "lao 0.060", "scores": {"class_score": 0.059967041015625}, "domain": "pixel"}, {"position": {"minX": -23.1875, "minY": 263.0, "maxX": 162.75, "maxY": 373.5}, "class_id": 1, "box_caption": "vn_1_line 0.060", "scores": {"class_score": 0.059783935546875}, "domain": "pixel"}, {"position": {"minX": 8.15625, "minY": 90.5, "maxX": 122.25, "maxY": 196.25}, "class_id": 0, "box_caption": "lao 0.059", "scores": {"class_score": 0.058837890625}, "domain": "pixel"}, {"position": {"minX": 21.5, "minY": 258.0, "maxX": 226.5, "maxY": 377.5}, "class_id": 1, "box_caption": "vn_1_line 0.058", "scores": {"class_score": 0.05804443359375}, "domain": "pixel"}, {"position": {"minX": 412.25, "minY": 277.25, "maxX": 620.0, "maxY": 386.75}, "class_id": 0, "box_caption": "lao 0.058", "scores": {"class_score": 0.05780029296875}, "domain": "pixel"}, {"position": {"minX": 411.0, "minY": 104.6875, "maxX": 559.0, "maxY": 189.0}, "class_id": 1, "box_caption": "vn_1_line 0.058", "scores": {"class_score": 0.0577392578125}, "domain": "pixel"}, {"position": {"minX": 239.5, "minY": 238.625, "maxX": 441.5, "maxY": 354.5}, "class_id": 1, "box_caption": "vn_1_line 0.057", "scores": {"class_score": 0.057464599609375}, "domain": "pixel"}, {"position": {"minX": 112.6875, "minY": 145.375, "maxX": 306.25, "maxY": 237.625}, "class_id": 1, "box_caption": "vn_1_line 0.057", "scores": {"class_score": 0.056640625}, "domain": "pixel"}, {"position": {"minX": 17.4375, "minY": 130.5, "maxX": 220.25, "maxY": 255.0}, "class_id": 0, "box_caption": "lao 0.056", "scores": {"class_score": 0.05615234375}, "domain": "pixel"}, {"position": {"minX": 18.8125, "minY": 316.0, "maxX": 149.5, "maxY": 388.5}, "class_id": 1, "box_caption": "vn_1_line 0.056", "scores": {"class_score": 0.0556640625}, "domain": "pixel"}, {"position": {"minX": 205.25, "minY": 217.75, "maxX": 404.25, "maxY": 326.25}, "class_id": 1, "box_caption": "vn_1_line 0.056", "scores": {"class_score": 0.05560302734375}, "domain": "pixel"}, {"position": {"minX": 228.875, "minY": 37.625, "maxX": 267.5, "maxY": 72.3125}, "class_id": 1, "box_caption": "vn_1_line 0.055", "scores": {"class_score": 0.055328369140625}, "domain": "pixel"}, {"position": {"minX": 507.0, "minY": 172.375, "maxX": 697.0, "maxY": 289.5}, "class_id": 0, "box_caption": "lao 0.054", "scores": {"class_score": 0.054168701171875}, "domain": "pixel"}, {"position": {"minX": 528.5, "minY": 214.5, "maxX": 696.5, "maxY": 358.0}, "class_id": 2, "box_caption": "vn_2_line 0.053", "scores": {"class_score": 0.05328369140625}, "domain": "pixel"}, {"position": {"minX": 207.125, "minY": 259.5, "maxX": 421.5, "maxY": 381.0}, "class_id": 1, "box_caption": "vn_1_line 0.053", "scores": {"class_score": 0.0531005859375}, "domain": "pixel"}, {"position": {"minX": -8.09375, "minY": 313.5, "maxX": 114.125, "maxY": 388.5}, "class_id": 1, "box_caption": "vn_1_line 0.053", "scores": {"class_score": 0.05279541015625}, "domain": "pixel"}, {"position": {"minX": 501.5, "minY": 52.90625, "maxX": 613.5, "maxY": 157.5}, "class_id": 0, "box_caption": "lao 0.052", "scores": {"class_score": 0.05230712890625}, "domain": "pixel"}, {"position": {"minX": 42.8125, "minY": 228.625, "maxX": 260.0, "maxY": 351.25}, "class_id": 1, "box_caption": "vn_1_line 0.052", "scores": {"class_score": 0.051971435546875}, "domain": "pixel"}, {"position": {"minX": 408.5, "minY": 96.375, "maxX": 593.5, "maxY": 218.875}, "class_id": 1, "box_caption": "vn_1_line 0.051", "scores": {"class_score": 0.051055908203125}, "domain": "pixel"}, {"position": {"minX": 391.25, "minY": 115.75, "maxX": 553.0, "maxY": 213.0}, "class_id": 1, "box_caption": "vn_1_line 0.051", "scores": {"class_score": 0.050933837890625}, "domain": "pixel"}, {"position": {"minX": 496.0, "minY": 191.75, "maxX": 696.0, "maxY": 321.75}, "class_id": 2, "box_caption": "vn_2_line 0.051", "scores": {"class_score": 0.050872802734375}, "domain": "pixel"}, {"position": {"minX": 27.0625, "minY": 72.1875, "maxX": 200.25, "maxY": 188.5}, "class_id": 1, "box_caption": "vn_1_line 0.051", "scores": {"class_score": 0.050750732421875}, "domain": "pixel"}, {"position": {"minX": 316.0, "minY": 225.125, "maxX": 440.5, "maxY": 322.0}, "class_id": 1, "box_caption": "vn_1_line 0.051", "scores": {"class_score": 0.0506591796875}, "domain": "pixel"}, {"position": {"minX": 461.0, "minY": 65.75, "maxX": 659.0, "maxY": 189.25}, "class_id": 0, "box_caption": "lao 0.050", "scores": {"class_score": 0.04962158203125}, "domain": "pixel"}, {"position": {"minX": 142.0, "minY": 260.25, "maxX": 360.0, "maxY": 379.25}, "class_id": 1, "box_caption": "vn_1_line 0.049", "scores": {"class_score": 0.048828125}, "domain": "pixel"}, {"position": {"minX": 457.75, "minY": 80.6875, "maxX": 563.0, "maxY": 169.5}, "class_id": 0, "box_caption": "lao 0.049", "scores": {"class_score": 0.048797607421875}, "domain": "pixel"}, {"position": {"minX": 174.875, "minY": 231.875, "maxX": 379.0, "maxY": 354.75}, "class_id": 1, "box_caption": "vn_1_line 0.049", "scores": {"class_score": 0.04864501953125}, "domain": "pixel"}, {"position": {"minX": 75.625, "minY": 257.0, "maxX": 295.0, "maxY": 380.5}, "class_id": 1, "box_caption": "vn_1_line 0.048", "scores": {"class_score": 0.048370361328125}, "domain": "pixel"}, {"position": {"minX": 199.75, "minY": 314.5, "maxX": 321.25, "maxY": 388.0}, "class_id": 1, "box_caption": "vn_1_line 0.048", "scores": {"class_score": 0.048004150390625}, "domain": "pixel"}, {"position": {"minX": 19.875, "minY": 99.25, "maxX": 212.875, "maxY": 218.5}, "class_id": 1, "box_caption": "vn_1_line 0.048", "scores": {"class_score": 0.0479736328125}, "domain": "pixel"}, {"position": {"minX": 149.5, "minY": 316.0, "maxX": 273.75, "maxY": 387.5}, "class_id": 1, "box_caption": "vn_1_line 0.048", "scores": {"class_score": 0.047607421875}, "domain": "pixel"}, {"position": {"minX": 142.875, "minY": 208.0, "maxX": 340.5, "maxY": 326.5}, "class_id": 1, "box_caption": "vn_1_line 0.048", "scores": {"class_score": 0.047576904296875}, "domain": "pixel"}, {"position": {"minX": 52.5625, "minY": 201.0, "maxX": 241.25, "maxY": 321.0}, "class_id": 1, "box_caption": "vn_1_line 0.047", "scores": {"class_score": 0.046905517578125}, "domain": "pixel"}, {"position": {"minX": 21.5, "minY": 258.0, "maxX": 226.5, "maxY": 377.5}, "class_id": 2, "box_caption": "vn_2_line 0.045", "scores": {"class_score": 0.045257568359375}, "domain": "pixel"}, {"position": {"minX": 316.5, "minY": 5.125, "maxX": 419.5, "maxY": 82.0}, "class_id": 0, "box_caption": "lao 0.045", "scores": {"class_score": 0.044952392578125}, "domain": "pixel"}, {"position": {"minX": 269.0, "minY": 256.75, "maxX": 483.5, "maxY": 381.25}, "class_id": 1, "box_caption": "vn_1_line 0.045", "scores": {"class_score": 0.04473876953125}, "domain": "pixel"}, {"position": {"minX": 261.5, "minY": 313.75, "maxX": 386.0, "maxY": 389.25}, "class_id": 1, "box_caption": "vn_1_line 0.045", "scores": {"class_score": 0.044708251953125}, "domain": "pixel"}, {"position": {"minX": 302.5, "minY": 234.75, "maxX": 497.5, "maxY": 352.25}, "class_id": 1, "box_caption": "vn_1_line 0.045", "scores": {"class_score": 0.0445556640625}, "domain": "pixel"}, {"position": {"minX": 98.375, "minY": 315.25, "maxX": 228.375, "maxY": 388.75}, "class_id": 1, "box_caption": "vn_1_line 0.045", "scores": {"class_score": 0.044525146484375}, "domain": "pixel"}, {"position": {"minX": 313.5, "minY": 156.5, "maxX": 461.5, "maxY": 247.0}, "class_id": 1, "box_caption": "vn_1_line 0.044", "scores": {"class_score": 0.044464111328125}, "domain": "pixel"}, {"position": {"minX": -24.3125, "minY": 229.25, "maxX": 160.0, "maxY": 347.75}, "class_id": 1, "box_caption": "vn_1_line 0.044", "scores": {"class_score": 0.044281005859375}, "domain": "pixel"}, {"position": {"minX": 107.125, "minY": 227.625, "maxX": 318.0, "maxY": 353.75}, "class_id": 1, "box_caption": "vn_1_line 0.044", "scores": {"class_score": 0.044158935546875}, "domain": "pixel"}, {"position": {"minX": 205.25, "minY": 217.75, "maxX": 404.25, "maxY": 326.25}, "class_id": 0, "box_caption": "lao 0.044", "scores": {"class_score": 0.043975830078125}, "domain": "pixel"}, {"position": {"minX": 346.75, "minY": 159.75, "maxX": 442.25, "maxY": 207.75}, "class_id": 1, "box_caption": "vn_1_line 0.044", "scores": {"class_score": 0.04364013671875}, "domain": "pixel"}, {"position": {"minX": 472.75, "minY": 252.75, "maxX": 666.5, "maxY": 376.25}, "class_id": 1, "box_caption": "vn_1_line 0.044", "scores": {"class_score": 0.0435791015625}, "domain": "pixel"}, {"position": {"minX": -10.5625, "minY": 170.25, "maxX": 188.5, "maxY": 288.75}, "class_id": 2, "box_caption": "vn_2_line 0.043", "scores": {"class_score": 0.043426513671875}, "domain": "pixel"}, {"position": {"minX": 108.75, "minY": 284.25, "maxX": 216.5, "maxY": 396.75}, "class_id": 0, "box_caption": "lao 0.043", "scores": {"class_score": 0.043304443359375}, "domain": "pixel"}, {"position": {"minX": 230.125, "minY": 314.0, "maxX": 354.0, "maxY": 389.0}, "class_id": 1, "box_caption": "vn_1_line 0.043", "scores": {"class_score": 0.043060302734375}, "domain": "pixel"}, {"position": {"minX": 309.25, "minY": 316.0, "maxX": 432.25, "maxY": 387.0}, "class_id": 1, "box_caption": "vn_1_line 0.043", "scores": {"class_score": 0.042877197265625}, "domain": "pixel"}, {"position": {"minX": 25.5, "minY": 97.875, "maxX": 154.0, "maxY": 202.375}, "class_id": 0, "box_caption": "lao 0.043", "scores": {"class_score": 0.042755126953125}, "domain": "pixel"}, {"position": {"minX": 219.0, "minY": 184.625, "maxX": 460.0, "maxY": 277.75}, "class_id": 1, "box_caption": "vn_1_line 0.043", "scores": {"class_score": 0.042694091796875}, "domain": "pixel"}, {"position": {"minX": 84.0, "minY": 120.875, "maxX": 267.0, "maxY": 230.375}, "class_id": 1, "box_caption": "vn_1_line 0.043", "scores": {"class_score": 0.042510986328125}, "domain": "pixel"}, {"position": {"minX": 268.25, "minY": 223.5, "maxX": 471.25, "maxY": 323.0}, "class_id": 0, "box_caption": "lao 0.042", "scores": {"class_score": 0.04241943359375}, "domain": "pixel"}, {"position": {"minX": -21.625, "minY": 200.375, "maxX": 156.5, "maxY": 319.0}, "class_id": 1, "box_caption": "vn_1_line 0.042", "scores": {"class_score": 0.0423583984375}, "domain": "pixel"}, {"position": {"minX": -11.78125, "minY": 204.25, "maxX": 114.625, "maxY": 315.25}, "class_id": 0, "box_caption": "lao 0.042", "scores": {"class_score": 0.0421142578125}, "domain": "pixel"}, {"position": {"minX": 11.59375, "minY": -1.90625, "maxX": 96.75, "maxY": 46.46875}, "class_id": 1, "box_caption": "vn_1_line 0.041", "scores": {"class_score": 0.0413818359375}, "domain": "pixel"}, {"position": {"minX": 160.625, "minY": 182.125, "maxX": 393.5, "maxY": 279.5}, "class_id": 1, "box_caption": "vn_1_line 0.041", "scores": {"class_score": 0.04132080078125}, "domain": "pixel"}, {"position": {"minX": 539.0, "minY": 161.625, "maxX": 694.0, "maxY": 289.5}, "class_id": 2, "box_caption": "vn_2_line 0.041", "scores": {"class_score": 0.041290283203125}, "domain": "pixel"}, {"position": {"minX": 329.5, "minY": 209.0, "maxX": 538.0, "maxY": 318.0}, "class_id": 1, "box_caption": "vn_1_line 0.041", "scores": {"class_score": 0.041290283203125}, "domain": "pixel"}, {"position": {"minX": 579.5, "minY": 297.25, "maxX": 670.5, "maxY": 387.25}, "class_id": 0, "box_caption": "lao 0.041", "scores": {"class_score": 0.0411376953125}, "domain": "pixel"}, {"position": {"minX": 324.75, "minY": 9.75, "maxX": 393.25, "maxY": 72.3125}, "class_id": 0, "box_caption": "lao 0.041", "scores": {"class_score": 0.04095458984375}, "domain": "pixel"}, {"position": {"minX": 479.5, "minY": 60.96875, "maxX": 643.5, "maxY": 132.125}, "class_id": 0, "box_caption": "lao 0.041", "scores": {"class_score": 0.04095458984375}, "domain": "pixel"}, {"position": {"minX": 329.5, "minY": 209.0, "maxX": 538.0, "maxY": 318.0}, "class_id": 0, "box_caption": "lao 0.041", "scores": {"class_score": 0.040679931640625}, "domain": "pixel"}, {"position": {"minX": 425.25, "minY": 90.1875, "maxX": 532.5, "maxY": 162.0}, "class_id": 0, "box_caption": "lao 0.040", "scores": {"class_score": 0.039886474609375}, "domain": "pixel"}, {"position": {"minX": 74.4375, "minY": 52.46875, "maxX": 218.0, "maxY": 142.75}, "class_id": 0, "box_caption": "lao 0.040", "scores": {"class_score": 0.039825439453125}, "domain": "pixel"}, {"position": {"minX": 425.25, "minY": 90.1875, "maxX": 532.5, "maxY": 162.0}, "class_id": 1, "box_caption": "vn_1_line 0.038", "scores": {"class_score": 0.038238525390625}, "domain": "pixel"}, {"position": {"minX": -15.0, "minY": 84.625, "maxX": 151.25, "maxY": 194.125}, "class_id": 1, "box_caption": "vn_1_line 0.038", "scores": {"class_score": 0.0382080078125}, "domain": "pixel"}, {"position": {"minX": 102.1875, "minY": 177.875, "maxX": 325.25, "maxY": 281.75}, "class_id": 1, "box_caption": "vn_1_line 0.038", "scores": {"class_score": 0.038116455078125}, "domain": "pixel"}, {"position": {"minX": 521.5, "minY": 314.0, "maxX": 638.5, "maxY": 388.0}, "class_id": 1, "box_caption": "vn_1_line 0.038", "scores": {"class_score": 0.037872314453125}, "domain": "pixel"}, {"position": {"minX": 102.1875, "minY": 177.875, "maxX": 325.25, "maxY": 281.75}, "class_id": 0, "box_caption": "lao 0.038", "scores": {"class_score": 0.037872314453125}, "domain": "pixel"}, {"position": {"minX": 461.0, "minY": 65.75, "maxX": 659.0, "maxY": 189.25}, "class_id": 1, "box_caption": "vn_1_line 0.038", "scores": {"class_score": 0.037811279296875}, "domain": "pixel"}, {"position": {"minX": 167.0, "minY": 294.5, "maxX": 297.5, "maxY": 392.5}, "class_id": 0, "box_caption": "lao 0.038", "scores": {"class_score": 0.03778076171875}, "domain": "pixel"}, {"position": {"minX": 512.0, "minY": 29.25, "maxX": 668.0, "maxY": 127.0}, "class_id": 0, "box_caption": "lao 0.038", "scores": {"class_score": 0.03765869140625}, "domain": "pixel"}, {"position": {"minX": 13.9375, "minY": 227.25, "maxX": 227.5, "maxY": 349.75}, "class_id": 2, "box_caption": "vn_2_line 0.037", "scores": {"class_score": 0.036712646484375}, "domain": "pixel"}, {"position": {"minX": 145.625, "minY": 165.75, "maxX": 336.0, "maxY": 242.75}, "class_id": 0, "box_caption": "lao 0.037", "scores": {"class_score": 0.036590576171875}, "domain": "pixel"}, {"position": {"minX": 289.25, "minY": 183.75, "maxX": 518.0, "maxY": 280.5}, "class_id": 1, "box_caption": "vn_1_line 0.036", "scores": {"class_score": 0.03607177734375}, "domain": "pixel"}, {"position": {"minX": 356.75, "minY": 176.0, "maxX": 578.0, "maxY": 283.0}, "class_id": 1, "box_caption": "vn_1_line 0.036", "scores": {"class_score": 0.03607177734375}, "domain": "pixel"}, {"position": {"minX": 231.75, "minY": 36.875, "maxX": 268.25, "maxY": 69.6875}, "class_id": 2, "box_caption": "vn_2_line 0.035", "scores": {"class_score": 0.03509521484375}, "domain": "pixel"}, {"position": {"minX": 88.9375, "minY": 68.375, "maxX": 224.0, "maxY": 164.375}, "class_id": 0, "box_caption": "lao 0.035", "scores": {"class_score": 0.034942626953125}, "domain": "pixel"}, {"position": {"minX": -15.125, "minY": 295.75, "maxX": 166.5, "maxY": 389.25}, "class_id": 1, "box_caption": "vn_1_line 0.035", "scores": {"class_score": 0.0345458984375}, "domain": "pixel"}, {"position": {"minX": 44.5, "minY": 174.625, "maxX": 251.25, "maxY": 286.0}, "class_id": 1, "box_caption": "vn_1_line 0.034", "scores": {"class_score": 0.034088134765625}, "domain": "pixel"}, {"position": {"minX": 47.125, "minY": 136.5, "maxX": 251.125, "maxY": 254.25}, "class_id": 1, "box_caption": "vn_1_line 0.034", "scores": {"class_score": 0.03399658203125}, "domain": "pixel"}, {"position": {"minX": 209.75, "minY": 159.625, "maxX": 339.75, "maxY": 257.5}, "class_id": 1, "box_caption": "vn_1_line 0.034", "scores": {"class_score": 0.03375244140625}, "domain": "pixel"}, {"position": {"minX": 339.75, "minY": 160.75, "maxX": 521.0, "maxY": 241.5}, "class_id": 0, "box_caption": "lao 0.033", "scores": {"class_score": 0.03338623046875}, "domain": "pixel"}, {"position": {"minX": 539.5, "minY": 230.125, "maxX": 661.5, "maxY": 331.75}, "class_id": 0, "box_caption": "lao 0.033", "scores": {"class_score": 0.032623291015625}, "domain": "pixel"}, {"position": {"minX": 10.65625, "minY": -0.5, "maxX": 94.125, "maxY": 48.78125}, "class_id": 0, "box_caption": "lao 0.033", "scores": {"class_score": 0.032562255859375}, "domain": "pixel"}, {"position": {"minX": 440.75, "minY": 321.75, "maxX": 539.0, "maxY": 386.25}, "class_id": 1, "box_caption": "vn_1_line 0.032", "scores": {"class_score": 0.032196044921875}, "domain": "pixel"}, {"position": {"minX": 343.0, "minY": 219.25, "maxX": 471.5, "maxY": 319.75}, "class_id": 1, "box_caption": "vn_1_line 0.032", "scores": {"class_score": 0.032073974609375}, "domain": "pixel"}, {"position": {"minX": 508.0, "minY": 234.0, "maxX": 617.0, "maxY": 353.0}, "class_id": 0, "box_caption": "lao 0.031", "scores": {"class_score": 0.031463623046875}, "domain": "pixel"}, {"position": {"minX": 545.0, "minY": 142.875, "maxX": 695.0, "maxY": 262.0}, "class_id": 0, "box_caption": "lao 0.031", "scores": {"class_score": 0.031280517578125}, "domain": "pixel"}, {"position": {"minX": 459.0, "minY": 313.5, "maxX": 573.0, "maxY": 389.0}, "class_id": 1, "box_caption": "vn_1_line 0.031", "scores": {"class_score": 0.0310516357421875}, "domain": "pixel"}, {"position": {"minX": 334.5, "minY": 257.25, "maxX": 529.5, "maxY": 386.25}, "class_id": 0, "box_caption": "lao 0.031", "scores": {"class_score": 0.0310516357421875}, "domain": "pixel"}, {"position": {"minX": -19.625, "minY": 133.25, "maxX": 151.875, "maxY": 258.75}, "class_id": 1, "box_caption": "vn_1_line 0.031", "scores": {"class_score": 0.031005859375}, "domain": "pixel"}, {"position": {"minX": 208.75, "minY": 298.25, "maxX": 391.25, "maxY": 392.75}, "class_id": 1, "box_caption": "vn_1_line 0.031", "scores": {"class_score": 0.0305938720703125}, "domain": "pixel"}, {"position": {"minX": 490.0, "minY": 314.0, "maxX": 607.0, "maxY": 389.0}, "class_id": 1, "box_caption": "vn_1_line 0.030", "scores": {"class_score": 0.0301971435546875}, "domain": "pixel"}, {"position": {"minX": 580.0, "minY": 1.59375, "maxX": 654.0, "maxY": 57.90625}, "class_id": 0, "box_caption": "lao 0.030", "scores": {"class_score": 0.0301666259765625}, "domain": "pixel"}, {"position": {"minX": 111.4375, "minY": 301.0, "maxX": 293.0, "maxY": 390.5}, "class_id": 1, "box_caption": "vn_1_line 0.030", "scores": {"class_score": 0.02960205078125}, "domain": "pixel"}, {"position": {"minX": -10.5625, "minY": 170.25, "maxX": 188.5, "maxY": 288.75}, "class_id": 1, "box_caption": "vn_1_line 0.029", "scores": {"class_score": 0.0294647216796875}, "domain": "pixel"}, {"position": {"minX": 19.875, "minY": 99.25, "maxX": 212.875, "maxY": 218.5}, "class_id": 2, "box_caption": "vn_2_line 0.029", "scores": {"class_score": 0.0290985107421875}, "domain": "pixel"}, {"position": {"minX": 176.0, "minY": 259.75, "maxX": 390.5, "maxY": 380.25}, "class_id": 2, "box_caption": "vn_2_line 0.029", "scores": {"class_score": 0.029022216796875}, "domain": "pixel"}, {"position": {"minX": 13.4375, "minY": 210.375, "maxX": 148.75, "maxY": 337.5}, "class_id": 0, "box_caption": "lao 0.029", "scores": {"class_score": 0.0289154052734375}, "domain": "pixel"}, {"position": {"minX": 519.5, "minY": 311.75, "maxX": 635.5, "maxY": 389.75}, "class_id": 0, "box_caption": "lao 0.029", "scores": {"class_score": 0.0287322998046875}, "domain": "pixel"}, {"position": {"minX": 19.3125, "minY": 77.0, "maxX": 154.0, "maxY": 165.625}, "class_id": 1, "box_caption": "vn_1_line 0.028", "scores": {"class_score": 0.0282135009765625}, "domain": "pixel"}, {"position": {"minX": 285.5, "minY": 190.0, "maxX": 409.5, "maxY": 266.25}, "class_id": 1, "box_caption": "vn_1_line 0.028", "scores": {"class_score": 0.02813720703125}, "domain": "pixel"}, {"position": {"minX": 16.3125, "minY": 120.5, "maxX": 147.5, "maxY": 233.0}, "class_id": 0, "box_caption": "lao 0.028", "scores": {"class_score": 0.0280609130859375}, "domain": "pixel"}, {"position": {"minX": 315.75, "minY": 188.125, "maxX": 440.75, "maxY": 267.5}, "class_id": 1, "box_caption": "vn_1_line 0.028", "scores": {"class_score": 0.0280609130859375}, "domain": "pixel"}, {"position": {"minX": 75.625, "minY": 257.0, "maxX": 295.0, "maxY": 380.5}, "class_id": 2, "box_caption": "vn_2_line 0.028", "scores": {"class_score": 0.0279998779296875}, "domain": "pixel"}, {"position": {"minX": 418.25, "minY": 80.5, "maxX": 584.0, "maxY": 185.25}, "class_id": 2, "box_caption": "vn_2_line 0.028", "scores": {"class_score": 0.027984619140625}, "domain": "pixel"}, {"position": {"minX": 157.375, "minY": 151.75, "maxX": 276.0, "maxY": 252.75}, "class_id": 0, "box_caption": "lao 0.028", "scores": {"class_score": 0.02789306640625}, "domain": "pixel"}, {"position": {"minX": 502.0, "minY": 44.71875, "maxX": 662.0, "maxY": 152.875}, "class_id": 1, "box_caption": "vn_1_line 0.028", "scores": {"class_score": 0.0276336669921875}, "domain": "pixel"}, {"position": {"minX": 430.0, "minY": 132.25, "maxX": 629.0, "maxY": 256.5}, "class_id": 0, "box_caption": "lao 0.028", "scores": {"class_score": 0.0275421142578125}, "domain": "pixel"}, {"position": {"minX": 271.5, "minY": 299.0, "maxX": 449.5, "maxY": 392.5}, "class_id": 1, "box_caption": "vn_1_line 0.027", "scores": {"class_score": 0.0274810791015625}, "domain": "pixel"}, {"position": {"minX": 234.625, "minY": 248.5, "maxX": 374.5, "maxY": 366.5}, "class_id": 0, "box_caption": "lao 0.027", "scores": {"class_score": 0.027435302734375}, "domain": "pixel"}, {"position": {"minX": 248.5, "minY": 221.0, "maxX": 377.0, "maxY": 321.5}, "class_id": 1, "box_caption": "vn_1_line 0.027", "scores": {"class_score": 0.02740478515625}, "domain": "pixel"}, {"position": {"minX": 283.0, "minY": 246.25, "maxX": 422.0, "maxY": 367.25}, "class_id": 0, "box_caption": "lao 0.027", "scores": {"class_score": 0.02734375}, "domain": "pixel"}, {"position": {"minX": 250.0, "minY": 188.75, "maxX": 377.5, "maxY": 266.75}, "class_id": 1, "box_caption": "vn_1_line 0.027", "scores": {"class_score": 0.0272979736328125}, "domain": "pixel"}, {"position": {"minX": 412.25, "minY": 277.25, "maxX": 620.0, "maxY": 386.75}, "class_id": 1, "box_caption": "vn_1_line 0.027", "scores": {"class_score": 0.0272216796875}, "domain": "pixel"}, {"position": {"minX": 487.5, "minY": 311.25, "maxX": 604.5, "maxY": 390.25}, "class_id": 0, "box_caption": "lao 0.027", "scores": {"class_score": 0.02703857421875}, "domain": "pixel"}, {"position": {"minX": 24.4375, "minY": 199.375, "maxX": 208.0, "maxY": 318.5}, "class_id": 2, "box_caption": "vn_2_line 0.027", "scores": {"class_score": 0.0270233154296875}, "domain": "pixel"}, {"position": {"minX": 242.5, "minY": 157.375, "maxX": 371.5, "maxY": 259.5}, "class_id": 1, "box_caption": "vn_1_line 0.027", "scores": {"class_score": 0.0269927978515625}, "domain": "pixel"}, {"position": {"minX": 273.25, "minY": 169.875, "maxX": 462.25, "maxY": 234.125}, "class_id": 0, "box_caption": "lao 0.027", "scores": {"class_score": 0.0269775390625}, "domain": "pixel"}, {"position": {"minX": 455.75, "minY": 312.0, "maxX": 573.0, "maxY": 389.5}, "class_id": 0, "box_caption": "lao 0.027", "scores": {"class_score": 0.0269317626953125}, "domain": "pixel"}, {"position": {"minX": 199.5, "minY": 313.5, "maxX": 317.0, "maxY": 388.5}, "class_id": 0, "box_caption": "lao 0.027", "scores": {"class_score": 0.0268402099609375}, "domain": "pixel"}, {"position": {"minX": 520.5, "minY": 260.5, "maxX": 650.5, "maxY": 365.0}, "class_id": 0, "box_caption": "lao 0.027", "scores": {"class_score": 0.0267791748046875}, "domain": "pixel"}, {"position": {"minX": 188.625, "minY": 249.75, "maxX": 325.5, "maxY": 364.75}, "class_id": 0, "box_caption": "lao 0.027", "scores": {"class_score": 0.0267791748046875}, "domain": "pixel"}, {"position": {"minX": 238.25, "minY": 258.75, "maxX": 453.25, "maxY": 381.25}, "class_id": 2, "box_caption": "vn_2_line 0.027", "scores": {"class_score": 0.0267791748046875}, "domain": "pixel"}, {"position": {"minX": 430.0, "minY": 132.25, "maxX": 629.0, "maxY": 256.5}, "class_id": 1, "box_caption": "vn_1_line 0.027", "scores": {"class_score": 0.0266571044921875}, "domain": "pixel"}, {"position": {"minX": 60.75, "minY": 55.96875, "maxX": 215.5, "maxY": 161.0}, "class_id": 1, "box_caption": "vn_1_line 0.026", "scores": {"class_score": 0.0264129638671875}, "domain": "pixel"}, {"position": {"minX": 396.0, "minY": 167.75, "maxX": 599.5, "maxY": 287.75}, "class_id": 0, "box_caption": "lao 0.026", "scores": {"class_score": 0.0264129638671875}, "domain": "pixel"}, {"position": {"minX": 493.5, "minY": 218.0, "maxX": 695.5, "maxY": 352.5}, "class_id": 1, "box_caption": "vn_1_line 0.026", "scores": {"class_score": 0.0263824462890625}, "domain": "pixel"}, {"position": {"minX": 408.5, "minY": 96.375, "maxX": 593.5, "maxY": 218.875}, "class_id": 2, "box_caption": "vn_2_line 0.026", "scores": {"class_score": 0.026031494140625}, "domain": "pixel"}, {"position": {"minX": -8.9375, "minY": 288.75, "maxX": 101.0625, "maxY": 396.75}, "class_id": 2, "box_caption": "vn_2_line 0.026", "scores": {"class_score": 0.02593994140625}, "domain": "pixel"}, {"position": {"minX": 326.0, "minY": 161.5, "maxX": 414.5, "maxY": 205.0}, "class_id": 1, "box_caption": "vn_1_line 0.026", "scores": {"class_score": 0.02581787109375}, "domain": "pixel"}, {"position": {"minX": 219.5, "minY": 166.75, "maxX": 313.0, "maxY": 216.25}, "class_id": 1, "box_caption": "vn_1_line 0.026", "scores": {"class_score": 0.025787353515625}, "domain": "pixel"}, {"position": {"minX": 10.59375, "minY": 263.25, "maxX": 136.25, "maxY": 363.25}, "class_id": 0, "box_caption": "lao 0.025", "scores": {"class_score": 0.0253753662109375}, "domain": "pixel"}, {"position": {"minX": 344.25, "minY": 144.75, "maxX": 487.75, "maxY": 229.75}, "class_id": 1, "box_caption": "vn_1_line 0.025", "scores": {"class_score": 0.0252227783203125}, "domain": "pixel"}, {"position": {"minX": 55.125, "minY": 72.125, "maxX": 226.625, "maxY": 190.375}, "class_id": 2, "box_caption": "vn_2_line 0.025", "scores": {"class_score": 0.0252227783203125}, "domain": "pixel"}, {"position": {"minX": 261.5, "minY": 312.5, "maxX": 381.5, "maxY": 389.0}, "class_id": 0, "box_caption": "lao 0.025", "scores": {"class_score": 0.0251312255859375}, "domain": "pixel"}, {"position": {"minX": 17.4375, "minY": 130.5, "maxX": 220.25, "maxY": 255.0}, "class_id": 2, "box_caption": "vn_2_line 0.025", "scores": {"class_score": 0.0248260498046875}, "domain": "pixel"}, {"position": {"minX": 503.0, "minY": 55.71875, "maxX": 601.0, "maxY": 109.875}, "class_id": 1, "box_caption": "vn_1_line 0.025", "scores": {"class_score": 0.024566650390625}, "domain": "pixel"}, {"position": {"minX": 230.0, "minY": 312.25, "maxX": 349.5, "maxY": 388.75}, "class_id": 0, "box_caption": "lao 0.024", "scores": {"class_score": 0.024444580078125}, "domain": "pixel"}, {"position": {"minX": 463.25, "minY": 101.875, "maxX": 656.5, "maxY": 223.125}, "class_id": 1, "box_caption": "vn_1_line 0.024", "scores": {"class_score": 0.02435302734375}, "domain": "pixel"}, {"position": {"minX": 194.125, "minY": 161.5, "maxX": 302.25, "maxY": 246.75}, "class_id": 0, "box_caption": "lao 0.024", "scores": {"class_score": 0.024261474609375}, "domain": "pixel"}, {"position": {"minX": 275.75, "minY": 167.75, "maxX": 367.75, "maxY": 216.0}, "class_id": 1, "box_caption": "vn_1_line 0.024", "scores": {"class_score": 0.0241851806640625}, "domain": "pixel"}, {"position": {"minX": 59.4375, "minY": 247.75, "maxX": 198.5, "maxY": 368.25}, "class_id": 0, "box_caption": "lao 0.024", "scores": {"class_score": 0.0241851806640625}, "domain": "pixel"}, {"position": {"minX": 205.5, "minY": 174.625, "maxX": 399.5, "maxY": 237.125}, "class_id": 0, "box_caption": "lao 0.024", "scores": {"class_score": 0.02410888671875}, "domain": "pixel"}, {"position": {"minX": 355.25, "minY": 166.375, "maxX": 455.25, "maxY": 241.625}, "class_id": 0, "box_caption": "lao 0.024", "scores": {"class_score": 0.023895263671875}, "domain": "pixel"}, {"position": {"minX": 568.0, "minY": -7.0625, "maxX": 661.0, "maxY": 79.0625}, "class_id": 0, "box_caption": "lao 0.024", "scores": {"class_score": 0.023681640625}, "domain": "pixel"}, {"position": {"minX": 124.75, "minY": 232.25, "maxX": 261.25, "maxY": 349.25}, "class_id": 0, "box_caption": "lao 0.024", "scores": {"class_score": 0.02362060546875}, "domain": "pixel"}, {"position": {"minX": 463.25, "minY": 101.875, "maxX": 656.5, "maxY": 223.125}, "class_id": 0, "box_caption": "lao 0.024", "scores": {"class_score": 0.0235748291015625}, "domain": "pixel"}, {"position": {"minX": 223.125, "minY": 32.46875, "maxX": 265.0, "maxY": 81.75}, "class_id": 1, "box_caption": "vn_1_line 0.024", "scores": {"class_score": 0.0235595703125}, "domain": "pixel"}, {"position": {"minX": 92.75, "minY": 218.25, "maxX": 229.5, "maxY": 332.25}, "class_id": 0, "box_caption": "lao 0.023", "scores": {"class_score": 0.0233917236328125}, "domain": "pixel"}, {"position": {"minX": 52.90625, "minY": 314.0, "maxX": 176.0, "maxY": 389.0}, "class_id": 0, "box_caption": "lao 0.023", "scores": {"class_score": 0.02337646484375}, "domain": "pixel"}, {"position": {"minX": 216.0, "minY": 185.75, "maxX": 348.0, "maxY": 271.75}, "class_id": 1, "box_caption": "vn_1_line 0.023", "scores": {"class_score": 0.0232086181640625}, "domain": "pixel"}, {"position": {"minX": 79.5, "minY": 85.875, "maxX": 208.0, "maxY": 208.625}, "class_id": 0, "box_caption": "lao 0.023", "scores": {"class_score": 0.023162841796875}, "domain": "pixel"}, {"position": {"minX": 346.0, "minY": 185.5, "maxX": 471.0, "maxY": 272.75}, "class_id": 1, "box_caption": "vn_1_line 0.023", "scores": {"class_score": 0.0230255126953125}, "domain": "pixel"}, {"position": {"minX": 35.625, "minY": -7.921875, "maxX": 99.125, "maxY": 40.375}, "class_id": 0, "box_caption": "lao 0.023", "scores": {"class_score": 0.022918701171875}, "domain": "pixel"}, {"position": {"minX": 84.875, "minY": 298.75, "maxX": 202.375, "maxY": 384.75}, "class_id": 1, "box_caption": "vn_1_line 0.023", "scores": {"class_score": 0.0229034423828125}, "domain": "pixel"}, {"position": {"minX": 325.75, "minY": 181.5, "maxX": 548.5, "maxY": 282.0}, "class_id": 0, "box_caption": "lao 0.023", "scores": {"class_score": 0.0227203369140625}, "domain": "pixel"}, {"position": {"minX": 334.5, "minY": 257.25, "maxX": 529.5, "maxY": 386.25}, "class_id": 1, "box_caption": "vn_1_line 0.023", "scores": {"class_score": 0.0225982666015625}, "domain": "pixel"}, {"position": {"minX": 383.5, "minY": 157.875, "maxX": 489.5, "maxY": 245.375}, "class_id": 0, "box_caption": "lao 0.022", "scores": {"class_score": 0.0223236083984375}, "domain": "pixel"}, {"position": {"minX": -6.75, "minY": -11.78125, "maxX": 117.125, "maxY": 86.75}, "class_id": 0, "box_caption": "lao 0.022", "scores": {"class_score": 0.0223236083984375}, "domain": "pixel"}, {"position": {"minX": 326.25, "minY": 295.5, "maxX": 452.75, "maxY": 390.0}, "class_id": 0, "box_caption": "lao 0.022", "scores": {"class_score": 0.02227783203125}, "domain": "pixel"}, {"position": {"minX": 150.375, "minY": 314.75, "maxX": 269.0, "maxY": 387.75}, "class_id": 0, "box_caption": "lao 0.022", "scores": {"class_score": 0.0221405029296875}, "domain": "pixel"}, {"position": {"minX": 368.0, "minY": 231.875, "maxX": 557.0, "maxY": 357.25}, "class_id": 1, "box_caption": "vn_1_line 0.022", "scores": {"class_score": 0.02197265625}, "domain": "pixel"}, {"position": {"minX": 555.0, "minY": 313.75, "maxX": 666.0, "maxY": 389.75}, "class_id": 1, "box_caption": "vn_1_line 0.022", "scores": {"class_score": 0.021942138671875}, "domain": "pixel"}, {"position": {"minX": 440.0, "minY": 318.75, "maxX": 540.0, "maxY": 387.25}, "class_id": 0, "box_caption": "lao 0.022", "scores": {"class_score": 0.02191162109375}, "domain": "pixel"}, {"position": {"minX": 83.8125, "minY": 313.25, "maxX": 206.5, "maxY": 389.25}, "class_id": 0, "box_caption": "lao 0.022", "scores": {"class_score": 0.0218963623046875}, "domain": "pixel"}, {"position": {"minX": 89.125, "minY": 92.625, "maxX": 240.375, "maxY": 194.375}, "class_id": 1, "box_caption": "vn_1_line 0.022", "scores": {"class_score": 0.021881103515625}, "domain": "pixel"}, {"position": {"minX": 527.0, "minY": 248.25, "maxX": 694.0, "maxY": 385.25}, "class_id": 1, "box_caption": "vn_1_line 0.022", "scores": {"class_score": 0.0216064453125}, "domain": "pixel"}, {"position": {"minX": 377.25, "minY": 183.0, "maxX": 503.75, "maxY": 274.0}, "class_id": 1, "box_caption": "vn_1_line 0.022", "scores": {"class_score": 0.021514892578125}, "domain": "pixel"}, {"position": {"minX": 120.375, "minY": 144.25, "maxX": 245.125, "maxY": 253.75}, "class_id": 1, "box_caption": "vn_1_line 0.021", "scores": {"class_score": 0.0214996337890625}, "domain": "pixel"}, {"position": {"minX": 221.875, "minY": 36.125, "maxX": 255.625, "maxY": 72.5}, "class_id": 2, "box_caption": "vn_2_line 0.021", "scores": {"class_score": 0.021270751953125}, "domain": "pixel"}, {"position": {"minX": 493.5, "minY": 296.0, "maxX": 678.5, "maxY": 388.0}, "class_id": 0, "box_caption": "lao 0.021", "scores": {"class_score": 0.021270751953125}, "domain": "pixel"}, {"position": {"minX": 551.5, "minY": 169.375, "maxX": 668.5, "maxY": 283.5}, "class_id": 0, "box_caption": "lao 0.021", "scores": {"class_score": 0.0211181640625}, "domain": "pixel"}, {"position": {"minX": 526.0, "minY": 251.75, "maxX": 659.0, "maxY": 394.25}, "class_id": 2, "box_caption": "vn_2_line 0.021", "scores": {"class_score": 0.0211181640625}, "domain": "pixel"}, {"position": {"minX": 31.125, "minY": 58.9375, "maxX": 191.125, "maxY": 164.75}, "class_id": 2, "box_caption": "vn_2_line 0.021", "scores": {"class_score": 0.0209808349609375}, "domain": "pixel"}, {"position": {"minX": 196.375, "minY": 165.625, "maxX": 290.0, "maxY": 217.875}, "class_id": 1, "box_caption": "vn_1_line 0.021", "scores": {"class_score": 0.020843505859375}, "domain": "pixel"}, {"position": {"minX": 160.625, "minY": 182.125, "maxX": 393.5, "maxY": 279.5}, "class_id": 0, "box_caption": "lao 0.021", "scores": {"class_score": 0.0207977294921875}, "domain": "pixel"}, {"position": {"minX": 120.375, "minY": 144.25, "maxX": 245.125, "maxY": 253.75}, "class_id": 0, "box_caption": "lao 0.021", "scores": {"class_score": 0.02069091796875}, "domain": "pixel"}, {"position": {"minX": 564.5, "minY": -0.375, "maxX": 685.5, "maxY": 103.875}, "class_id": 2, "box_caption": "vn_2_line 0.021", "scores": {"class_score": 0.02069091796875}, "domain": "pixel"}, {"position": {"minX": 571.0, "minY": 290.0, "maxX": 676.0, "maxY": 389.0}, "class_id": 2, "box_caption": "vn_2_line 0.021", "scores": {"class_score": 0.02056884765625}, "domain": "pixel"}, {"position": {"minX": 61.875, "minY": 60.5, "maxX": 169.0, "maxY": 154.0}, "class_id": 0, "box_caption": "lao 0.020", "scores": {"class_score": 0.0204620361328125}, "domain": "pixel"}, {"position": {"minX": 293.75, "minY": 313.75, "maxX": 413.75, "maxY": 387.75}, "class_id": 0, "box_caption": "lao 0.020", "scores": {"class_score": 0.0204620361328125}, "domain": "pixel"}, {"position": {"minX": 230.5, "minY": 170.75, "maxX": 331.0, "maxY": 243.25}, "class_id": 0, "box_caption": "lao 0.020", "scores": {"class_score": 0.0204315185546875}, "domain": "pixel"}, {"position": {"minX": 431.5, "minY": 166.5, "maxX": 631.5, "maxY": 291.75}, "class_id": 1, "box_caption": "vn_1_line 0.020", "scores": {"class_score": 0.0204010009765625}, "domain": "pixel"}, {"position": {"minX": 405.5, "minY": 177.75, "maxX": 536.0, "maxY": 275.0}, "class_id": 1, "box_caption": "vn_1_line 0.020", "scores": {"class_score": 0.0200958251953125}, "domain": "pixel"}, {"position": {"minX": 210.375, "minY": 31.25, "maxX": 281.25, "maxY": 87.5}, "class_id": 0, "box_caption": "lao 0.020", "scores": {"class_score": 0.0197296142578125}, "domain": "pixel"}, {"position": {"minX": 325.25, "minY": 170.0, "maxX": 425.25, "maxY": 241.0}, "class_id": 0, "box_caption": "lao 0.019", "scores": {"class_score": 0.0194549560546875}, "domain": "pixel"}, {"position": {"minX": 31.75, "minY": 190.875, "maxX": 163.75, "maxY": 300.0}, "class_id": 0, "box_caption": "lao 0.019", "scores": {"class_score": 0.019439697265625}, "domain": "pixel"}, {"position": {"minX": 181.75, "minY": 212.5, "maxX": 312.25, "maxY": 325.5}, "class_id": 0, "box_caption": "lao 0.019", "scores": {"class_score": 0.019439697265625}, "domain": "pixel"}, {"position": {"minX": 184.125, "minY": 301.25, "maxX": 299.5, "maxY": 383.75}, "class_id": 1, "box_caption": "vn_1_line 0.019", "scores": {"class_score": 0.019439697265625}, "domain": "pixel"}, {"position": {"minX": 368.0, "minY": 231.875, "maxX": 557.0, "maxY": 357.25}, "class_id": 0, "box_caption": "lao 0.019", "scores": {"class_score": 0.01934814453125}, "domain": "pixel"}, {"position": {"minX": 319.5, "minY": 27.078125, "maxX": 383.5, "maxY": 78.25}, "class_id": 0, "box_caption": "lao 0.019", "scores": {"class_score": 0.0193023681640625}, "domain": "pixel"}, {"position": {"minX": 47.25, "minY": 117.4375, "maxX": 179.25, "maxY": 236.25}, "class_id": 0, "box_caption": "lao 0.019", "scores": {"class_score": 0.0190887451171875}, "domain": "pixel"}, {"position": {"minX": 391.25, "minY": 115.75, "maxX": 553.0, "maxY": 213.0}, "class_id": 2, "box_caption": "vn_2_line 0.019", "scores": {"class_score": 0.0190887451171875}, "domain": "pixel"}, {"position": {"minX": 556.0, "minY": 246.75, "maxX": 673.0, "maxY": 345.25}, "class_id": 0, "box_caption": "lao 0.019", "scores": {"class_score": 0.0189056396484375}, "domain": "pixel"}, {"position": {"minX": 25.8125, "minY": -6.6875, "maxX": 120.1875, "maxY": 64.375}, "class_id": 0, "box_caption": "lao 0.019", "scores": {"class_score": 0.018798828125}, "domain": "pixel"}, {"position": {"minX": 107.125, "minY": 227.625, "maxX": 318.0, "maxY": 353.75}, "class_id": 2, "box_caption": "vn_2_line 0.019", "scores": {"class_score": 0.0187835693359375}, "domain": "pixel"}, {"position": {"minX": 316.0, "minY": 225.125, "maxX": 440.5, "maxY": 322.0}, "class_id": 0, "box_caption": "lao 0.019", "scores": {"class_score": 0.018768310546875}, "domain": "pixel"}, {"position": {"minX": 297.0, "minY": 253.5, "maxX": 507.5, "maxY": 384.5}, "class_id": 2, "box_caption": "vn_2_line 0.019", "scores": {"class_score": 0.0186004638671875}, "domain": "pixel"}, {"position": {"minX": 419.0, "minY": 301.0, "maxX": 575.0, "maxY": 395.0}, "class_id": 1, "box_caption": "vn_1_line 0.019", "scores": {"class_score": 0.0186004638671875}, "domain": "pixel"}, {"position": {"minX": 60.625, "minY": 214.5, "maxX": 197.375, "maxY": 335.0}, "class_id": 0, "box_caption": "lao 0.018", "scores": {"class_score": 0.01849365234375}, "domain": "pixel"}, {"position": {"minX": 116.625, "minY": 313.75, "maxX": 238.625, "maxY": 388.75}, "class_id": 0, "box_caption": "lao 0.018", "scores": {"class_score": 0.018402099609375}, "domain": "pixel"}, {"position": {"minX": 155.0, "minY": 246.875, "maxX": 294.0, "maxY": 367.0}, "class_id": 0, "box_caption": "lao 0.018", "scores": {"class_score": 0.0183868408203125}, "domain": "pixel"}, {"position": {"minX": 463.5, "minY": 274.5, "maxX": 596.5, "maxY": 399.0}, "class_id": 2, "box_caption": "vn_2_line 0.018", "scores": {"class_score": 0.017822265625}, "domain": "pixel"}, {"position": {"minX": 25.5625, "minY": 248.75, "maxX": 154.0, "maxY": 347.25}, "class_id": 0, "box_caption": "lao 0.018", "scores": {"class_score": 0.01776123046875}, "domain": "pixel"}, {"position": {"minX": 462.0, "minY": 294.5, "maxX": 648.0, "maxY": 390.0}, "class_id": 1, "box_caption": "vn_1_line 0.018", "scores": {"class_score": 0.01776123046875}, "domain": "pixel"}, {"position": {"minX": 436.0, "minY": 78.75, "maxX": 554.0, "maxY": 149.625}, "class_id": 1, "box_caption": "vn_1_line 0.018", "scores": {"class_score": 0.0176849365234375}, "domain": "pixel"}, {"position": {"minX": 507.0, "minY": 172.375, "maxX": 697.0, "maxY": 289.5}, "class_id": 1, "box_caption": "vn_1_line 0.018", "scores": {"class_score": 0.017669677734375}, "domain": "pixel"}, {"position": {"minX": 397.5, "minY": 202.5, "maxX": 593.5, "maxY": 322.5}, "class_id": 1, "box_caption": "vn_1_line 0.018", "scores": {"class_score": 0.01763916015625}, "domain": "pixel"}], "class_labels": {"0": "lao", "1": "vn_1_line", "2": "vn_2_line"}}