{"box_data": [{"position": {"minX": 309.75, "minY": 45.78125, "maxX": 367.75, "maxY": 108.375}, "class_id": 0, "box_caption": "lao 0.583", "scores": {"class_score": 0.58349609375}, "domain": "pixel"}, {"position": {"minX": 321.0, "minY": 205.0, "maxX": 377.0, "maxY": 234.75}, "class_id": 1, "box_caption": "vn_1_line 0.319", "scores": {"class_score": 0.318603515625}, "domain": "pixel"}, {"position": {"minX": 388.75, "minY": 315.5, "maxX": 492.25, "maxY": 376.0}, "class_id": 1, "box_caption": "vn_1_line 0.227", "scores": {"class_score": 0.2269287109375}, "domain": "pixel"}, {"position": {"minX": 420.0, "minY": 318.25, "maxX": 524.0, "maxY": 375.75}, "class_id": 1, "box_caption": "vn_1_line 0.208", "scores": {"class_score": 0.2081298828125}, "domain": "pixel"}, {"position": {"minX": 356.75, "minY": 309.75, "maxX": 463.25, "maxY": 375.25}, "class_id": 1, "box_caption": "vn_1_line 0.206", "scores": {"class_score": 0.2056884765625}, "domain": "pixel"}, {"position": {"minX": 482.75, "minY": 323.75, "maxX": 583.5, "maxY": 368.25}, "class_id": 1, "box_caption": "vn_1_line 0.190", "scores": {"class_score": 0.18994140625}, "domain": "pixel"}, {"position": {"minX": 512.5, "minY": 321.25, "maxX": 604.5, "maxY": 361.75}, "class_id": 1, "box_caption": "vn_1_line 0.187", "scores": {"class_score": 0.187255859375}, "domain": "pixel"}, {"position": {"minX": 452.0, "minY": 320.75, "maxX": 555.0, "maxY": 373.25}, "class_id": 1, "box_caption": "vn_1_line 0.184", "scores": {"class_score": 0.1844482421875}, "domain": "pixel"}, {"position": {"minX": 320.5, "minY": 303.0, "maxX": 432.5, "maxY": 377.0}, "class_id": 1, "box_caption": "vn_1_line 0.180", "scores": {"class_score": 0.180419921875}, "domain": "pixel"}, {"position": {"minX": 545.0, "minY": 319.0, "maxX": 637.0, "maxY": 357.5}, "class_id": 1, "box_caption": "vn_1_line 0.160", "scores": {"class_score": 0.160400390625}, "domain": "pixel"}, {"position": {"minX": -15.0, "minY": 117.125, "maxX": 146.75, "maxY": 229.625}, "class_id": 0, "box_caption": "lao 0.158", "scores": {"class_score": 0.1580810546875}, "domain": "pixel"}, {"position": {"minX": -18.9375, "minY": 228.5, "maxX": 148.75, "maxY": 343.5}, "class_id": 0, "box_caption": "lao 0.147", "scores": {"class_score": 0.146728515625}, "domain": "pixel"}, {"position": {"minX": 119.25, "minY": 234.0, "maxX": 304.25, "maxY": 352.0}, "class_id": 0, "box_caption": "lao 0.143", "scores": {"class_score": 0.1429443359375}, "domain": "pixel"}, {"position": {"minX": 312.0, "minY": 63.75, "maxX": 381.0, "maxY": 106.75}, "class_id": 0, "box_caption": "lao 0.139", "scores": {"class_score": 0.139404296875}, "domain": "pixel"}, {"position": {"minX": 307.5, "minY": 201.75, "maxX": 379.5, "maxY": 240.75}, "class_id": 1, "box_caption": "vn_1_line 0.137", "scores": {"class_score": 0.1373291015625}, "domain": "pixel"}, {"position": {"minX": 309.75, "minY": 206.25, "maxX": 372.25, "maxY": 236.75}, "class_id": 0, "box_caption": "lao 0.126", "scores": {"class_score": 0.1258544921875}, "domain": "pixel"}, {"position": {"minX": 571.0, "minY": 313.75, "maxX": 649.0, "maxY": 351.25}, "class_id": 1, "box_caption": "vn_1_line 0.125", "scores": {"class_score": 0.125244140625}, "domain": "pixel"}, {"position": {"minX": 251.875, "minY": 277.75, "maxX": 355.5, "maxY": 347.25}, "class_id": 1, "box_caption": "vn_1_line 0.123", "scores": {"class_score": 0.123291015625}, "domain": "pixel"}, {"position": {"minX": 566.0, "minY": 308.5, "maxX": 659.0, "maxY": 343.0}, "class_id": 1, "box_caption": "vn_1_line 0.122", "scores": {"class_score": 0.12200927734375}, "domain": "pixel"}, {"position": {"minX": 326.0, "minY": 297.0, "maxX": 421.5, "maxY": 344.5}, "class_id": 1, "box_caption": "vn_1_line 0.121", "scores": {"class_score": 0.1212158203125}, "domain": "pixel"}, {"position": {"minX": -28.25, "minY": 197.125, "maxX": 159.0, "maxY": 319.0}, "class_id": 2, "box_caption": "vn_2_line 0.119", "scores": {"class_score": 0.1190185546875}, "domain": "pixel"}, {"position": {"minX": -18.75, "minY": 137.125, "maxX": 152.125, "maxY": 252.875}, "class_id": 2, "box_caption": "vn_2_line 0.118", "scores": {"class_score": 0.117919921875}, "domain": "pixel"}, {"position": {"minX": -28.25, "minY": 197.125, "maxX": 159.0, "maxY": 319.0}, "class_id": 0, "box_caption": "lao 0.114", "scores": {"class_score": 0.1142578125}, "domain": "pixel"}, {"position": {"minX": 335.5, "minY": 316.25, "maxX": 535.0, "maxY": 375.75}, "class_id": 1, "box_caption": "vn_1_line 0.114", "scores": {"class_score": 0.113525390625}, "domain": "pixel"}, {"position": {"minX": -23.8125, "minY": 163.0, "maxX": 156.75, "maxY": 285.75}, "class_id": 2, "box_caption": "vn_2_line 0.113", "scores": {"class_score": 0.1134033203125}, "domain": "pixel"}, {"position": {"minX": 474.75, "minY": 23.3125, "maxX": 550.0, "maxY": 107.9375}, "class_id": 2, "box_caption": "vn_2_line 0.112", "scores": {"class_score": 0.111572265625}, "domain": "pixel"}, {"position": {"minX": 273.25, "minY": 301.25, "maxX": 471.75, "maxY": 376.75}, "class_id": 1, "box_caption": "vn_1_line 0.106", "scores": {"class_score": 0.10595703125}, "domain": "pixel"}, {"position": {"minX": -23.8125, "minY": 163.0, "maxX": 156.75, "maxY": 285.75}, "class_id": 0, "box_caption": "lao 0.098", "scores": {"class_score": 0.09783935546875}, "domain": "pixel"}, {"position": {"minX": 283.75, "minY": 296.5, "maxX": 407.25, "maxY": 375.0}, "class_id": 1, "box_caption": "vn_1_line 0.096", "scores": {"class_score": 0.0955810546875}, "domain": "pixel"}, {"position": {"minX": 39.65625, "minY": 113.125, "maxX": 147.875, "maxY": 196.875}, "class_id": 1, "box_caption": "vn_1_line 0.095", "scores": {"class_score": 0.09527587890625}, "domain": "pixel"}, {"position": {"minX": 69.0, "minY": 114.625, "maxX": 178.25, "maxY": 193.625}, "class_id": 1, "box_caption": "vn_1_line 0.093", "scores": {"class_score": 0.09295654296875}, "domain": "pixel"}, {"position": {"minX": 217.0, "minY": 269.75, "maxX": 332.0, "maxY": 350.25}, "class_id": 1, "box_caption": "vn_1_line 0.092", "scores": {"class_score": 0.0919189453125}, "domain": "pixel"}, {"position": {"minX": 316.0, "minY": 53.28125, "maxX": 372.0, "maxY": 96.875}, "class_id": 0, "box_caption": "lao 0.089", "scores": {"class_score": 0.08856201171875}, "domain": "pixel"}, {"position": {"minX": 330.0, "minY": 193.75, "maxX": 389.0, "maxY": 236.75}, "class_id": 1, "box_caption": "vn_1_line 0.088", "scores": {"class_score": 0.08831787109375}, "domain": "pixel"}, {"position": {"minX": 399.5, "minY": 320.25, "maxX": 596.5, "maxY": 375.75}, "class_id": 1, "box_caption": "vn_1_line 0.086", "scores": {"class_score": 0.08587646484375}, "domain": "pixel"}, {"position": {"minX": 16.5625, "minY": 121.3125, "maxX": 213.75, "maxY": 224.25}, "class_id": 1, "box_caption": "vn_1_line 0.084", "scores": {"class_score": 0.083984375}, "domain": "pixel"}, {"position": {"minX": 143.0, "minY": 276.5, "maxX": 346.5, "maxY": 379.5}, "class_id": 1, "box_caption": "vn_1_line 0.082", "scores": {"class_score": 0.08209228515625}, "domain": "pixel"}, {"position": {"minX": 87.1875, "minY": 120.125, "maxX": 253.0, "maxY": 222.625}, "class_id": 0, "box_caption": "lao 0.082", "scores": {"class_score": 0.08154296875}, "domain": "pixel"}, {"position": {"minX": -18.9375, "minY": 228.5, "maxX": 148.75, "maxY": 343.5}, "class_id": 2, "box_caption": "vn_2_line 0.081", "scores": {"class_score": 0.0806884765625}, "domain": "pixel"}, {"position": {"minX": -17.25, "minY": 135.25, "maxX": 193.75, "maxY": 255.5}, "class_id": 0, "box_caption": "lao 0.080", "scores": {"class_score": 0.0802001953125}, "domain": "pixel"}, {"position": {"minX": 203.125, "minY": 280.5, "maxX": 388.5, "maxY": 346.5}, "class_id": 1, "box_caption": "vn_1_line 0.079", "scores": {"class_score": 0.0794677734375}, "domain": "pixel"}, {"position": {"minX": -3.25, "minY": 115.875, "maxX": 178.0, "maxY": 195.375}, "class_id": 1, "box_caption": "vn_1_line 0.076", "scores": {"class_score": 0.076416015625}, "domain": "pixel"}, {"position": {"minX": 188.5, "minY": 281.25, "maxX": 311.5, "maxY": 367.25}, "class_id": 1, "box_caption": "vn_1_line 0.071", "scores": {"class_score": 0.0712890625}, "domain": "pixel"}, {"position": {"minX": 306.5, "minY": 41.125, "maxX": 372.0, "maxY": 111.625}, "class_id": 2, "box_caption": "vn_2_line 0.071", "scores": {"class_score": 0.07073974609375}, "domain": "pixel"}, {"position": {"minX": -14.8125, "minY": 140.5, "maxX": 115.8125, "maxY": 248.5}, "class_id": 0, "box_caption": "lao 0.068", "scores": {"class_score": 0.0675048828125}, "domain": "pixel"}, {"position": {"minX": 143.125, "minY": 259.75, "maxX": 334.0, "maxY": 352.25}, "class_id": 1, "box_caption": "vn_1_line 0.067", "scores": {"class_score": 0.0670166015625}, "domain": "pixel"}, {"position": {"minX": 80.5, "minY": 138.25, "maxX": 266.5, "maxY": 253.25}, "class_id": 0, "box_caption": "lao 0.067", "scores": {"class_score": 0.0667724609375}, "domain": "pixel"}, {"position": {"minX": 131.5, "minY": 249.875, "maxX": 258.5, "maxY": 363.75}, "class_id": 0, "box_caption": "lao 0.065", "scores": {"class_score": 0.0654296875}, "domain": "pixel"}, {"position": {"minX": 291.5, "minY": 285.25, "maxX": 392.5, "maxY": 345.25}, "class_id": 1, "box_caption": "vn_1_line 0.065", "scores": {"class_score": 0.06475830078125}, "domain": "pixel"}, {"position": {"minX": 16.5625, "minY": 121.3125, "maxX": 213.75, "maxY": 224.25}, "class_id": 0, "box_caption": "lao 0.062", "scores": {"class_score": 0.061920166015625}, "domain": "pixel"}, {"position": {"minX": -4.65625, "minY": 127.6875, "maxX": 98.75, "maxY": 212.0}, "class_id": 0, "box_caption": "lao 0.061", "scores": {"class_score": 0.061065673828125}, "domain": "pixel"}, {"position": {"minX": 362.75, "minY": 302.5, "maxX": 447.75, "maxY": 344.0}, "class_id": 1, "box_caption": "vn_1_line 0.060", "scores": {"class_score": 0.059814453125}, "domain": "pixel"}, {"position": {"minX": 59.4375, "minY": 116.0, "maxX": 237.75, "maxY": 196.0}, "class_id": 1, "box_caption": "vn_1_line 0.059", "scores": {"class_score": 0.05908203125}, "domain": "pixel"}, {"position": {"minX": -4.84375, "minY": 230.375, "maxX": 112.875, "maxY": 323.5}, "class_id": 0, "box_caption": "lao 0.058", "scores": {"class_score": 0.0577392578125}, "domain": "pixel"}, {"position": {"minX": 484.0, "minY": 311.25, "maxX": 590.0, "maxY": 355.75}, "class_id": 1, "box_caption": "vn_1_line 0.058", "scores": {"class_score": 0.057647705078125}, "domain": "pixel"}, {"position": {"minX": 206.0, "minY": 280.0, "maxX": 412.0, "maxY": 381.0}, "class_id": 1, "box_caption": "vn_1_line 0.057", "scores": {"class_score": 0.05694580078125}, "domain": "pixel"}, {"position": {"minX": 118.625, "minY": 264.5, "maxX": 317.0, "maxY": 380.5}, "class_id": 0, "box_caption": "lao 0.055", "scores": {"class_score": 0.05517578125}, "domain": "pixel"}, {"position": {"minX": 60.375, "minY": 124.75, "maxX": 179.75, "maxY": 222.0}, "class_id": 1, "box_caption": "vn_1_line 0.054", "scores": {"class_score": 0.054168701171875}, "domain": "pixel"}, {"position": {"minX": -15.96875, "minY": 190.5, "maxX": 115.625, "maxY": 295.0}, "class_id": 0, "box_caption": "lao 0.054", "scores": {"class_score": 0.053985595703125}, "domain": "pixel"}, {"position": {"minX": 159.0, "minY": 274.0, "maxX": 285.0, "maxY": 365.0}, "class_id": 1, "box_caption": "vn_1_line 0.054", "scores": {"class_score": 0.053680419921875}, "domain": "pixel"}, {"position": {"minX": 12.875, "minY": 140.625, "maxX": 224.625, "maxY": 255.625}, "class_id": 1, "box_caption": "vn_1_line 0.054", "scores": {"class_score": 0.053558349609375}, "domain": "pixel"}, {"position": {"minX": 52.125, "minY": -0.5078125, "maxX": 99.875, "maxY": 29.3125}, "class_id": 0, "box_caption": "lao 0.050", "scores": {"class_score": 0.05047607421875}, "domain": "pixel"}, {"position": {"minX": 266.0, "minY": 294.75, "maxX": 461.0, "maxY": 346.75}, "class_id": 1, "box_caption": "vn_1_line 0.050", "scores": {"class_score": 0.05010986328125}, "domain": "pixel"}, {"position": {"minX": 474.0, "minY": 11.40625, "maxX": 553.0, "maxY": 97.875}, "class_id": 0, "box_caption": "lao 0.050", "scores": {"class_score": 0.050079345703125}, "domain": "pixel"}, {"position": {"minX": 468.5, "minY": 315.25, "maxX": 635.5, "maxY": 367.25}, "class_id": 1, "box_caption": "vn_1_line 0.047", "scores": {"class_score": 0.04736328125}, "domain": "pixel"}, {"position": {"minX": 112.25, "minY": 147.75, "maxX": 241.25, "maxY": 244.5}, "class_id": 0, "box_caption": "lao 0.047", "scores": {"class_score": 0.04718017578125}, "domain": "pixel"}, {"position": {"minX": -15.0, "minY": 117.125, "maxX": 146.75, "maxY": 229.625}, "class_id": 1, "box_caption": "vn_1_line 0.047", "scores": {"class_score": 0.0467529296875}, "domain": "pixel"}, {"position": {"minX": 89.6875, "minY": 272.5, "maxX": 283.0, "maxY": 373.0}, "class_id": 1, "box_caption": "vn_1_line 0.047", "scores": {"class_score": 0.046722412109375}, "domain": "pixel"}, {"position": {"minX": -18.9375, "minY": 228.5, "maxX": 148.75, "maxY": 343.5}, "class_id": 1, "box_caption": "vn_1_line 0.047", "scores": {"class_score": 0.046630859375}, "domain": "pixel"}, {"position": {"minX": 31.8125, "minY": 274.5, "maxX": 202.5, "maxY": 372.5}, "class_id": 1, "box_caption": "vn_1_line 0.045", "scores": {"class_score": 0.044677734375}, "domain": "pixel"}, {"position": {"minX": 89.875, "minY": 204.5, "maxX": 275.5, "maxY": 320.0}, "class_id": 0, "box_caption": "lao 0.042", "scores": {"class_score": 0.0423583984375}, "domain": "pixel"}, {"position": {"minX": 293.5, "minY": 312.5, "maxX": 389.0, "maxY": 380.0}, "class_id": 1, "box_caption": "vn_1_line 0.042", "scores": {"class_score": 0.04229736328125}, "domain": "pixel"}, {"position": {"minX": 321.75, "minY": 198.375, "maxX": 382.25, "maxY": 238.125}, "class_id": 0, "box_caption": "lao 0.042", "scores": {"class_score": 0.042144775390625}, "domain": "pixel"}, {"position": {"minX": 178.0, "minY": 257.0, "maxX": 306.75, "maxY": 353.5}, "class_id": 0, "box_caption": "lao 0.042", "scores": {"class_score": 0.0416259765625}, "domain": "pixel"}, {"position": {"minX": 324.5, "minY": 316.5, "maxX": 453.0, "maxY": 389.5}, "class_id": 1, "box_caption": "vn_1_line 0.041", "scores": {"class_score": 0.041351318359375}, "domain": "pixel"}, {"position": {"minX": 172.5, "minY": 274.5, "maxX": 378.5, "maxY": 381.5}, "class_id": 0, "box_caption": "lao 0.041", "scores": {"class_score": 0.041168212890625}, "domain": "pixel"}, {"position": {"minX": -23.8125, "minY": 163.0, "maxX": 156.75, "maxY": 285.75}, "class_id": 1, "box_caption": "vn_1_line 0.041", "scores": {"class_score": 0.0411376953125}, "domain": "pixel"}, {"position": {"minX": 305.75, "minY": 48.125, "maxX": 375.75, "maxY": 88.375}, "class_id": 0, "box_caption": "lao 0.041", "scores": {"class_score": 0.0406494140625}, "domain": "pixel"}, {"position": {"minX": 534.0, "minY": 310.5, "maxX": 633.0, "maxY": 349.5}, "class_id": 1, "box_caption": "vn_1_line 0.040", "scores": {"class_score": 0.040496826171875}, "domain": "pixel"}, {"position": {"minX": 97.6875, "minY": 282.5, "maxX": 217.25, "maxY": 357.5}, "class_id": 1, "box_caption": "vn_1_line 0.040", "scores": {"class_score": 0.03955078125}, "domain": "pixel"}, {"position": {"minX": -28.25, "minY": 197.125, "maxX": 159.0, "maxY": 319.0}, "class_id": 1, "box_caption": "vn_1_line 0.039", "scores": {"class_score": 0.039154052734375}, "domain": "pixel"}, {"position": {"minX": 311.25, "minY": 54.0625, "maxX": 368.75, "maxY": 101.4375}, "class_id": 2, "box_caption": "vn_2_line 0.039", "scores": {"class_score": 0.03887939453125}, "domain": "pixel"}, {"position": {"minX": 62.28125, "minY": 282.25, "maxX": 185.25, "maxY": 358.75}, "class_id": 1, "box_caption": "vn_1_line 0.039", "scores": {"class_score": 0.03851318359375}, "domain": "pixel"}, {"position": {"minX": 248.0, "minY": 285.0, "maxX": 375.0, "maxY": 370.5}, "class_id": 1, "box_caption": "vn_1_line 0.039", "scores": {"class_score": 0.03851318359375}, "domain": "pixel"}, {"position": {"minX": 83.6875, "minY": 167.25, "maxX": 270.0, "maxY": 286.5}, "class_id": 0, "box_caption": "lao 0.038", "scores": {"class_score": 0.0384521484375}, "domain": "pixel"}, {"position": {"minX": 132.375, "minY": 227.25, "maxX": 257.5, "maxY": 326.75}, "class_id": 0, "box_caption": "lao 0.038", "scores": {"class_score": 0.03759765625}, "domain": "pixel"}, {"position": {"minX": 87.1875, "minY": 120.125, "maxX": 253.0, "maxY": 222.625}, "class_id": 1, "box_caption": "vn_1_line 0.037", "scores": {"class_score": 0.037109375}, "domain": "pixel"}, {"position": {"minX": -1.4296875, "minY": 4.6015625, "maxX": 21.8125, "maxY": 25.71875}, "class_id": 0, "box_caption": "lao 0.036", "scores": {"class_score": 0.036224365234375}, "domain": "pixel"}, {"position": {"minX": 80.5, "minY": 138.25, "maxX": 266.5, "maxY": 253.25}, "class_id": 1, "box_caption": "vn_1_line 0.036", "scores": {"class_score": 0.036041259765625}, "domain": "pixel"}, {"position": {"minX": -1.375, "minY": 248.25, "maxX": 96.875, "maxY": 339.25}, "class_id": 0, "box_caption": "lao 0.036", "scores": {"class_score": 0.03570556640625}, "domain": "pixel"}, {"position": {"minX": 508.5, "minY": 314.0, "maxX": 659.5, "maxY": 359.0}, "class_id": 1, "box_caption": "vn_1_line 0.035", "scores": {"class_score": 0.0350341796875}, "domain": "pixel"}, {"position": {"minX": 123.875, "minY": 113.875, "maxX": 229.125, "maxY": 193.875}, "class_id": 1, "box_caption": "vn_1_line 0.034", "scores": {"class_score": 0.034423828125}, "domain": "pixel"}, {"position": {"minX": 45.8125, "minY": 165.25, "maxX": 249.25, "maxY": 286.5}, "class_id": 1, "box_caption": "vn_1_line 0.034", "scores": {"class_score": 0.03424072265625}, "domain": "pixel"}, {"position": {"minX": 13.5, "minY": 162.75, "maxX": 221.75, "maxY": 289.25}, "class_id": 0, "box_caption": "lao 0.034", "scores": {"class_score": 0.0341796875}, "domain": "pixel"}, {"position": {"minX": 655.0, "minY": -7.875, "maxX": 670.0, "maxY": 56.03125}, "class_id": 0, "box_caption": "lao 0.034", "scores": {"class_score": 0.034149169921875}, "domain": "pixel"}, {"position": {"minX": 406.5, "minY": 304.5, "maxX": 534.0, "maxY": 369.0}, "class_id": 1, "box_caption": "vn_1_line 0.034", "scores": {"class_score": 0.03411865234375}, "domain": "pixel"}, {"position": {"minX": 241.5, "minY": 293.75, "maxX": 443.5, "maxY": 379.75}, "class_id": 0, "box_caption": "lao 0.034", "scores": {"class_score": 0.03387451171875}, "domain": "pixel"}, {"position": {"minX": 314.5, "minY": 209.5, "maxX": 366.0, "maxY": 233.5}, "class_id": 1, "box_caption": "vn_1_line 0.034", "scores": {"class_score": 0.033599853515625}, "domain": "pixel"}, {"position": {"minX": 129.5, "minY": 275.75, "maxX": 251.25, "maxY": 360.75}, "class_id": 1, "box_caption": "vn_1_line 0.034", "scores": {"class_score": 0.033538818359375}, "domain": "pixel"}, {"position": {"minX": 396.0, "minY": 308.0, "maxX": 479.0, "maxY": 346.0}, "class_id": 1, "box_caption": "vn_1_line 0.034", "scores": {"class_score": 0.03350830078125}, "domain": "pixel"}, {"position": {"minX": 476.25, "minY": 56.71875, "maxX": 559.0, "maxY": 130.0}, "class_id": 2, "box_caption": "vn_2_line 0.033", "scores": {"class_score": 0.0330810546875}, "domain": "pixel"}, {"position": {"minX": 350.75, "minY": 295.75, "maxX": 461.25, "maxY": 337.75}, "class_id": 1, "box_caption": "vn_1_line 0.033", "scores": {"class_score": 0.032928466796875}, "domain": "pixel"}, {"position": {"minX": 171.875, "minY": 72.125, "maxX": 223.375, "maxY": 99.0}, "class_id": 1, "box_caption": "vn_1_line 0.033", "scores": {"class_score": 0.03289794921875}, "domain": "pixel"}, {"position": {"minX": 171.875, "minY": 72.125, "maxX": 223.375, "maxY": 99.0}, "class_id": 0, "box_caption": "lao 0.033", "scores": {"class_score": 0.0325927734375}, "domain": "pixel"}, {"position": {"minX": 320.5, "minY": 303.0, "maxX": 432.5, "maxY": 377.0}, "class_id": 0, "box_caption": "lao 0.032", "scores": {"class_score": 0.032257080078125}, "domain": "pixel"}, {"position": {"minX": 86.9375, "minY": 237.875, "maxX": 283.0, "maxY": 350.0}, "class_id": 1, "box_caption": "vn_1_line 0.032", "scores": {"class_score": 0.03173828125}, "domain": "pixel"}, {"position": {"minX": 119.25, "minY": 234.0, "maxX": 304.25, "maxY": 352.0}, "class_id": 2, "box_caption": "vn_2_line 0.031", "scores": {"class_score": 0.0305633544921875}, "domain": "pixel"}, {"position": {"minX": 320.5, "minY": 204.625, "maxX": 359.5, "maxY": 233.375}, "class_id": 0, "box_caption": "lao 0.029", "scores": {"class_score": 0.02947998046875}, "domain": "pixel"}, {"position": {"minX": 270.25, "minY": 319.0, "maxX": 377.75, "maxY": 387.0}, "class_id": 1, "box_caption": "vn_1_line 0.029", "scores": {"class_score": 0.029388427734375}, "domain": "pixel"}, {"position": {"minX": 121.125, "minY": 211.25, "maxX": 293.0, "maxY": 325.75}, "class_id": 1, "box_caption": "vn_1_line 0.029", "scores": {"class_score": 0.029205322265625}, "domain": "pixel"}, {"position": {"minX": 515.5, "minY": 307.5, "maxX": 613.5, "maxY": 354.5}, "class_id": 1, "box_caption": "vn_1_line 0.029", "scores": {"class_score": 0.0286865234375}, "domain": "pixel"}, {"position": {"minX": 28.65625, "minY": 276.25, "maxX": 149.0, "maxY": 357.75}, "class_id": 1, "box_caption": "vn_1_line 0.028", "scores": {"class_score": 0.0280914306640625}, "domain": "pixel"}, {"position": {"minX": 12.6875, "minY": 119.75, "maxX": 119.1875, "maxY": 202.0}, "class_id": 1, "box_caption": "vn_1_line 0.028", "scores": {"class_score": 0.02801513671875}, "domain": "pixel"}, {"position": {"minX": 463.25, "minY": -3.828125, "maxX": 543.0, "maxY": 58.375}, "class_id": 0, "box_caption": "lao 0.028", "scores": {"class_score": 0.027679443359375}, "domain": "pixel"}, {"position": {"minX": 283.75, "minY": 296.5, "maxX": 407.25, "maxY": 375.0}, "class_id": 0, "box_caption": "lao 0.028", "scores": {"class_score": 0.0276336669921875}, "domain": "pixel"}, {"position": {"minX": 64.0625, "minY": -6.640625, "maxX": 149.75, "maxY": 43.0}, "class_id": 1, "box_caption": "vn_1_line 0.027", "scores": {"class_score": 0.027374267578125}, "domain": "pixel"}, {"position": {"minX": -3.25, "minY": 115.875, "maxX": 178.0, "maxY": 195.375}, "class_id": 0, "box_caption": "lao 0.027", "scores": {"class_score": 0.02691650390625}, "domain": "pixel"}, {"position": {"minX": 59.4375, "minY": 116.0, "maxX": 237.75, "maxY": 196.0}, "class_id": 0, "box_caption": "lao 0.027", "scores": {"class_score": 0.02691650390625}, "domain": "pixel"}, {"position": {"minX": 577.0, "minY": 0.421875, "maxX": 612.0, "maxY": 41.0}, "class_id": 0, "box_caption": "lao 0.027", "scores": {"class_score": 0.02685546875}, "domain": "pixel"}, {"position": {"minX": 453.75, "minY": -2.25, "maxX": 558.0, "maxY": 99.625}, "class_id": 2, "box_caption": "vn_2_line 0.027", "scores": {"class_score": 0.0267181396484375}, "domain": "pixel"}, {"position": {"minX": 159.0, "minY": 274.0, "maxX": 285.0, "maxY": 365.0}, "class_id": 0, "box_caption": "lao 0.027", "scores": {"class_score": 0.0266571044921875}, "domain": "pixel"}, {"position": {"minX": 60.375, "minY": 124.75, "maxX": 179.75, "maxY": 222.0}, "class_id": 0, "box_caption": "lao 0.026", "scores": {"class_score": 0.0264739990234375}, "domain": "pixel"}, {"position": {"minX": 600.0, "minY": 308.75, "maxX": 670.0, "maxY": 338.25}, "class_id": 1, "box_caption": "vn_1_line 0.026", "scores": {"class_score": 0.026214599609375}, "domain": "pixel"}, {"position": {"minX": 55.9375, "minY": -0.7421875, "maxX": 115.5625, "maxY": 29.9375}, "class_id": 1, "box_caption": "vn_1_line 0.025", "scores": {"class_score": 0.0254058837890625}, "domain": "pixel"}, {"position": {"minX": 217.0, "minY": 269.75, "maxX": 332.0, "maxY": 350.25}, "class_id": 0, "box_caption": "lao 0.025", "scores": {"class_score": 0.025360107421875}, "domain": "pixel"}, {"position": {"minX": 5.5625, "minY": 239.25, "maxX": 227.25, "maxY": 357.75}, "class_id": 1, "box_caption": "vn_1_line 0.025", "scores": {"class_score": 0.025177001953125}, "domain": "pixel"}, {"position": {"minX": 188.5, "minY": 281.25, "maxX": 311.5, "maxY": 367.25}, "class_id": 0, "box_caption": "lao 0.024", "scores": {"class_score": 0.0242156982421875}, "domain": "pixel"}, {"position": {"minX": 45.9375, "minY": 199.75, "maxX": 255.25, "maxY": 322.25}, "class_id": 1, "box_caption": "vn_1_line 0.024", "scores": {"class_score": 0.023773193359375}, "domain": "pixel"}, {"position": {"minX": 137.125, "minY": 239.25, "maxX": 322.5, "maxY": 330.75}, "class_id": 1, "box_caption": "vn_1_line 0.024", "scores": {"class_score": 0.023712158203125}, "domain": "pixel"}, {"position": {"minX": 313.5, "minY": 53.3125, "maxX": 364.5, "maxY": 102.8125}, "class_id": 1, "box_caption": "vn_1_line 0.023", "scores": {"class_score": 0.0232696533203125}, "domain": "pixel"}, {"position": {"minX": 448.25, "minY": 309.75, "maxX": 558.5, "maxY": 360.25}, "class_id": 1, "box_caption": "vn_1_line 0.023", "scores": {"class_score": 0.022979736328125}, "domain": "pixel"}, {"position": {"minX": 239.0, "minY": 321.25, "maxX": 346.5, "maxY": 385.25}, "class_id": 1, "box_caption": "vn_1_line 0.023", "scores": {"class_score": 0.022918701171875}, "domain": "pixel"}, {"position": {"minX": 47.375, "minY": 242.25, "maxX": 259.0, "maxY": 353.25}, "class_id": 0, "box_caption": "lao 0.023", "scores": {"class_score": 0.022705078125}, "domain": "pixel"}, {"position": {"minX": 305.0, "minY": 309.75, "maxX": 503.5, "maxY": 374.75}, "class_id": 0, "box_caption": "lao 0.023", "scores": {"class_score": 0.022674560546875}, "domain": "pixel"}, {"position": {"minX": 340.25, "minY": 330.25, "maxX": 464.25, "maxY": 398.75}, "class_id": 1, "box_caption": "vn_1_line 0.023", "scores": {"class_score": 0.0226593017578125}, "domain": "pixel"}, {"position": {"minX": 343.0, "minY": 199.875, "maxX": 400.0, "maxY": 227.375}, "class_id": 1, "box_caption": "vn_1_line 0.022", "scores": {"class_score": 0.0222930908203125}, "domain": "pixel"}, {"position": {"minX": 369.0, "minY": 296.25, "maxX": 501.5, "maxY": 376.25}, "class_id": 1, "box_caption": "vn_1_line 0.022", "scores": {"class_score": 0.022247314453125}, "domain": "pixel"}, {"position": {"minX": 163.0, "minY": 73.875, "maxX": 210.5, "maxY": 103.0}, "class_id": 1, "box_caption": "vn_1_line 0.022", "scores": {"class_score": 0.0219573974609375}, "domain": "pixel"}, {"position": {"minX": 203.125, "minY": 280.5, "maxX": 388.5, "maxY": 346.5}, "class_id": 0, "box_caption": "lao 0.022", "scores": {"class_score": 0.0219573974609375}, "domain": "pixel"}, {"position": {"minX": 3.0, "minY": 269.0, "maxX": 170.75, "maxY": 366.0}, "class_id": 0, "box_caption": "lao 0.022", "scores": {"class_score": 0.021942138671875}, "domain": "pixel"}, {"position": {"minX": 356.75, "minY": 309.75, "maxX": 463.25, "maxY": 375.25}, "class_id": 0, "box_caption": "lao 0.022", "scores": {"class_score": 0.0216064453125}, "domain": "pixel"}, {"position": {"minX": 64.75, "minY": -2.984375, "maxX": 132.25, "maxY": 31.734375}, "class_id": 1, "box_caption": "vn_1_line 0.022", "scores": {"class_score": 0.0215606689453125}, "domain": "pixel"}, {"position": {"minX": 118.625, "minY": 264.5, "maxX": 317.0, "maxY": 380.5}, "class_id": 2, "box_caption": "vn_2_line 0.021", "scores": {"class_score": 0.021484375}, "domain": "pixel"}, {"position": {"minX": 59.5625, "minY": 141.625, "maxX": 197.75, "maxY": 249.875}, "class_id": 0, "box_caption": "lao 0.021", "scores": {"class_score": 0.0214385986328125}, "domain": "pixel"}, {"position": {"minX": 84.875, "minY": 0.71875, "maxX": 143.875, "maxY": 28.125}, "class_id": 1, "box_caption": "vn_1_line 0.021", "scores": {"class_score": 0.0209197998046875}, "domain": "pixel"}, {"position": {"minX": 12.5625, "minY": 198.25, "maxX": 218.75, "maxY": 324.25}, "class_id": 0, "box_caption": "lao 0.021", "scores": {"class_score": 0.0208892822265625}, "domain": "pixel"}, {"position": {"minX": 1.875, "minY": 187.0, "maxX": 96.8125, "maxY": 275.0}, "class_id": 0, "box_caption": "lao 0.021", "scores": {"class_score": 0.0206146240234375}, "domain": "pixel"}, {"position": {"minX": 647.0, "minY": 44.5625, "maxX": 681.0, "maxY": 96.8125}, "class_id": 0, "box_caption": "lao 0.021", "scores": {"class_score": 0.0205841064453125}, "domain": "pixel"}, {"position": {"minX": 62.125, "minY": 274.0, "maxX": 239.625, "maxY": 375.0}, "class_id": 0, "box_caption": "lao 0.021", "scores": {"class_score": 0.0205078125}, "domain": "pixel"}, {"position": {"minX": 350.5, "minY": 344.25, "maxX": 459.0, "maxY": 385.75}, "class_id": 1, "box_caption": "vn_1_line 0.020", "scores": {"class_score": 0.0204620361328125}, "domain": "pixel"}, {"position": {"minX": 152.0, "minY": 300.25, "maxX": 269.0, "maxY": 370.25}, "class_id": 1, "box_caption": "vn_1_line 0.020", "scores": {"class_score": 0.019744873046875}, "domain": "pixel"}, {"position": {"minX": -10.3125, "minY": 114.0, "maxX": 183.0, "maxY": 227.75}, "class_id": 2, "box_caption": "vn_2_line 0.020", "scores": {"class_score": 0.01971435546875}, "domain": "pixel"}, {"position": {"minX": 123.875, "minY": 113.875, "maxX": 229.125, "maxY": 193.875}, "class_id": 0, "box_caption": "lao 0.019", "scores": {"class_score": 0.0193939208984375}, "domain": "pixel"}, {"position": {"minX": 80.5, "minY": 138.25, "maxX": 266.5, "maxY": 253.25}, "class_id": 2, "box_caption": "vn_2_line 0.019", "scores": {"class_score": 0.019317626953125}, "domain": "pixel"}, {"position": {"minX": 135.0, "minY": 192.5, "maxX": 251.25, "maxY": 295.5}, "class_id": 0, "box_caption": "lao 0.019", "scores": {"class_score": 0.019073486328125}, "domain": "pixel"}, {"position": {"minX": 248.0, "minY": 285.0, "maxX": 375.0, "maxY": 370.5}, "class_id": 0, "box_caption": "lao 0.019", "scores": {"class_score": 0.0189971923828125}, "domain": "pixel"}, {"position": {"minX": 543.5, "minY": 305.5, "maxX": 663.5, "maxY": 353.5}, "class_id": 1, "box_caption": "vn_1_line 0.019", "scores": {"class_score": 0.0189971923828125}, "domain": "pixel"}, {"position": {"minX": 303.5, "minY": 322.75, "maxX": 409.5, "maxY": 385.25}, "class_id": 1, "box_caption": "vn_1_line 0.019", "scores": {"class_score": 0.0189208984375}, "domain": "pixel"}, {"position": {"minX": 644.5, "minY": 17.375, "maxX": 678.5, "maxY": 68.75}, "class_id": 0, "box_caption": "lao 0.019", "scores": {"class_score": 0.018585205078125}, "domain": "pixel"}, {"position": {"minX": 416.5, "minY": 307.0, "maxX": 524.5, "maxY": 384.5}, "class_id": 0, "box_caption": "lao 0.018", "scores": {"class_score": 0.0184783935546875}, "domain": "pixel"}, {"position": {"minX": 475.25, "minY": -5.125, "maxX": 559.0, "maxY": 74.0625}, "class_id": 0, "box_caption": "lao 0.018", "scores": {"class_score": 0.0184173583984375}, "domain": "pixel"}, {"position": {"minX": 307.5, "minY": 330.25, "maxX": 433.0, "maxY": 398.75}, "class_id": 1, "box_caption": "vn_1_line 0.018", "scores": {"class_score": 0.0182647705078125}, "domain": "pixel"}, {"position": {"minX": 2.0625, "minY": 234.75, "maxX": 96.5, "maxY": 325.25}, "class_id": 2, "box_caption": "vn_2_line 0.018", "scores": {"class_score": 0.018218994140625}, "domain": "pixel"}, {"position": {"minX": 323.75, "minY": 291.75, "maxX": 402.25, "maxY": 331.25}, "class_id": 1, "box_caption": "vn_1_line 0.018", "scores": {"class_score": 0.0181732177734375}, "domain": "pixel"}, {"position": {"minX": 305.5, "minY": 339.0, "maxX": 391.5, "maxY": 386.0}, "class_id": 1, "box_caption": "vn_1_line 0.018", "scores": {"class_score": 0.018157958984375}, "domain": "pixel"}, {"position": {"minX": 262.0, "minY": 270.5, "maxX": 339.5, "maxY": 318.0}, "class_id": 1, "box_caption": "vn_1_line 0.018", "scores": {"class_score": 0.0179595947265625}, "domain": "pixel"}, {"position": {"minX": 656.0, "minY": 1.0625, "maxX": 674.0, "maxY": 41.21875}, "class_id": 0, "box_caption": "lao 0.018", "scores": {"class_score": 0.0178985595703125}, "domain": "pixel"}, {"position": {"minX": 12.875, "minY": 140.625, "maxX": 224.625, "maxY": 255.625}, "class_id": 2, "box_caption": "vn_2_line 0.018", "scores": {"class_score": 0.01788330078125}, "domain": "pixel"}, {"position": {"minX": 371.0, "minY": 331.0, "maxX": 496.5, "maxY": 399.0}, "class_id": 1, "box_caption": "vn_1_line 0.018", "scores": {"class_score": 0.0177001953125}, "domain": "pixel"}, {"position": {"minX": 650.5, "minY": 1.4453125, "maxX": 672.5, "maxY": 30.40625}, "class_id": 0, "box_caption": "lao 0.018", "scores": {"class_score": 0.0175933837890625}, "domain": "pixel"}, {"position": {"minX": 306.5, "minY": 41.125, "maxX": 372.0, "maxY": 111.625}, "class_id": 1, "box_caption": "vn_1_line 0.017", "scores": {"class_score": 0.0174407958984375}, "domain": "pixel"}, {"position": {"minX": 50.6875, "minY": 146.5, "maxX": 187.0, "maxY": 248.0}, "class_id": 1, "box_caption": "vn_1_line 0.017", "scores": {"class_score": 0.0172882080078125}, "domain": "pixel"}, {"position": {"minX": 68.25, "minY": -1.4453125, "maxX": 132.0, "maxY": 29.65625}, "class_id": 0, "box_caption": "lao 0.017", "scores": {"class_score": 0.01715087890625}, "domain": "pixel"}, {"position": {"minX": 78.625, "minY": 156.125, "maxX": 213.375, "maxY": 266.5}, "class_id": 0, "box_caption": "lao 0.017", "scores": {"class_score": 0.017120361328125}, "domain": "pixel"}, {"position": {"minX": 96.5, "minY": -3.515625, "maxX": 146.125, "maxY": 27.75}, "class_id": 0, "box_caption": "lao 0.017", "scores": {"class_score": 0.01678466796875}, "domain": "pixel"}, {"position": {"minX": 222.625, "minY": 312.25, "maxX": 325.25, "maxY": 379.75}, "class_id": 1, "box_caption": "vn_1_line 0.017", "scores": {"class_score": 0.0167083740234375}, "domain": "pixel"}, {"position": {"minX": 370.5, "minY": 318.75, "maxX": 564.5, "maxY": 375.75}, "class_id": 0, "box_caption": "lao 0.017", "scores": {"class_score": 0.0166778564453125}, "domain": "pixel"}, {"position": {"minX": 39.65625, "minY": 113.125, "maxX": 147.875, "maxY": 196.875}, "class_id": 0, "box_caption": "lao 0.016", "scores": {"class_score": 0.0163421630859375}, "domain": "pixel"}, {"position": {"minX": 321.0, "minY": 343.25, "maxX": 425.5, "maxY": 386.75}, "class_id": 1, "box_caption": "vn_1_line 0.016", "scores": {"class_score": 0.0162353515625}, "domain": "pixel"}, {"position": {"minX": 2.5, "minY": 118.0, "maxX": 111.0625, "maxY": 169.5}, "class_id": 1, "box_caption": "vn_1_line 0.016", "scores": {"class_score": 0.01611328125}, "domain": "pixel"}, {"position": {"minX": 430.5, "minY": 309.25, "maxX": 510.5, "maxY": 349.25}, "class_id": 1, "box_caption": "vn_1_line 0.016", "scores": {"class_score": 0.01611328125}, "domain": "pixel"}, {"position": {"minX": 97.625, "minY": 1.8984375, "maxX": 156.875, "maxY": 26.59375}, "class_id": 1, "box_caption": "vn_1_line 0.016", "scores": {"class_score": 0.0159759521484375}, "domain": "pixel"}, {"position": {"minX": 177.5, "minY": 255.0, "maxX": 359.5, "maxY": 335.5}, "class_id": 1, "box_caption": "vn_1_line 0.016", "scores": {"class_score": 0.01593017578125}, "domain": "pixel"}, {"position": {"minX": 89.875, "minY": 204.5, "maxX": 275.5, "maxY": 320.0}, "class_id": 2, "box_caption": "vn_2_line 0.016", "scores": {"class_score": 0.015625}, "domain": "pixel"}, {"position": {"minX": 378.75, "minY": 305.0, "maxX": 495.75, "maxY": 381.5}, "class_id": 0, "box_caption": "lao 0.016", "scores": {"class_score": 0.01552581787109375}, "domain": "pixel"}, {"position": {"minX": -1.4296875, "minY": 4.6015625, "maxX": 21.8125, "maxY": 25.71875}, "class_id": 2, "box_caption": "vn_2_line 0.015", "scores": {"class_score": 0.01548004150390625}, "domain": "pixel"}, {"position": {"minX": -15.1875, "minY": 155.5, "maxX": 115.4375, "maxY": 266.25}, "class_id": 2, "box_caption": "vn_2_line 0.015", "scores": {"class_score": 0.01544952392578125}, "domain": "pixel"}, {"position": {"minX": 217.25, "minY": 313.75, "maxX": 375.75, "maxY": 389.25}, "class_id": 1, "box_caption": "vn_1_line 0.015", "scores": {"class_score": 0.01531982421875}, "domain": "pixel"}, {"position": {"minX": 233.125, "minY": 264.5, "maxX": 324.5, "maxY": 323.0}, "class_id": 1, "box_caption": "vn_1_line 0.015", "scores": {"class_score": 0.01526641845703125}, "domain": "pixel"}, {"position": {"minX": 251.875, "minY": 277.75, "maxX": 355.5, "maxY": 347.25}, "class_id": 0, "box_caption": "lao 0.015", "scores": {"class_score": 0.015228271484375}, "domain": "pixel"}, {"position": {"minX": 328.0, "minY": 202.125, "maxX": 397.0, "maxY": 231.875}, "class_id": 0, "box_caption": "lao 0.015", "scores": {"class_score": 0.01508331298828125}, "domain": "pixel"}, {"position": {"minX": 306.25, "minY": 62.3125, "maxX": 363.25, "maxY": 99.0625}, "class_id": 0, "box_caption": "lao 0.015", "scores": {"class_score": 0.01497650146484375}, "domain": "pixel"}, {"position": {"minX": 655.0, "minY": -7.875, "maxX": 670.0, "maxY": 56.03125}, "class_id": 2, "box_caption": "vn_2_line 0.015", "scores": {"class_score": 0.014923095703125}, "domain": "pixel"}, {"position": {"minX": 34.25, "minY": 113.9375, "maxX": 164.0, "maxY": 169.5}, "class_id": 1, "box_caption": "vn_1_line 0.015", "scores": {"class_score": 0.01483917236328125}, "domain": "pixel"}, {"position": {"minX": 380.75, "minY": 342.25, "maxX": 491.75, "maxY": 388.25}, "class_id": 1, "box_caption": "vn_1_line 0.015", "scores": {"class_score": 0.01467132568359375}, "domain": "pixel"}, {"position": {"minX": 50.5625, "minY": 122.375, "maxX": 244.0, "maxY": 222.625}, "class_id": 2, "box_caption": "vn_2_line 0.015", "scores": {"class_score": 0.01465606689453125}, "domain": "pixel"}, {"position": {"minX": 581.0, "minY": 306.0, "maxX": 645.0, "maxY": 334.5}, "class_id": 1, "box_caption": "vn_1_line 0.014", "scores": {"class_score": 0.0144805908203125}, "domain": "pixel"}, {"position": {"minX": 116.875, "minY": 153.875, "maxX": 244.625, "maxY": 243.125}, "class_id": 1, "box_caption": "vn_1_line 0.014", "scores": {"class_score": 0.01432037353515625}, "domain": "pixel"}, {"position": {"minX": 322.5, "minY": 202.75, "maxX": 382.5, "maxY": 233.0}, "class_id": 2, "box_caption": "vn_2_line 0.014", "scores": {"class_score": 0.0142822265625}, "domain": "pixel"}, {"position": {"minX": 278.5, "minY": 329.75, "maxX": 399.5, "maxY": 398.75}, "class_id": 1, "box_caption": "vn_1_line 0.014", "scores": {"class_score": 0.01421356201171875}, "domain": "pixel"}, {"position": {"minX": -8.71875, "minY": 261.75, "maxX": 106.75, "maxY": 347.25}, "class_id": 1, "box_caption": "vn_1_line 0.014", "scores": {"class_score": 0.014190673828125}, "domain": "pixel"}, {"position": {"minX": 172.5, "minY": 274.5, "maxX": 378.5, "maxY": 381.5}, "class_id": 2, "box_caption": "vn_2_line 0.014", "scores": {"class_score": 0.0141754150390625}, "domain": "pixel"}, {"position": {"minX": 12.6875, "minY": 119.75, "maxX": 119.1875, "maxY": 202.0}, "class_id": 0, "box_caption": "lao 0.014", "scores": {"class_score": 0.01416015625}, "domain": "pixel"}, {"position": {"minX": 83.6875, "minY": 167.25, "maxX": 270.0, "maxY": 286.5}, "class_id": 2, "box_caption": "vn_2_line 0.014", "scores": {"class_score": 0.01412200927734375}, "domain": "pixel"}, {"position": {"minX": -10.28125, "minY": 256.5, "maxX": 135.0, "maxY": 372.0}, "class_id": 1, "box_caption": "vn_1_line 0.014", "scores": {"class_score": 0.013763427734375}, "domain": "pixel"}, {"position": {"minX": 233.875, "minY": 269.0, "maxX": 347.5, "maxY": 353.0}, "class_id": 2, "box_caption": "vn_2_line 0.014", "scores": {"class_score": 0.01375579833984375}, "domain": "pixel"}, {"position": {"minX": -12.0, "minY": 202.5, "maxX": 103.5, "maxY": 323.5}, "class_id": 2, "box_caption": "vn_2_line 0.014", "scores": {"class_score": 0.0137176513671875}, "domain": "pixel"}, {"position": {"minX": 117.0625, "minY": 182.0, "maxX": 279.5, "maxY": 281.75}, "class_id": 1, "box_caption": "vn_1_line 0.014", "scores": {"class_score": 0.01363372802734375}, "domain": "pixel"}, {"position": {"minX": 580.5, "minY": 6.28125, "maxX": 602.5, "maxY": 39.84375}, "class_id": 0, "box_caption": "lao 0.014", "scores": {"class_score": 0.01357269287109375}, "domain": "pixel"}, {"position": {"minX": 220.125, "minY": 7.1875, "maxX": 265.5, "maxY": 48.0}, "class_id": 0, "box_caption": "lao 0.014", "scores": {"class_score": 0.01355743408203125}, "domain": "pixel"}, {"position": {"minX": 15.0625, "minY": 142.75, "maxX": 158.25, "maxY": 231.0}, "class_id": 1, "box_caption": "vn_1_line 0.013", "scores": {"class_score": 0.0134429931640625}, "domain": "pixel"}, {"position": {"minX": 180.75, "minY": 237.125, "maxX": 295.75, "maxY": 323.25}, "class_id": 1, "box_caption": "vn_1_line 0.013", "scores": {"class_score": 0.01338958740234375}, "domain": "pixel"}, {"position": {"minX": 131.5, "minY": 249.875, "maxX": 258.5, "maxY": 363.75}, "class_id": 2, "box_caption": "vn_2_line 0.013", "scores": {"class_score": 0.0133209228515625}, "domain": "pixel"}, {"position": {"minX": -23.25, "minY": 127.625, "maxX": 112.625, "maxY": 230.375}, "class_id": 2, "box_caption": "vn_2_line 0.013", "scores": {"class_score": 0.013275146484375}, "domain": "pixel"}, {"position": {"minX": 657.0, "minY": 7.46875, "maxX": 674.0, "maxY": 47.9375}, "class_id": 2, "box_caption": "vn_2_line 0.013", "scores": {"class_score": 0.01324462890625}, "domain": "pixel"}, {"position": {"minX": 46.28125, "minY": 293.25, "maxX": 149.0, "maxY": 350.25}, "class_id": 1, "box_caption": "vn_1_line 0.013", "scores": {"class_score": 0.0131683349609375}, "domain": "pixel"}, {"position": {"minX": 219.625, "minY": 16.296875, "maxX": 268.5, "maxY": 59.5}, "class_id": 0, "box_caption": "lao 0.013", "scores": {"class_score": 0.013153076171875}, "domain": "pixel"}, {"position": {"minX": 44.375, "minY": 94.5, "maxX": 144.375, "maxY": 160.125}, "class_id": 1, "box_caption": "vn_1_line 0.013", "scores": {"class_score": 0.01314544677734375}, "domain": "pixel"}, {"position": {"minX": 69.0, "minY": 114.625, "maxX": 178.25, "maxY": 193.625}, "class_id": 0, "box_caption": "lao 0.013", "scores": {"class_score": 0.0131072998046875}, "domain": "pixel"}, {"position": {"minX": 41.8125, "minY": 95.0625, "maxX": 191.25, "maxY": 172.25}, "class_id": 1, "box_caption": "vn_1_line 0.013", "scores": {"class_score": 0.01296234130859375}, "domain": "pixel"}, {"position": {"minX": 94.0, "minY": -8.171875, "maxX": 167.75, "maxY": 37.5}, "class_id": 1, "box_caption": "vn_1_line 0.013", "scores": {"class_score": 0.0129547119140625}, "domain": "pixel"}, {"position": {"minX": 89.4375, "minY": 0.890625, "maxX": 137.75, "maxY": 30.078125}, "class_id": 0, "box_caption": "lao 0.013", "scores": {"class_score": 0.01284027099609375}, "domain": "pixel"}, {"position": {"minX": 45.4375, "minY": 173.125, "maxX": 182.25, "maxY": 280.25}, "class_id": 0, "box_caption": "lao 0.013", "scores": {"class_score": 0.01276397705078125}, "domain": "pixel"}, {"position": {"minX": 404.5, "minY": 329.0, "maxX": 528.0, "maxY": 401.0}, "class_id": 1, "box_caption": "vn_1_line 0.013", "scores": {"class_score": 0.01270294189453125}, "domain": "pixel"}, {"position": {"minX": 487.25, "minY": 35.78125, "maxX": 558.0, "maxY": 99.75}, "class_id": 2, "box_caption": "vn_2_line 0.013", "scores": {"class_score": 0.01251983642578125}, "domain": "pixel"}, {"position": {"minX": 91.5, "minY": 131.375, "maxX": 201.5, "maxY": 234.125}, "class_id": 0, "box_caption": "lao 0.012", "scores": {"class_score": 0.01245880126953125}, "domain": "pixel"}, {"position": {"minX": 341.25, "minY": 301.5, "maxX": 515.0, "maxY": 347.5}, "class_id": 1, "box_caption": "vn_1_line 0.012", "scores": {"class_score": 0.012176513671875}, "domain": "pixel"}, {"position": {"minX": 489.0, "minY": 320.25, "maxX": 594.0, "maxY": 385.75}, "class_id": 1, "box_caption": "vn_1_line 0.012", "scores": {"class_score": 0.01216888427734375}, "domain": "pixel"}, {"position": {"minX": 643.5, "minY": 74.1875, "maxX": 681.5, "maxY": 134.625}, "class_id": 0, "box_caption": "lao 0.012", "scores": {"class_score": 0.01203155517578125}, "domain": "pixel"}, {"position": {"minX": 658.5, "minY": 9.1875, "maxX": 670.5, "maxY": 91.4375}, "class_id": 0, "box_caption": "lao 0.012", "scores": {"class_score": 0.01200103759765625}, "domain": "pixel"}, {"position": {"minX": 185.25, "minY": 318.0, "maxX": 301.0, "maxY": 385.0}, "class_id": 1, "box_caption": "vn_1_line 0.012", "scores": {"class_score": 0.01200103759765625}, "domain": "pixel"}, {"position": {"minX": 329.5, "minY": 317.5, "maxX": 445.0, "maxY": 387.5}, "class_id": 0, "box_caption": "lao 0.012", "scores": {"class_score": 0.011962890625}, "domain": "pixel"}, {"position": {"minX": 48.09375, "minY": -4.328125, "maxX": 133.625, "maxY": 43.125}, "class_id": 0, "box_caption": "lao 0.012", "scores": {"class_score": 0.011962890625}, "domain": "pixel"}, {"position": {"minX": -4.0078125, "minY": -0.890625, "maxX": 24.5, "maxY": 18.921875}, "class_id": 0, "box_caption": "lao 0.012", "scores": {"class_score": 0.01180267333984375}, "domain": "pixel"}, {"position": {"minX": -28.0625, "minY": 152.125, "maxX": 118.8125, "maxY": 259.5}, "class_id": 1, "box_caption": "vn_1_line 0.012", "scores": {"class_score": 0.01178741455078125}, "domain": "pixel"}, {"position": {"minX": 374.0, "minY": 329.0, "maxX": 467.5, "maxY": 384.5}, "class_id": 1, "box_caption": "vn_1_line 0.012", "scores": {"class_score": 0.0117645263671875}, "domain": "pixel"}, {"position": {"minX": 580.0, "minY": 3.8125, "maxX": 616.0, "maxY": 29.03125}, "class_id": 0, "box_caption": "lao 0.012", "scores": {"class_score": 0.01175689697265625}, "domain": "pixel"}, {"position": {"minX": 241.5, "minY": 293.75, "maxX": 443.5, "maxY": 379.75}, "class_id": 2, "box_caption": "vn_2_line 0.012", "scores": {"class_score": 0.01174163818359375}, "domain": "pixel"}, {"position": {"minX": 1.875, "minY": 187.0, "maxX": 96.8125, "maxY": 275.0}, "class_id": 2, "box_caption": "vn_2_line 0.012", "scores": {"class_score": 0.0117034912109375}, "domain": "pixel"}, {"position": {"minX": 6.875, "minY": 149.75, "maxX": 105.5625, "maxY": 227.25}, "class_id": 0, "box_caption": "lao 0.012", "scores": {"class_score": 0.011688232421875}, "domain": "pixel"}, {"position": {"minX": 51.9375, "minY": -7.296875, "maxX": 123.6875, "maxY": 40.8125}, "class_id": 1, "box_caption": "vn_1_line 0.012", "scores": {"class_score": 0.011688232421875}, "domain": "pixel"}, {"position": {"minX": 70.125, "minY": 102.75, "maxX": 169.375, "maxY": 160.75}, "class_id": 1, "box_caption": "vn_1_line 0.012", "scores": {"class_score": 0.01160430908203125}, "domain": "pixel"}, {"position": {"minX": -2.25, "minY": -3.46875, "maxX": 18.78125, "maxY": 43.78125}, "class_id": 0, "box_caption": "lao 0.011", "scores": {"class_score": 0.0114288330078125}, "domain": "pixel"}, {"position": {"minX": 0.75, "minY": 156.5, "maxX": 97.9375, "maxY": 244.75}, "class_id": 2, "box_caption": "vn_2_line 0.011", "scores": {"class_score": 0.0112457275390625}, "domain": "pixel"}, {"position": {"minX": 272.25, "minY": 51.8125, "maxX": 391.75, "maxY": 110.5625}, "class_id": 0, "box_caption": "lao 0.011", "scores": {"class_score": 0.01123046875}, "domain": "pixel"}, {"position": {"minX": 43.65625, "minY": 137.625, "maxX": 153.375, "maxY": 229.875}, "class_id": 0, "box_caption": "lao 0.011", "scores": {"class_score": 0.01122283935546875}, "domain": "pixel"}, {"position": {"minX": 137.375, "minY": 128.5, "maxX": 242.625, "maxY": 215.5}, "class_id": 0, "box_caption": "lao 0.011", "scores": {"class_score": 0.01120758056640625}, "domain": "pixel"}, {"position": {"minX": -2.25, "minY": -3.46875, "maxX": 18.78125, "maxY": 43.78125}, "class_id": 2, "box_caption": "vn_2_line 0.011", "scores": {"class_score": 0.01117706298828125}, "domain": "pixel"}, {"position": {"minX": 414.0, "minY": 341.25, "maxX": 520.5, "maxY": 389.75}, "class_id": 1, "box_caption": "vn_1_line 0.011", "scores": {"class_score": 0.01111602783203125}, "domain": "pixel"}, {"position": {"minX": 102.625, "minY": 240.5, "maxX": 228.875, "maxY": 345.0}, "class_id": 0, "box_caption": "lao 0.011", "scores": {"class_score": 0.011077880859375}, "domain": "pixel"}, {"position": {"minX": 312.0, "minY": 63.75, "maxX": 381.0, "maxY": 106.75}, "class_id": 1, "box_caption": "vn_1_line 0.011", "scores": {"class_score": 0.0110626220703125}, "domain": "pixel"}, {"position": {"minX": 383.0, "minY": 301.5, "maxX": 454.0, "maxY": 335.5}, "class_id": 1, "box_caption": "vn_1_line 0.011", "scores": {"class_score": 0.0110626220703125}, "domain": "pixel"}, {"position": {"minX": 57.0, "minY": -0.953125, "maxX": 118.125, "maxY": 35.125}, "class_id": 0, "box_caption": "lao 0.011", "scores": {"class_score": 0.01104736328125}, "domain": "pixel"}, {"position": {"minX": 54.3125, "minY": 3.90625, "maxX": 99.3125, "maxY": 27.515625}, "class_id": 1, "box_caption": "vn_1_line 0.011", "scores": {"class_score": 0.01103973388671875}, "domain": "pixel"}, {"position": {"minX": 429.75, "minY": -3.25, "maxX": 532.5, "maxY": 81.625}, "class_id": 0, "box_caption": "lao 0.011", "scores": {"class_score": 0.01099395751953125}, "domain": "pixel"}, {"position": {"minX": 12.5625, "minY": 198.25, "maxX": 218.75, "maxY": 324.25}, "class_id": 2, "box_caption": "vn_2_line 0.011", "scores": {"class_score": 0.01097869873046875}, "domain": "pixel"}, {"position": {"minX": -4.84375, "minY": 230.375, "maxX": 112.875, "maxY": 323.5}, "class_id": 1, "box_caption": "vn_1_line 0.011", "scores": {"class_score": 0.0109405517578125}, "domain": "pixel"}, {"position": {"minX": 112.375, "minY": 130.25, "maxX": 239.875, "maxY": 230.25}, "class_id": 2, "box_caption": "vn_2_line 0.011", "scores": {"class_score": 0.010894775390625}, "domain": "pixel"}, {"position": {"minX": 440.0, "minY": 333.5, "maxX": 554.5, "maxY": 398.5}, "class_id": 1, "box_caption": "vn_1_line 0.011", "scores": {"class_score": 0.010711669921875}, "domain": "pixel"}, {"position": {"minX": 42.625, "minY": 111.5, "maxX": 124.625, "maxY": 155.0}, "class_id": 1, "box_caption": "vn_1_line 0.011", "scores": {"class_score": 0.01067352294921875}, "domain": "pixel"}, {"position": {"minX": 656.5, "minY": 75.0, "maxX": 669.5, "maxY": 153.75}, "class_id": 0, "box_caption": "lao 0.011", "scores": {"class_score": 0.01055908203125}, "domain": "pixel"}, {"position": {"minX": 45.5, "minY": 243.25, "maxX": 191.5, "maxY": 345.75}, "class_id": 1, "box_caption": "vn_1_line 0.011", "scores": {"class_score": 0.01055908203125}, "domain": "pixel"}, {"position": {"minX": 484.25, "minY": 10.1875, "maxX": 547.0, "maxY": 73.5625}, "class_id": 0, "box_caption": "lao 0.010", "scores": {"class_score": 0.0104827880859375}, "domain": "pixel"}, {"position": {"minX": 279.75, "minY": 344.25, "maxX": 372.25, "maxY": 386.75}, "class_id": 1, "box_caption": "vn_1_line 0.010", "scores": {"class_score": 0.0104827880859375}, "domain": "pixel"}, {"position": {"minX": 88.5625, "minY": 248.125, "maxX": 220.0, "maxY": 344.5}, "class_id": 1, "box_caption": "vn_1_line 0.010", "scores": {"class_score": 0.01036834716796875}, "domain": "pixel"}, {"position": {"minX": 653.0, "minY": 17.65625, "maxX": 674.0, "maxY": 52.84375}, "class_id": 0, "box_caption": "lao 0.010", "scores": {"class_score": 0.01030731201171875}, "domain": "pixel"}, {"position": {"minX": 306.5, "minY": 37.9375, "maxX": 394.0, "maxY": 106.5625}, "class_id": 0, "box_caption": "lao 0.010", "scores": {"class_score": 0.01024627685546875}, "domain": "pixel"}, {"position": {"minX": 452.0, "minY": 320.75, "maxX": 555.0, "maxY": 373.25}, "class_id": 0, "box_caption": "lao 0.010", "scores": {"class_score": 0.0102081298828125}, "domain": "pixel"}, {"position": {"minX": 657.5, "minY": 42.9375, "maxX": 670.5, "maxY": 122.0625}, "class_id": 0, "box_caption": "lao 0.010", "scores": {"class_score": 0.01015472412109375}, "domain": "pixel"}, {"position": {"minX": 311.0, "minY": 194.625, "maxX": 412.0, "maxY": 235.625}, "class_id": 1, "box_caption": "vn_1_line 0.010", "scores": {"class_score": 0.01006317138671875}, "domain": "pixel"}, {"position": {"minX": 77.5, "minY": 173.125, "maxX": 218.75, "maxY": 277.25}, "class_id": 1, "box_caption": "vn_1_line 0.010", "scores": {"class_score": 0.00994873046875}, "domain": "pixel"}, {"position": {"minX": 299.25, "minY": 318.75, "maxX": 409.25, "maxY": 386.75}, "class_id": 0, "box_caption": "lao 0.010", "scores": {"class_score": 0.00986480712890625}, "domain": "pixel"}, {"position": {"minX": 132.25, "minY": 115.75, "maxX": 225.25, "maxY": 169.0}, "class_id": 0, "box_caption": "lao 0.010", "scores": {"class_score": 0.00975799560546875}, "domain": "pixel"}, {"position": {"minX": 47.375, "minY": 242.25, "maxX": 259.0, "maxY": 353.25}, "class_id": 2, "box_caption": "vn_2_line 0.010", "scores": {"class_score": 0.0097198486328125}, "domain": "pixel"}, {"position": {"minX": 484.25, "minY": 10.1875, "maxX": 547.0, "maxY": 73.5625}, "class_id": 2, "box_caption": "vn_2_line 0.010", "scores": {"class_score": 0.00968170166015625}, "domain": "pixel"}, {"position": {"minX": 58.71875, "minY": -4.2578125, "maxX": 105.25, "maxY": 24.0}, "class_id": 0, "box_caption": "lao 0.010", "scores": {"class_score": 0.0096282958984375}, "domain": "pixel"}, {"position": {"minX": 138.375, "minY": 94.75, "maxX": 230.125, "maxY": 155.375}, "class_id": 1, "box_caption": "vn_1_line 0.010", "scores": {"class_score": 0.00960540771484375}, "domain": "pixel"}, {"position": {"minX": 9.84375, "minY": 285.75, "maxX": 124.875, "maxY": 351.75}, "class_id": 1, "box_caption": "vn_1_line 0.010", "scores": {"class_score": 0.00959014892578125}, "domain": "pixel"}, {"position": {"minX": 96.6875, "minY": 116.1875, "maxX": 202.75, "maxY": 196.75}, "class_id": 0, "box_caption": "lao 0.010", "scores": {"class_score": 0.00954437255859375}, "domain": "pixel"}, {"position": {"minX": 73.0625, "minY": 97.9375, "maxX": 237.25, "maxY": 169.75}, "class_id": 1, "box_caption": "vn_1_line 0.010", "scores": {"class_score": 0.00951385498046875}, "domain": "pixel"}, {"position": {"minX": 173.25, "minY": 60.5, "maxX": 248.5, "maxY": 109.0}, "class_id": 1, "box_caption": "vn_1_line 0.009", "scores": {"class_score": 0.00948333740234375}, "domain": "pixel"}, {"position": {"minX": 152.0, "minY": 283.0, "maxX": 249.0, "maxY": 362.0}, "class_id": 0, "box_caption": "lao 0.009", "scores": {"class_score": 0.00946807861328125}, "domain": "pixel"}, {"position": {"minX": 334.75, "minY": 203.5, "maxX": 388.25, "maxY": 230.5}, "class_id": 1, "box_caption": "vn_1_line 0.009", "scores": {"class_score": 0.009429931640625}, "domain": "pixel"}, {"position": {"minX": 344.0, "minY": 320.25, "maxX": 503.5, "maxY": 389.75}, "class_id": 0, "box_caption": "lao 0.009", "scores": {"class_score": 0.00942230224609375}, "domain": "pixel"}, {"position": {"minX": 45.375, "minY": -1.3984375, "maxX": 88.25, "maxY": 21.6875}, "class_id": 0, "box_caption": "lao 0.009", "scores": {"class_score": 0.0093994140625}, "domain": "pixel"}, {"position": {"minX": 108.125, "minY": 87.25, "maxX": 252.875, "maxY": 162.375}, "class_id": 1, "box_caption": "vn_1_line 0.009", "scores": {"class_score": 0.00939178466796875}, "domain": "pixel"}, {"position": {"minX": 656.5, "minY": 26.671875, "maxX": 673.5, "maxY": 76.1875}, "class_id": 2, "box_caption": "vn_2_line 0.009", "scores": {"class_score": 0.0093536376953125}, "domain": "pixel"}, {"position": {"minX": 387.0, "minY": 295.25, "maxX": 487.5, "maxY": 339.25}, "class_id": 1, "box_caption": "vn_1_line 0.009", "scores": {"class_score": 0.00933074951171875}, "domain": "pixel"}, {"position": {"minX": 62.125, "minY": 274.0, "maxX": 239.625, "maxY": 375.0}, "class_id": 2, "box_caption": "vn_2_line 0.009", "scores": {"class_score": 0.0093231201171875}, "domain": "pixel"}, {"position": {"minX": 658.5, "minY": 12.859375, "maxX": 675.5, "maxY": 59.4375}, "class_id": 0, "box_caption": "lao 0.009", "scores": {"class_score": 0.00928497314453125}, "domain": "pixel"}, {"position": {"minX": 159.375, "minY": 251.75, "maxX": 255.125, "maxY": 330.25}, "class_id": 0, "box_caption": "lao 0.009", "scores": {"class_score": 0.00925445556640625}, "domain": "pixel"}, {"position": {"minX": 97.6875, "minY": 282.5, "maxX": 217.25, "maxY": 357.5}, "class_id": 0, "box_caption": "lao 0.009", "scores": {"class_score": 0.0090789794921875}, "domain": "pixel"}, {"position": {"minX": 272.25, "minY": 51.8125, "maxX": 391.75, "maxY": 110.5625}, "class_id": 1, "box_caption": "vn_1_line 0.009", "scores": {"class_score": 0.0090484619140625}, "domain": "pixel"}, {"position": {"minX": 658.0, "minY": 28.671875, "maxX": 675.0, "maxY": 75.5625}, "class_id": 0, "box_caption": "lao 0.009", "scores": {"class_score": 0.00901031494140625}, "domain": "pixel"}, {"position": {"minX": 655.0, "minY": 91.5, "maxX": 668.0, "maxY": 170.75}, "class_id": 0, "box_caption": "lao 0.009", "scores": {"class_score": 0.0089874267578125}, "domain": "pixel"}, {"position": {"minX": 656.5, "minY": 18.984375, "maxX": 673.5, "maxY": 68.0625}, "class_id": 0, "box_caption": "lao 0.009", "scores": {"class_score": 0.0089111328125}, "domain": "pixel"}, {"position": {"minX": 160.625, "minY": 223.0, "maxX": 251.125, "maxY": 296.5}, "class_id": 0, "box_caption": "lao 0.009", "scores": {"class_score": 0.00890350341796875}, "domain": "pixel"}, {"position": {"minX": 297.75, "minY": 64.5, "maxX": 356.75, "maxY": 105.375}, "class_id": 1, "box_caption": "vn_1_line 0.009", "scores": {"class_score": 0.0087432861328125}, "domain": "pixel"}, {"position": {"minX": 180.75, "minY": 237.125, "maxX": 295.75, "maxY": 323.25}, "class_id": 0, "box_caption": "lao 0.009", "scores": {"class_score": 0.00867462158203125}, "domain": "pixel"}, {"position": {"minX": 230.5, "minY": 262.75, "maxX": 350.0, "maxY": 379.25}, "class_id": 0, "box_caption": "lao 0.009", "scores": {"class_score": 0.008636474609375}, "domain": "pixel"}], "class_labels": {"0": "lao", "1": "vn_1_line", "2": "vn_2_line"}}