{"box_data": [{"position": {"minX": 148.5, "minY": -1.734375, "maxX": 206.25, "maxY": 62.75}, "class_id": 0, "box_caption": "lao 0.500", "scores": {"class_score": 0.5}, "domain": "pixel"}, {"position": {"minX": 250.25, "minY": -8.125, "maxX": 333.25, "maxY": 79.875}, "class_id": 0, "box_caption": "lao 0.294", "scores": {"class_score": 0.294189453125}, "domain": "pixel"}, {"position": {"minX": 296.5, "minY": 241.75, "maxX": 393.5, "maxY": 309.75}, "class_id": 1, "box_caption": "vn_1_line 0.291", "scores": {"class_score": 0.290771484375}, "domain": "pixel"}, {"position": {"minX": 559.0, "minY": 0.578125, "maxX": 652.0, "maxY": 54.0625}, "class_id": 1, "box_caption": "vn_1_line 0.289", "scores": {"class_score": 0.288818359375}, "domain": "pixel"}, {"position": {"minX": 422.75, "minY": 242.625, "maxX": 524.0, "maxY": 313.5}, "class_id": 1, "box_caption": "vn_1_line 0.277", "scores": {"class_score": 0.277099609375}, "domain": "pixel"}, {"position": {"minX": 87.5625, "minY": 267.5, "maxX": 282.0, "maxY": 379.5}, "class_id": 0, "box_caption": "lao 0.270", "scores": {"class_score": 0.270263671875}, "domain": "pixel"}, {"position": {"minX": 264.5, "minY": 242.5, "maxX": 365.0, "maxY": 308.5}, "class_id": 1, "box_caption": "vn_1_line 0.263", "scores": {"class_score": 0.263427734375}, "domain": "pixel"}, {"position": {"minX": 326.5, "minY": 241.375, "maxX": 426.0, "maxY": 310.75}, "class_id": 1, "box_caption": "vn_1_line 0.248", "scores": {"class_score": 0.2481689453125}, "domain": "pixel"}, {"position": {"minX": 358.25, "minY": 241.5, "maxX": 458.75, "maxY": 310.5}, "class_id": 1, "box_caption": "vn_1_line 0.248", "scores": {"class_score": 0.2479248046875}, "domain": "pixel"}, {"position": {"minX": -13.75, "minY": 114.75, "maxX": 129.625, "maxY": 218.75}, "class_id": 0, "box_caption": "lao 0.245", "scores": {"class_score": 0.244873046875}, "domain": "pixel"}, {"position": {"minX": 451.25, "minY": 237.0, "maxX": 553.0, "maxY": 317.0}, "class_id": 1, "box_caption": "vn_1_line 0.237", "scores": {"class_score": 0.2371826171875}, "domain": "pixel"}, {"position": {"minX": 390.75, "minY": 240.0, "maxX": 491.75, "maxY": 312.5}, "class_id": 1, "box_caption": "vn_1_line 0.237", "scores": {"class_score": 0.23681640625}, "domain": "pixel"}, {"position": {"minX": 230.5, "minY": 241.0, "maxX": 331.5, "maxY": 309.0}, "class_id": 1, "box_caption": "vn_1_line 0.235", "scores": {"class_score": 0.2352294921875}, "domain": "pixel"}, {"position": {"minX": 533.0, "minY": -1.703125, "maxX": 638.0, "maxY": 48.25}, "class_id": 1, "box_caption": "vn_1_line 0.234", "scores": {"class_score": 0.234375}, "domain": "pixel"}, {"position": {"minX": 198.25, "minY": 239.75, "maxX": 302.0, "maxY": 313.75}, "class_id": 1, "box_caption": "vn_1_line 0.195", "scores": {"class_score": 0.1951904296875}, "domain": "pixel"}, {"position": {"minX": 365.5, "minY": 244.375, "maxX": 562.5, "maxY": 308.0}, "class_id": 1, "box_caption": "vn_1_line 0.179", "scores": {"class_score": 0.1793212890625}, "domain": "pixel"}, {"position": {"minX": 91.3125, "minY": 287.0, "maxX": 230.75, "maxY": 391.0}, "class_id": 0, "box_caption": "lao 0.179", "scores": {"class_score": 0.1788330078125}, "domain": "pixel"}, {"position": {"minX": 236.25, "minY": 243.75, "maxX": 437.75, "maxY": 303.25}, "class_id": 1, "box_caption": "vn_1_line 0.165", "scores": {"class_score": 0.1650390625}, "domain": "pixel"}, {"position": {"minX": -20.0625, "minY": 135.75, "maxX": 138.75, "maxY": 249.25}, "class_id": 0, "box_caption": "lao 0.155", "scores": {"class_score": 0.1552734375}, "domain": "pixel"}, {"position": {"minX": 299.5, "minY": 242.25, "maxX": 501.5, "maxY": 304.25}, "class_id": 1, "box_caption": "vn_1_line 0.151", "scores": {"class_score": 0.1512451171875}, "domain": "pixel"}, {"position": {"minX": 166.875, "minY": 241.375, "maxX": 274.5, "maxY": 315.5}, "class_id": 1, "box_caption": "vn_1_line 0.150", "scores": {"class_score": 0.14990234375}, "domain": "pixel"}, {"position": {"minX": 133.625, "minY": 267.75, "maxX": 359.0, "maxY": 385.25}, "class_id": 0, "box_caption": "lao 0.149", "scores": {"class_score": 0.14892578125}, "domain": "pixel"}, {"position": {"minX": -3.46875, "minY": 113.375, "maxX": 115.25, "maxY": 195.875}, "class_id": 1, "box_caption": "vn_1_line 0.146", "scores": {"class_score": 0.146240234375}, "domain": "pixel"}, {"position": {"minX": 17.8125, "minY": 104.25, "maxX": 118.3125, "maxY": 194.25}, "class_id": 0, "box_caption": "lao 0.142", "scores": {"class_score": 0.1419677734375}, "domain": "pixel"}, {"position": {"minX": 544.0, "minY": 198.625, "maxX": 650.0, "maxY": 287.0}, "class_id": 1, "box_caption": "vn_1_line 0.136", "scores": {"class_score": 0.1356201171875}, "domain": "pixel"}, {"position": {"minX": 514.5, "minY": 206.5, "maxX": 624.5, "maxY": 291.0}, "class_id": 1, "box_caption": "vn_1_line 0.133", "scores": {"class_score": 0.1326904296875}, "domain": "pixel"}, {"position": {"minX": 178.625, "minY": 240.125, "maxX": 369.0, "maxY": 305.0}, "class_id": 1, "box_caption": "vn_1_line 0.130", "scores": {"class_score": 0.1298828125}, "domain": "pixel"}, {"position": {"minX": 473.25, "minY": 205.25, "maxX": 664.5, "maxY": 287.5}, "class_id": 1, "box_caption": "vn_1_line 0.122", "scores": {"class_score": 0.1221923828125}, "domain": "pixel"}, {"position": {"minX": 153.0, "minY": 290.0, "maxX": 296.5, "maxY": 390.0}, "class_id": 0, "box_caption": "lao 0.122", "scores": {"class_score": 0.121826171875}, "domain": "pixel"}, {"position": {"minX": -19.65625, "minY": 165.875, "maxX": 140.0, "maxY": 284.75}, "class_id": 0, "box_caption": "lao 0.119", "scores": {"class_score": 0.11871337890625}, "domain": "pixel"}, {"position": {"minX": 532.5, "minY": -1.578125, "maxX": 617.5, "maxY": 52.75}, "class_id": 0, "box_caption": "lao 0.116", "scores": {"class_score": 0.1160888671875}, "domain": "pixel"}, {"position": {"minX": 175.5, "minY": 118.875, "maxX": 213.0, "maxY": 140.125}, "class_id": 0, "box_caption": "lao 0.112", "scores": {"class_score": 0.112060546875}, "domain": "pixel"}, {"position": {"minX": 261.5, "minY": 238.0, "maxX": 366.0, "maxY": 282.5}, "class_id": 1, "box_caption": "vn_1_line 0.111", "scores": {"class_score": 0.111083984375}, "domain": "pixel"}, {"position": {"minX": 231.875, "minY": 238.625, "maxX": 332.5, "maxY": 281.75}, "class_id": 1, "box_caption": "vn_1_line 0.110", "scores": {"class_score": 0.109619140625}, "domain": "pixel"}, {"position": {"minX": 229.0, "minY": 266.0, "maxX": 457.5, "maxY": 385.0}, "class_id": 0, "box_caption": "lao 0.107", "scores": {"class_score": 0.10693359375}, "domain": "pixel"}, {"position": {"minX": 120.5, "minY": 239.625, "maxX": 308.5, "maxY": 314.5}, "class_id": 1, "box_caption": "vn_1_line 0.107", "scores": {"class_score": 0.10675048828125}, "domain": "pixel"}, {"position": {"minX": 437.5, "minY": 220.5, "maxX": 622.5, "maxY": 314.5}, "class_id": 1, "box_caption": "vn_1_line 0.106", "scores": {"class_score": 0.10638427734375}, "domain": "pixel"}, {"position": {"minX": 414.75, "minY": 294.0, "maxX": 550.0, "maxY": 387.5}, "class_id": 0, "box_caption": "lao 0.103", "scores": {"class_score": 0.10296630859375}, "domain": "pixel"}, {"position": {"minX": 133.625, "minY": 267.75, "maxX": 359.0, "maxY": 385.25}, "class_id": 1, "box_caption": "vn_1_line 0.098", "scores": {"class_score": 0.0980224609375}, "domain": "pixel"}, {"position": {"minX": 149.25, "minY": -3.53125, "maxX": 203.25, "maxY": 63.28125}, "class_id": 2, "box_caption": "vn_2_line 0.097", "scores": {"class_score": 0.09747314453125}, "domain": "pixel"}, {"position": {"minX": -20.0625, "minY": 135.75, "maxX": 138.75, "maxY": 249.25}, "class_id": 2, "box_caption": "vn_2_line 0.097", "scores": {"class_score": 0.096923828125}, "domain": "pixel"}, {"position": {"minX": 92.625, "minY": 315.5, "maxX": 209.625, "maxY": 385.5}, "class_id": 1, "box_caption": "vn_1_line 0.096", "scores": {"class_score": 0.095947265625}, "domain": "pixel"}, {"position": {"minX": 579.5, "minY": -3.203125, "maxX": 667.5, "maxY": 45.375}, "class_id": 1, "box_caption": "vn_1_line 0.095", "scores": {"class_score": 0.09478759765625}, "domain": "pixel"}, {"position": {"minX": 420.5, "minY": 317.75, "maxX": 544.0, "maxY": 384.75}, "class_id": 1, "box_caption": "vn_1_line 0.094", "scores": {"class_score": 0.09393310546875}, "domain": "pixel"}, {"position": {"minX": 288.5, "minY": 269.25, "maxX": 525.0, "maxY": 382.75}, "class_id": 0, "box_caption": "lao 0.094", "scores": {"class_score": 0.09381103515625}, "domain": "pixel"}, {"position": {"minX": 472.75, "minY": 205.375, "maxX": 659.5, "maxY": 313.25}, "class_id": 0, "box_caption": "lao 0.093", "scores": {"class_score": 0.0928955078125}, "domain": "pixel"}, {"position": {"minX": 293.0, "minY": 239.25, "maxX": 397.0, "maxY": 282.75}, "class_id": 1, "box_caption": "vn_1_line 0.092", "scores": {"class_score": 0.091552734375}, "domain": "pixel"}, {"position": {"minX": 92.875, "minY": 217.25, "maxX": 204.125, "maxY": 283.0}, "class_id": 1, "box_caption": "vn_1_line 0.089", "scores": {"class_score": 0.0894775390625}, "domain": "pixel"}, {"position": {"minX": 351.5, "minY": 270.0, "maxX": 593.5, "maxY": 381.5}, "class_id": 0, "box_caption": "lao 0.088", "scores": {"class_score": 0.0875244140625}, "domain": "pixel"}, {"position": {"minX": 195.5, "minY": 269.5, "maxX": 425.5, "maxY": 383.5}, "class_id": 1, "box_caption": "vn_1_line 0.084", "scores": {"class_score": 0.08392333984375}, "domain": "pixel"}, {"position": {"minX": -18.25, "minY": 200.375, "maxX": 143.5, "maxY": 318.75}, "class_id": 0, "box_caption": "lao 0.083", "scores": {"class_score": 0.08282470703125}, "domain": "pixel"}, {"position": {"minX": 288.5, "minY": 269.25, "maxX": 525.0, "maxY": 382.75}, "class_id": 1, "box_caption": "vn_1_line 0.082", "scores": {"class_score": 0.08233642578125}, "domain": "pixel"}, {"position": {"minX": 87.5625, "minY": 267.5, "maxX": 282.0, "maxY": 379.5}, "class_id": 1, "box_caption": "vn_1_line 0.082", "scores": {"class_score": 0.0816650390625}, "domain": "pixel"}, {"position": {"minX": 466.25, "minY": 318.5, "maxX": 594.0, "maxY": 385.5}, "class_id": 1, "box_caption": "vn_1_line 0.080", "scores": {"class_score": 0.08038330078125}, "domain": "pixel"}, {"position": {"minX": 580.0, "minY": -5.71875, "maxX": 666.0, "maxY": 51.09375}, "class_id": 0, "box_caption": "lao 0.079", "scores": {"class_score": 0.0792236328125}, "domain": "pixel"}, {"position": {"minX": 177.0, "minY": 315.0, "maxX": 303.75, "maxY": 388.0}, "class_id": 1, "box_caption": "vn_1_line 0.078", "scores": {"class_score": 0.078125}, "domain": "pixel"}, {"position": {"minX": 351.5, "minY": 270.0, "maxX": 593.5, "maxY": 381.5}, "class_id": 1, "box_caption": "vn_1_line 0.078", "scores": {"class_score": 0.07763671875}, "domain": "pixel"}, {"position": {"minX": 147.0, "minY": 11.859375, "maxX": 201.25, "maxY": 53.4375}, "class_id": 0, "box_caption": "lao 0.077", "scores": {"class_score": 0.07708740234375}, "domain": "pixel"}, {"position": {"minX": 128.875, "minY": 227.375, "maxX": 233.125, "maxY": 281.0}, "class_id": 1, "box_caption": "vn_1_line 0.077", "scores": {"class_score": 0.07696533203125}, "domain": "pixel"}, {"position": {"minX": 200.625, "minY": 238.0, "maxX": 304.0, "maxY": 283.0}, "class_id": 1, "box_caption": "vn_1_line 0.077", "scores": {"class_score": 0.07696533203125}, "domain": "pixel"}, {"position": {"minX": 101.3125, "minY": 250.625, "maxX": 329.75, "maxY": 348.75}, "class_id": 0, "box_caption": "lao 0.077", "scores": {"class_score": 0.076904296875}, "domain": "pixel"}, {"position": {"minX": 487.0, "minY": 219.5, "maxX": 599.0, "maxY": 291.25}, "class_id": 1, "box_caption": "vn_1_line 0.074", "scores": {"class_score": 0.07379150390625}, "domain": "pixel"}, {"position": {"minX": 129.75, "minY": 246.0, "maxX": 359.25, "maxY": 347.0}, "class_id": 1, "box_caption": "vn_1_line 0.074", "scores": {"class_score": 0.07373046875}, "domain": "pixel"}, {"position": {"minX": 303.0, "minY": 315.5, "maxX": 439.0, "maxY": 387.5}, "class_id": 1, "box_caption": "vn_1_line 0.074", "scores": {"class_score": 0.07366943359375}, "domain": "pixel"}, {"position": {"minX": -19.65625, "minY": 165.875, "maxX": 140.0, "maxY": 284.75}, "class_id": 2, "box_caption": "vn_2_line 0.074", "scores": {"class_score": 0.07354736328125}, "domain": "pixel"}, {"position": {"minX": 325.0, "minY": 240.75, "maxX": 431.0, "maxY": 283.25}, "class_id": 1, "box_caption": "vn_1_line 0.073", "scores": {"class_score": 0.07330322265625}, "domain": "pixel"}, {"position": {"minX": 544.5, "minY": 200.625, "maxX": 658.5, "maxY": 255.875}, "class_id": 1, "box_caption": "vn_1_line 0.073", "scores": {"class_score": 0.0731201171875}, "domain": "pixel"}, {"position": {"minX": 254.5, "minY": 229.5, "maxX": 397.5, "maxY": 310.0}, "class_id": 1, "box_caption": "vn_1_line 0.073", "scores": {"class_score": 0.07305908203125}, "domain": "pixel"}, {"position": {"minX": 312.0, "minY": 244.75, "maxX": 560.5, "maxY": 346.25}, "class_id": 1, "box_caption": "vn_1_line 0.073", "scores": {"class_score": 0.07269287109375}, "domain": "pixel"}, {"position": {"minX": 358.0, "minY": 240.75, "maxX": 464.0, "maxY": 283.75}, "class_id": 1, "box_caption": "vn_1_line 0.072", "scores": {"class_score": 0.072021484375}, "domain": "pixel"}, {"position": {"minX": 218.75, "minY": 288.5, "maxX": 359.75, "maxY": 391.0}, "class_id": 0, "box_caption": "lao 0.072", "scores": {"class_score": 0.071533203125}, "domain": "pixel"}, {"position": {"minX": 211.125, "minY": 316.0, "maxX": 335.0, "maxY": 386.0}, "class_id": 1, "box_caption": "vn_1_line 0.072", "scores": {"class_score": 0.071533203125}, "domain": "pixel"}, {"position": {"minX": 299.25, "minY": 289.25, "maxX": 439.25, "maxY": 390.25}, "class_id": 0, "box_caption": "lao 0.071", "scores": {"class_score": 0.0706787109375}, "domain": "pixel"}, {"position": {"minX": 479.5, "minY": 300.5, "maxX": 613.5, "maxY": 385.5}, "class_id": 0, "box_caption": "lao 0.070", "scores": {"class_score": 0.0704345703125}, "domain": "pixel"}, {"position": {"minX": 144.25, "minY": 312.75, "maxX": 274.25, "maxY": 388.75}, "class_id": 1, "box_caption": "vn_1_line 0.069", "scores": {"class_score": 0.069091796875}, "domain": "pixel"}, {"position": {"minX": 130.0, "minY": 236.75, "maxX": 242.0, "maxY": 311.75}, "class_id": 1, "box_caption": "vn_1_line 0.069", "scores": {"class_score": 0.06878662109375}, "domain": "pixel"}, {"position": {"minX": 437.5, "minY": 220.5, "maxX": 622.5, "maxY": 314.5}, "class_id": 0, "box_caption": "lao 0.068", "scores": {"class_score": 0.06768798828125}, "domain": "pixel"}, {"position": {"minX": 411.0, "minY": 273.75, "maxX": 657.0, "maxY": 382.25}, "class_id": 1, "box_caption": "vn_1_line 0.068", "scores": {"class_score": 0.0675048828125}, "domain": "pixel"}, {"position": {"minX": 346.75, "minY": 290.75, "maxX": 486.25, "maxY": 389.25}, "class_id": 0, "box_caption": "lao 0.067", "scores": {"class_score": 0.06707763671875}, "domain": "pixel"}, {"position": {"minX": 0.21875, "minY": 123.25, "maxX": 96.625, "maxY": 196.5}, "class_id": 0, "box_caption": "lao 0.066", "scores": {"class_score": 0.06646728515625}, "domain": "pixel"}, {"position": {"minX": 189.75, "minY": 247.75, "maxX": 428.75, "maxY": 344.75}, "class_id": 1, "box_caption": "vn_1_line 0.066", "scores": {"class_score": 0.06634521484375}, "domain": "pixel"}, {"position": {"minX": 246.5, "minY": 244.125, "maxX": 497.0, "maxY": 346.75}, "class_id": 1, "box_caption": "vn_1_line 0.066", "scores": {"class_score": 0.066162109375}, "domain": "pixel"}, {"position": {"minX": 147.625, "minY": 9.703125, "maxX": 207.125, "maxY": 52.375}, "class_id": 2, "box_caption": "vn_2_line 0.066", "scores": {"class_score": 0.06591796875}, "domain": "pixel"}, {"position": {"minX": 51.25, "minY": 219.5, "maxX": 233.25, "maxY": 289.5}, "class_id": 1, "box_caption": "vn_1_line 0.065", "scores": {"class_score": 0.06549072265625}, "domain": "pixel"}, {"position": {"minX": -13.75, "minY": 114.75, "maxX": 129.625, "maxY": 218.75}, "class_id": 2, "box_caption": "vn_2_line 0.064", "scores": {"class_score": 0.06414794921875}, "domain": "pixel"}, {"position": {"minX": 491.75, "minY": 197.125, "maxX": 616.0, "maxY": 274.5}, "class_id": 1, "box_caption": "vn_1_line 0.063", "scores": {"class_score": 0.0626220703125}, "domain": "pixel"}, {"position": {"minX": 242.75, "minY": 315.5, "maxX": 367.25, "maxY": 387.0}, "class_id": 1, "box_caption": "vn_1_line 0.062", "scores": {"class_score": 0.0623779296875}, "domain": "pixel"}, {"position": {"minX": 500.0, "minY": 318.75, "maxX": 621.0, "maxY": 384.75}, "class_id": 1, "box_caption": "vn_1_line 0.062", "scores": {"class_score": 0.06158447265625}, "domain": "pixel"}, {"position": {"minX": -8.5, "minY": 160.5, "maxX": 109.125, "maxY": 261.75}, "class_id": 0, "box_caption": "lao 0.061", "scores": {"class_score": 0.06146240234375}, "domain": "pixel"}, {"position": {"minX": 353.75, "minY": 315.5, "maxX": 479.25, "maxY": 387.0}, "class_id": 1, "box_caption": "vn_1_line 0.060", "scores": {"class_score": 0.060272216796875}, "domain": "pixel"}, {"position": {"minX": 387.5, "minY": 315.5, "maxX": 513.5, "maxY": 386.0}, "class_id": 1, "box_caption": "vn_1_line 0.060", "scores": {"class_score": 0.060089111328125}, "domain": "pixel"}, {"position": {"minX": 25.59375, "minY": -2.15625, "maxX": 124.875, "maxY": 94.5}, "class_id": 0, "box_caption": "lao 0.060", "scores": {"class_score": 0.059722900390625}, "domain": "pixel"}, {"position": {"minX": 274.5, "minY": 314.5, "maxX": 400.0, "maxY": 387.5}, "class_id": 1, "box_caption": "vn_1_line 0.060", "scores": {"class_score": 0.059600830078125}, "domain": "pixel"}, {"position": {"minX": 380.0, "minY": 241.0, "maxX": 619.5, "maxY": 345.5}, "class_id": 1, "box_caption": "vn_1_line 0.059", "scores": {"class_score": 0.0594482421875}, "domain": "pixel"}, {"position": {"minX": 491.75, "minY": 202.875, "maxX": 700.0, "maxY": 315.75}, "class_id": 1, "box_caption": "vn_1_line 0.058", "scores": {"class_score": 0.0576171875}, "domain": "pixel"}, {"position": {"minX": 411.0, "minY": 273.75, "maxX": 657.0, "maxY": 382.25}, "class_id": 0, "box_caption": "lao 0.057", "scores": {"class_score": 0.057220458984375}, "domain": "pixel"}, {"position": {"minX": 140.375, "minY": 288.25, "maxX": 249.875, "maxY": 396.25}, "class_id": 0, "box_caption": "lao 0.057", "scores": {"class_score": 0.057098388671875}, "domain": "pixel"}, {"position": {"minX": 397.5, "minY": 236.5, "maxX": 540.0, "maxY": 323.5}, "class_id": 1, "box_caption": "vn_1_line 0.057", "scores": {"class_score": 0.056610107421875}, "domain": "pixel"}, {"position": {"minX": 497.75, "minY": 201.0, "maxX": 686.5, "maxY": 281.25}, "class_id": 0, "box_caption": "lao 0.056", "scores": {"class_score": 0.055511474609375}, "domain": "pixel"}, {"position": {"minX": 166.25, "minY": 231.75, "maxX": 272.25, "maxY": 284.75}, "class_id": 1, "box_caption": "vn_1_line 0.055", "scores": {"class_score": 0.055267333984375}, "domain": "pixel"}, {"position": {"minX": 91.375, "minY": 314.75, "maxX": 206.875, "maxY": 387.75}, "class_id": 0, "box_caption": "lao 0.055", "scores": {"class_score": 0.05523681640625}, "domain": "pixel"}, {"position": {"minX": 554.0, "minY": 6.25, "maxX": 651.0, "maxY": 55.5625}, "class_id": 0, "box_caption": "lao 0.055", "scores": {"class_score": 0.054779052734375}, "domain": "pixel"}, {"position": {"minX": 380.0, "minY": 287.25, "maxX": 520.0, "maxY": 392.25}, "class_id": 0, "box_caption": "lao 0.054", "scores": {"class_score": 0.0540771484375}, "domain": "pixel"}, {"position": {"minX": 488.0, "minY": 227.5, "maxX": 706.0, "maxY": 351.0}, "class_id": 0, "box_caption": "lao 0.053", "scores": {"class_score": 0.053070068359375}, "domain": "pixel"}, {"position": {"minX": 73.6875, "minY": 277.75, "maxX": 254.25, "maxY": 381.25}, "class_id": 2, "box_caption": "vn_2_line 0.053", "scores": {"class_score": 0.052703857421875}, "domain": "pixel"}, {"position": {"minX": -18.25, "minY": 200.375, "maxX": 143.5, "maxY": 318.75}, "class_id": 2, "box_caption": "vn_2_line 0.053", "scores": {"class_score": 0.05255126953125}, "domain": "pixel"}, {"position": {"minX": 388.75, "minY": 241.625, "maxX": 495.75, "maxY": 284.25}, "class_id": 1, "box_caption": "vn_1_line 0.052", "scores": {"class_score": 0.052093505859375}, "domain": "pixel"}, {"position": {"minX": 552.0, "minY": 317.75, "maxX": 671.0, "maxY": 385.75}, "class_id": 1, "box_caption": "vn_1_line 0.052", "scores": {"class_score": 0.0516357421875}, "domain": "pixel"}, {"position": {"minX": 458.0, "minY": 234.375, "maxX": 675.0, "maxY": 350.0}, "class_id": 1, "box_caption": "vn_1_line 0.051", "scores": {"class_score": 0.05145263671875}, "domain": "pixel"}, {"position": {"minX": 481.0, "minY": 266.75, "maxX": 713.0, "maxY": 378.75}, "class_id": 0, "box_caption": "lao 0.051", "scores": {"class_score": 0.050933837890625}, "domain": "pixel"}, {"position": {"minX": 173.125, "minY": 113.375, "maxX": 216.125, "maxY": 147.375}, "class_id": 0, "box_caption": "lao 0.050", "scores": {"class_score": 0.0498046875}, "domain": "pixel"}, {"position": {"minX": 175.875, "minY": 116.125, "maxX": 215.125, "maxY": 144.375}, "class_id": 1, "box_caption": "vn_1_line 0.050", "scores": {"class_score": 0.0498046875}, "domain": "pixel"}, {"position": {"minX": 26.125, "minY": -3.703125, "maxX": 108.5, "maxY": 61.125}, "class_id": 0, "box_caption": "lao 0.049", "scores": {"class_score": 0.048675537109375}, "domain": "pixel"}, {"position": {"minX": 178.25, "minY": 271.5, "maxX": 318.5, "maxY": 387.0}, "class_id": 1, "box_caption": "vn_1_line 0.048", "scores": {"class_score": 0.048370361328125}, "domain": "pixel"}, {"position": {"minX": 20.6875, "minY": 206.875, "maxX": 200.75, "maxY": 297.0}, "class_id": 1, "box_caption": "vn_1_line 0.048", "scores": {"class_score": 0.04779052734375}, "domain": "pixel"}, {"position": {"minX": 58.1875, "minY": 253.625, "maxX": 260.0, "maxY": 355.75}, "class_id": 1, "box_caption": "vn_1_line 0.048", "scores": {"class_score": 0.047607421875}, "domain": "pixel"}, {"position": {"minX": 93.0, "minY": 227.875, "maxX": 212.0, "maxY": 308.0}, "class_id": 1, "box_caption": "vn_1_line 0.047", "scores": {"class_score": 0.04669189453125}, "domain": "pixel"}, {"position": {"minX": 551.0, "minY": 286.0, "maxX": 671.0, "maxY": 393.5}, "class_id": 0, "box_caption": "lao 0.046", "scores": {"class_score": 0.046051025390625}, "domain": "pixel"}, {"position": {"minX": 317.75, "minY": 229.25, "maxX": 461.75, "maxY": 311.25}, "class_id": 1, "box_caption": "vn_1_line 0.046", "scores": {"class_score": 0.045989990234375}, "domain": "pixel"}, {"position": {"minX": 44.75, "minY": 29.03125, "maxX": 123.125, "maxY": 106.375}, "class_id": 2, "box_caption": "vn_2_line 0.046", "scores": {"class_score": 0.0458984375}, "domain": "pixel"}, {"position": {"minX": 514.5, "minY": 206.5, "maxX": 624.5, "maxY": 291.0}, "class_id": 0, "box_caption": "lao 0.046", "scores": {"class_score": 0.04559326171875}, "domain": "pixel"}, {"position": {"minX": 196.25, "minY": 238.0, "maxX": 412.25, "maxY": 285.0}, "class_id": 1, "box_caption": "vn_1_line 0.045", "scores": {"class_score": 0.045257568359375}, "domain": "pixel"}, {"position": {"minX": 221.0, "minY": 244.0, "maxX": 461.5, "maxY": 347.0}, "class_id": 0, "box_caption": "lao 0.045", "scores": {"class_score": 0.045013427734375}, "domain": "pixel"}, {"position": {"minX": 490.5, "minY": 199.875, "maxX": 695.5, "maxY": 259.25}, "class_id": 1, "box_caption": "vn_1_line 0.045", "scores": {"class_score": 0.044921875}, "domain": "pixel"}, {"position": {"minX": 90.75, "minY": 299.0, "maxX": 255.75, "maxY": 390.5}, "class_id": 1, "box_caption": "vn_1_line 0.044", "scores": {"class_score": 0.044219970703125}, "domain": "pixel"}, {"position": {"minX": 454.75, "minY": 235.5, "maxX": 562.0, "maxY": 288.5}, "class_id": 1, "box_caption": "vn_1_line 0.044", "scores": {"class_score": 0.0435791015625}, "domain": "pixel"}, {"position": {"minX": 267.25, "minY": -0.296875, "maxX": 334.25, "maxY": 58.9375}, "class_id": 0, "box_caption": "lao 0.043", "scores": {"class_score": 0.042816162109375}, "domain": "pixel"}, {"position": {"minX": 281.0, "minY": 244.625, "maxX": 527.5, "maxY": 347.25}, "class_id": 0, "box_caption": "lao 0.042", "scores": {"class_score": 0.04193115234375}, "domain": "pixel"}, {"position": {"minX": 242.25, "minY": 272.25, "maxX": 381.25, "maxY": 383.75}, "class_id": 1, "box_caption": "vn_1_line 0.042", "scores": {"class_score": 0.041778564453125}, "domain": "pixel"}, {"position": {"minX": 276.0, "minY": 270.5, "maxX": 413.0, "maxY": 385.5}, "class_id": 0, "box_caption": "lao 0.042", "scores": {"class_score": 0.041717529296875}, "domain": "pixel"}, {"position": {"minX": 58.1875, "minY": 253.625, "maxX": 260.0, "maxY": 355.75}, "class_id": 0, "box_caption": "lao 0.042", "scores": {"class_score": 0.041717529296875}, "domain": "pixel"}, {"position": {"minX": 307.0, "minY": 270.75, "maxX": 446.0, "maxY": 384.25}, "class_id": 1, "box_caption": "vn_1_line 0.041", "scores": {"class_score": 0.041259765625}, "domain": "pixel"}, {"position": {"minX": 38.1875, "minY": 273.5, "maxX": 232.25, "maxY": 385.5}, "class_id": 1, "box_caption": "vn_1_line 0.041", "scores": {"class_score": 0.0411376953125}, "domain": "pixel"}, {"position": {"minX": 57.65625, "minY": 202.375, "maxX": 179.25, "maxY": 286.75}, "class_id": 1, "box_caption": "vn_1_line 0.041", "scores": {"class_score": 0.040771484375}, "domain": "pixel"}, {"position": {"minX": 203.625, "minY": 289.25, "maxX": 313.5, "maxY": 396.75}, "class_id": 0, "box_caption": "lao 0.041", "scores": {"class_score": 0.040740966796875}, "domain": "pixel"}, {"position": {"minX": 184.75, "minY": 248.625, "maxX": 309.75, "maxY": 348.5}, "class_id": 1, "box_caption": "vn_1_line 0.041", "scores": {"class_score": 0.040557861328125}, "domain": "pixel"}, {"position": {"minX": -13.59375, "minY": 231.875, "maxX": 135.625, "maxY": 346.5}, "class_id": 0, "box_caption": "lao 0.040", "scores": {"class_score": 0.040069580078125}, "domain": "pixel"}, {"position": {"minX": 398.25, "minY": 237.375, "maxX": 589.5, "maxY": 312.75}, "class_id": 0, "box_caption": "lao 0.039", "scores": {"class_score": 0.0394287109375}, "domain": "pixel"}, {"position": {"minX": 23.0, "minY": 219.5, "maxX": 206.625, "maxY": 318.5}, "class_id": 0, "box_caption": "lao 0.038", "scores": {"class_score": 0.0377197265625}, "domain": "pixel"}, {"position": {"minX": -5.1875, "minY": 181.5, "maxX": 160.75, "maxY": 289.25}, "class_id": 1, "box_caption": "vn_1_line 0.037", "scores": {"class_score": 0.037322998046875}, "domain": "pixel"}, {"position": {"minX": 344.5, "minY": 242.875, "maxX": 593.5, "maxY": 344.5}, "class_id": 0, "box_caption": "lao 0.037", "scores": {"class_score": 0.03717041015625}, "domain": "pixel"}, {"position": {"minX": 544.0, "minY": 198.625, "maxX": 650.0, "maxY": 287.0}, "class_id": 0, "box_caption": "lao 0.037", "scores": {"class_score": 0.036712646484375}, "domain": "pixel"}, {"position": {"minX": 368.0, "minY": 272.5, "maxX": 513.0, "maxY": 383.5}, "class_id": 1, "box_caption": "vn_1_line 0.037", "scores": {"class_score": 0.03668212890625}, "domain": "pixel"}, {"position": {"minX": 152.25, "minY": 247.0, "maxX": 280.75, "maxY": 351.5}, "class_id": 1, "box_caption": "vn_1_line 0.036", "scores": {"class_score": 0.036376953125}, "domain": "pixel"}, {"position": {"minX": 421.0, "minY": 239.25, "maxX": 531.0, "maxY": 287.25}, "class_id": 1, "box_caption": "vn_1_line 0.036", "scores": {"class_score": 0.0362548828125}, "domain": "pixel"}, {"position": {"minX": 120.625, "minY": 228.25, "maxX": 302.5, "maxY": 290.25}, "class_id": 1, "box_caption": "vn_1_line 0.036", "scores": {"class_score": 0.035552978515625}, "domain": "pixel"}, {"position": {"minX": 514.0, "minY": 292.75, "maxX": 643.0, "maxY": 390.75}, "class_id": 0, "box_caption": "lao 0.035", "scores": {"class_score": 0.03515625}, "domain": "pixel"}, {"position": {"minX": 160.25, "minY": 246.75, "maxX": 390.25, "maxY": 345.75}, "class_id": 0, "box_caption": "lao 0.035", "scores": {"class_score": 0.03515625}, "domain": "pixel"}, {"position": {"minX": 148.75, "minY": 235.0, "maxX": 340.25, "maxY": 286.0}, "class_id": 1, "box_caption": "vn_1_line 0.035", "scores": {"class_score": 0.0350341796875}, "domain": "pixel"}, {"position": {"minX": 481.0, "minY": 266.75, "maxX": 713.0, "maxY": 378.75}, "class_id": 1, "box_caption": "vn_1_line 0.035", "scores": {"class_score": 0.03497314453125}, "domain": "pixel"}, {"position": {"minX": 500.5, "minY": 196.0, "maxX": 606.5, "maxY": 278.5}, "class_id": 0, "box_caption": "lao 0.035", "scores": {"class_score": 0.034912109375}, "domain": "pixel"}, {"position": {"minX": -20.0625, "minY": 135.75, "maxX": 138.75, "maxY": 249.25}, "class_id": 1, "box_caption": "vn_1_line 0.035", "scores": {"class_score": 0.03466796875}, "domain": "pixel"}, {"position": {"minX": 250.25, "minY": 248.625, "maxX": 375.75, "maxY": 343.5}, "class_id": 1, "box_caption": "vn_1_line 0.035", "scores": {"class_score": 0.03460693359375}, "domain": "pixel"}, {"position": {"minX": 126.875, "minY": 301.5, "maxX": 232.125, "maxY": 384.0}, "class_id": 1, "box_caption": "vn_1_line 0.035", "scores": {"class_score": 0.034515380859375}, "domain": "pixel"}, {"position": {"minX": 498.75, "minY": 307.25, "maxX": 662.0, "maxY": 391.75}, "class_id": 1, "box_caption": "vn_1_line 0.034", "scores": {"class_score": 0.03424072265625}, "domain": "pixel"}, {"position": {"minX": 257.25, "minY": 240.0, "maxX": 478.75, "maxY": 286.0}, "class_id": 1, "box_caption": "vn_1_line 0.034", "scores": {"class_score": 0.0341796875}, "domain": "pixel"}, {"position": {"minX": 244.25, "minY": -6.46875, "maxX": 338.25, "maxY": 80.875}, "class_id": 2, "box_caption": "vn_2_line 0.034", "scores": {"class_score": 0.033905029296875}, "domain": "pixel"}, {"position": {"minX": 414.75, "minY": 238.375, "maxX": 653.0, "maxY": 347.0}, "class_id": 0, "box_caption": "lao 0.034", "scores": {"class_score": 0.033538818359375}, "domain": "pixel"}, {"position": {"minX": 268.5, "minY": 287.75, "maxX": 377.5, "maxY": 396.75}, "class_id": 0, "box_caption": "lao 0.034", "scores": {"class_score": 0.03350830078125}, "domain": "pixel"}, {"position": {"minX": -18.25, "minY": 200.375, "maxX": 143.5, "maxY": 318.75}, "class_id": 1, "box_caption": "vn_1_line 0.033", "scores": {"class_score": 0.0333251953125}, "domain": "pixel"}, {"position": {"minX": 479.75, "minY": 219.625, "maxX": 589.5, "maxY": 315.25}, "class_id": 0, "box_caption": "lao 0.033", "scores": {"class_score": 0.033294677734375}, "domain": "pixel"}, {"position": {"minX": 217.0, "minY": 248.625, "maxX": 342.5, "maxY": 345.5}, "class_id": 1, "box_caption": "vn_1_line 0.033", "scores": {"class_score": 0.033203125}, "domain": "pixel"}, {"position": {"minX": 461.0, "minY": 295.0, "maxX": 570.0, "maxY": 394.0}, "class_id": 0, "box_caption": "lao 0.033", "scores": {"class_score": 0.032958984375}, "domain": "pixel"}, {"position": {"minX": 431.75, "minY": 273.0, "maxX": 578.0, "maxY": 384.5}, "class_id": 1, "box_caption": "vn_1_line 0.033", "scores": {"class_score": 0.03277587890625}, "domain": "pixel"}, {"position": {"minX": 120.5, "minY": 239.625, "maxX": 308.5, "maxY": 314.5}, "class_id": 0, "box_caption": "lao 0.033", "scores": {"class_score": 0.03271484375}, "domain": "pixel"}, {"position": {"minX": 139.25, "minY": 254.25, "maxX": 279.0, "maxY": 362.25}, "class_id": 0, "box_caption": "lao 0.033", "scores": {"class_score": 0.03253173828125}, "domain": "pixel"}, {"position": {"minX": 526.0, "minY": 203.125, "maxX": 703.0, "maxY": 319.0}, "class_id": 0, "box_caption": "lao 0.033", "scores": {"class_score": 0.032501220703125}, "domain": "pixel"}, {"position": {"minX": 143.0, "minY": -2.765625, "maxX": 194.25, "maxY": 47.75}, "class_id": 0, "box_caption": "lao 0.031", "scores": {"class_score": 0.031402587890625}, "domain": "pixel"}, {"position": {"minX": 283.0, "minY": 247.0, "maxX": 407.5, "maxY": 344.0}, "class_id": 1, "box_caption": "vn_1_line 0.031", "scores": {"class_score": 0.031280517578125}, "domain": "pixel"}, {"position": {"minX": 316.0, "minY": 237.625, "maxX": 546.5, "maxY": 290.5}, "class_id": 1, "box_caption": "vn_1_line 0.031", "scores": {"class_score": 0.0310516357421875}, "domain": "pixel"}, {"position": {"minX": 378.5, "minY": 247.75, "maxX": 505.0, "maxY": 340.25}, "class_id": 1, "box_caption": "vn_1_line 0.031", "scores": {"class_score": 0.0307159423828125}, "domain": "pixel"}, {"position": {"minX": 344.75, "minY": 248.375, "maxX": 472.75, "maxY": 341.75}, "class_id": 1, "box_caption": "vn_1_line 0.031", "scores": {"class_score": 0.0305633544921875}, "domain": "pixel"}, {"position": {"minX": 431.75, "minY": 273.0, "maxX": 578.0, "maxY": 384.5}, "class_id": 0, "box_caption": "lao 0.030", "scores": {"class_score": 0.0301666259765625}, "domain": "pixel"}, {"position": {"minX": 5.71875, "minY": 137.375, "maxX": 106.625, "maxY": 220.875}, "class_id": 0, "box_caption": "lao 0.029", "scores": {"class_score": 0.02935791015625}, "domain": "pixel"}, {"position": {"minX": 459.25, "minY": 335.0, "maxX": 560.0, "maxY": 389.0}, "class_id": 1, "box_caption": "vn_1_line 0.029", "scores": {"class_score": 0.029205322265625}, "domain": "pixel"}, {"position": {"minX": 507.0, "minY": 188.25, "maxX": 647.0, "maxY": 300.75}, "class_id": 0, "box_caption": "lao 0.028", "scores": {"class_score": 0.0284271240234375}, "domain": "pixel"}, {"position": {"minX": 178.375, "minY": 114.0625, "maxX": 207.125, "maxY": 138.0}, "class_id": 0, "box_caption": "lao 0.028", "scores": {"class_score": 0.0279998779296875}, "domain": "pixel"}, {"position": {"minX": -1.6875, "minY": 231.625, "maxX": 177.0, "maxY": 350.5}, "class_id": 1, "box_caption": "vn_1_line 0.028", "scores": {"class_score": 0.027679443359375}, "domain": "pixel"}, {"position": {"minX": 330.5, "minY": 242.0, "maxX": 535.5, "maxY": 306.5}, "class_id": 0, "box_caption": "lao 0.027", "scores": {"class_score": 0.0273895263671875}, "domain": "pixel"}, {"position": {"minX": 451.25, "minY": 237.0, "maxX": 553.0, "maxY": 317.0}, "class_id": 0, "box_caption": "lao 0.027", "scores": {"class_score": 0.027191162109375}, "domain": "pixel"}, {"position": {"minX": 440.5, "minY": 245.5, "maxX": 566.5, "maxY": 339.5}, "class_id": 1, "box_caption": "vn_1_line 0.027", "scores": {"class_score": 0.02703857421875}, "domain": "pixel"}, {"position": {"minX": 397.0, "minY": 229.375, "maxX": 609.5, "maxY": 295.25}, "class_id": 1, "box_caption": "vn_1_line 0.027", "scores": {"class_score": 0.02667236328125}, "domain": "pixel"}, {"position": {"minX": 536.5, "minY": 0.953125, "maxX": 590.5, "maxY": 49.1875}, "class_id": 0, "box_caption": "lao 0.026", "scores": {"class_score": 0.0263519287109375}, "domain": "pixel"}, {"position": {"minX": 252.75, "minY": -14.25, "maxX": 336.25, "maxY": 50.375}, "class_id": 0, "box_caption": "lao 0.026", "scores": {"class_score": 0.0260772705078125}, "domain": "pixel"}, {"position": {"minX": 73.8125, "minY": 275.0, "maxX": 201.0, "maxY": 381.5}, "class_id": 0, "box_caption": "lao 0.026", "scores": {"class_score": 0.0255279541015625}, "domain": "pixel"}, {"position": {"minX": 490.5, "minY": 217.0, "maxX": 630.5, "maxY": 332.0}, "class_id": 0, "box_caption": "lao 0.025", "scores": {"class_score": 0.02508544921875}, "domain": "pixel"}, {"position": {"minX": 547.0, "minY": 233.375, "maxX": 671.0, "maxY": 346.25}, "class_id": 0, "box_caption": "lao 0.025", "scores": {"class_score": 0.0249176025390625}, "domain": "pixel"}, {"position": {"minX": 3.125, "minY": 115.5, "maxX": 96.25, "maxY": 177.25}, "class_id": 1, "box_caption": "vn_1_line 0.025", "scores": {"class_score": 0.024505615234375}, "domain": "pixel"}, {"position": {"minX": 493.25, "minY": 342.0, "maxX": 603.5, "maxY": 386.5}, "class_id": 1, "box_caption": "vn_1_line 0.024", "scores": {"class_score": 0.0244903564453125}, "domain": "pixel"}, {"position": {"minX": -2.875, "minY": -10.09375, "maxX": 122.8125, "maxY": 90.0}, "class_id": 2, "box_caption": "vn_2_line 0.024", "scores": {"class_score": 0.02447509765625}, "domain": "pixel"}, {"position": {"minX": 470.75, "minY": 242.125, "maxX": 603.5, "maxY": 341.5}, "class_id": 1, "box_caption": "vn_1_line 0.024", "scores": {"class_score": 0.024383544921875}, "domain": "pixel"}, {"position": {"minX": 236.25, "minY": 243.75, "maxX": 437.75, "maxY": 303.25}, "class_id": 0, "box_caption": "lao 0.024", "scores": {"class_score": 0.023956298828125}, "domain": "pixel"}, {"position": {"minX": 578.5, "minY": 301.25, "maxX": 671.5, "maxY": 384.25}, "class_id": 0, "box_caption": "lao 0.024", "scores": {"class_score": 0.0235748291015625}, "domain": "pixel"}, {"position": {"minX": 331.5, "minY": 291.75, "maxX": 471.0, "maxY": 388.75}, "class_id": 1, "box_caption": "vn_1_line 0.023", "scores": {"class_score": 0.0232391357421875}, "domain": "pixel"}, {"position": {"minX": 253.125, "minY": 254.375, "maxX": 390.5, "maxY": 363.0}, "class_id": 0, "box_caption": "lao 0.023", "scores": {"class_score": 0.022979736328125}, "domain": "pixel"}, {"position": {"minX": 480.25, "minY": 327.0, "maxX": 611.5, "maxY": 400.0}, "class_id": 1, "box_caption": "vn_1_line 0.023", "scores": {"class_score": 0.02294921875}, "domain": "pixel"}, {"position": {"minX": 241.0, "minY": -1.28125, "maxX": 310.5, "maxY": 61.65625}, "class_id": 0, "box_caption": "lao 0.023", "scores": {"class_score": 0.0228729248046875}, "domain": "pixel"}, {"position": {"minX": 506.25, "minY": 194.125, "maxX": 634.0, "maxY": 257.0}, "class_id": 1, "box_caption": "vn_1_line 0.023", "scores": {"class_score": 0.0227508544921875}, "domain": "pixel"}, {"position": {"minX": 110.25, "minY": 264.0, "maxX": 321.75, "maxY": 382.0}, "class_id": 2, "box_caption": "vn_2_line 0.023", "scores": {"class_score": 0.0226593017578125}, "domain": "pixel"}, {"position": {"minX": 166.875, "minY": 241.375, "maxX": 274.5, "maxY": 315.5}, "class_id": 0, "box_caption": "lao 0.023", "scores": {"class_score": 0.0225067138671875}, "domain": "pixel"}, {"position": {"minX": 534.0, "minY": 4.75, "maxX": 607.0, "maxY": 53.71875}, "class_id": 1, "box_caption": "vn_1_line 0.022", "scores": {"class_score": 0.022369384765625}, "domain": "pixel"}, {"position": {"minX": 171.75, "minY": 108.875, "maxX": 237.25, "maxY": 156.625}, "class_id": 1, "box_caption": "vn_1_line 0.022", "scores": {"class_score": 0.0220184326171875}, "domain": "pixel"}, {"position": {"minX": 418.75, "minY": 333.75, "maxX": 521.5, "maxY": 389.75}, "class_id": 1, "box_caption": "vn_1_line 0.022", "scores": {"class_score": 0.02191162109375}, "domain": "pixel"}, {"position": {"minX": 178.625, "minY": 240.125, "maxX": 369.0, "maxY": 305.0}, "class_id": 0, "box_caption": "lao 0.021", "scores": {"class_score": 0.0214385986328125}, "domain": "pixel"}, {"position": {"minX": 525.0, "minY": 335.75, "maxX": 622.0, "maxY": 388.75}, "class_id": 1, "box_caption": "vn_1_line 0.021", "scores": {"class_score": 0.0211639404296875}, "domain": "pixel"}, {"position": {"minX": 198.25, "minY": 239.75, "maxX": 302.0, "maxY": 313.75}, "class_id": 0, "box_caption": "lao 0.021", "scores": {"class_score": 0.021148681640625}, "domain": "pixel"}, {"position": {"minX": 51.25, "minY": 219.5, "maxX": 233.25, "maxY": 289.5}, "class_id": 0, "box_caption": "lao 0.020", "scores": {"class_score": 0.0201873779296875}, "domain": "pixel"}, {"position": {"minX": 394.75, "minY": 229.0, "maxX": 515.5, "maxY": 281.0}, "class_id": 1, "box_caption": "vn_1_line 0.020", "scores": {"class_score": 0.0201568603515625}, "domain": "pixel"}, {"position": {"minX": 21.5, "minY": 79.0, "maxX": 145.125, "maxY": 167.625}, "class_id": 0, "box_caption": "lao 0.020", "scores": {"class_score": 0.020050048828125}, "domain": "pixel"}, {"position": {"minX": 177.0, "minY": 315.0, "maxX": 303.75, "maxY": 388.0}, "class_id": 0, "box_caption": "lao 0.020", "scores": {"class_score": 0.0200347900390625}, "domain": "pixel"}, {"position": {"minX": 422.75, "minY": 242.625, "maxX": 524.0, "maxY": 313.5}, "class_id": 0, "box_caption": "lao 0.020", "scores": {"class_score": 0.0199737548828125}, "domain": "pixel"}, {"position": {"minX": 163.25, "minY": 333.75, "maxX": 264.5, "maxY": 390.25}, "class_id": 1, "box_caption": "vn_1_line 0.020", "scores": {"class_score": 0.0199432373046875}, "domain": "pixel"}, {"position": {"minX": 156.5, "minY": 325.0, "maxX": 294.75, "maxY": 402.0}, "class_id": 1, "box_caption": "vn_1_line 0.020", "scores": {"class_score": 0.0197906494140625}, "domain": "pixel"}, {"position": {"minX": 184.75, "minY": 248.625, "maxX": 309.75, "maxY": 348.5}, "class_id": 0, "box_caption": "lao 0.020", "scores": {"class_score": 0.0196075439453125}, "domain": "pixel"}, {"position": {"minX": 430.25, "minY": 325.25, "maxX": 566.0, "maxY": 401.25}, "class_id": 1, "box_caption": "vn_1_line 0.019", "scores": {"class_score": 0.019439697265625}, "domain": "pixel"}, {"position": {"minX": 230.5, "minY": 241.0, "maxX": 331.5, "maxY": 309.0}, "class_id": 0, "box_caption": "lao 0.019", "scores": {"class_score": 0.019378662109375}, "domain": "pixel"}, {"position": {"minX": 501.0, "minY": 238.25, "maxX": 634.0, "maxY": 344.75}, "class_id": 1, "box_caption": "vn_1_line 0.019", "scores": {"class_score": 0.019317626953125}, "domain": "pixel"}, {"position": {"minX": 219.5, "minY": 333.75, "maxX": 320.0, "maxY": 390.75}, "class_id": 1, "box_caption": "vn_1_line 0.019", "scores": {"class_score": 0.0193023681640625}, "domain": "pixel"}, {"position": {"minX": 227.0, "minY": 316.5, "maxX": 351.0, "maxY": 386.0}, "class_id": 0, "box_caption": "lao 0.019", "scores": {"class_score": 0.0192718505859375}, "domain": "pixel"}, {"position": {"minX": 282.25, "minY": 288.0, "maxX": 424.75, "maxY": 392.0}, "class_id": 1, "box_caption": "vn_1_line 0.019", "scores": {"class_score": 0.0191192626953125}, "domain": "pixel"}, {"position": {"minX": 398.0, "minY": 290.75, "maxX": 536.0, "maxY": 389.75}, "class_id": 1, "box_caption": "vn_1_line 0.019", "scores": {"class_score": 0.0191192626953125}, "domain": "pixel"}, {"position": {"minX": 95.625, "minY": 255.375, "maxX": 222.875, "maxY": 351.5}, "class_id": 1, "box_caption": "vn_1_line 0.019", "scores": {"class_score": 0.0190277099609375}, "domain": "pixel"}, {"position": {"minX": 218.75, "minY": 288.5, "maxX": 359.75, "maxY": 391.0}, "class_id": 1, "box_caption": "vn_1_line 0.019", "scores": {"class_score": 0.019012451171875}, "domain": "pixel"}, {"position": {"minX": 569.0, "minY": 236.875, "maxX": 680.0, "maxY": 344.5}, "class_id": 2, "box_caption": "vn_2_line 0.019", "scores": {"class_score": 0.018798828125}, "domain": "pixel"}, {"position": {"minX": -13.59375, "minY": 231.875, "maxX": 135.625, "maxY": 346.5}, "class_id": 2, "box_caption": "vn_2_line 0.019", "scores": {"class_score": 0.0187835693359375}, "domain": "pixel"}, {"position": {"minX": 405.0, "minY": 316.5, "maxX": 529.0, "maxY": 385.5}, "class_id": 0, "box_caption": "lao 0.019", "scores": {"class_score": 0.0187225341796875}, "domain": "pixel"}, {"position": {"minX": 214.125, "minY": 231.375, "maxX": 287.5, "maxY": 265.5}, "class_id": 1, "box_caption": "vn_1_line 0.018", "scores": {"class_score": 0.0184783935546875}, "domain": "pixel"}, {"position": {"minX": 81.125, "minY": 253.5, "maxX": 293.0, "maxY": 353.5}, "class_id": 2, "box_caption": "vn_2_line 0.018", "scores": {"class_score": 0.01837158203125}, "domain": "pixel"}, {"position": {"minX": 528.0, "minY": 222.75, "maxX": 703.0, "maxY": 355.75}, "class_id": 1, "box_caption": "vn_1_line 0.018", "scores": {"class_score": 0.01837158203125}, "domain": "pixel"}, {"position": {"minX": 333.5, "minY": 323.75, "maxX": 470.0, "maxY": 402.75}, "class_id": 1, "box_caption": "vn_1_line 0.018", "scores": {"class_score": 0.0182647705078125}, "domain": "pixel"}, {"position": {"minX": 296.5, "minY": 241.75, "maxX": 393.5, "maxY": 309.75}, "class_id": 0, "box_caption": "lao 0.018", "scores": {"class_score": 0.018218994140625}, "domain": "pixel"}, {"position": {"minX": 339.0, "minY": 315.25, "maxX": 463.5, "maxY": 386.75}, "class_id": 0, "box_caption": "lao 0.018", "scores": {"class_score": 0.0181884765625}, "domain": "pixel"}, {"position": {"minX": 528.0, "minY": 222.75, "maxX": 703.0, "maxY": 355.75}, "class_id": 2, "box_caption": "vn_2_line 0.018", "scores": {"class_score": 0.0181732177734375}, "domain": "pixel"}, {"position": {"minX": 602.5, "minY": -0.484375, "maxX": 670.5, "maxY": 47.3125}, "class_id": 0, "box_caption": "lao 0.018", "scores": {"class_score": 0.018157958984375}, "domain": "pixel"}, {"position": {"minX": 290.75, "minY": 314.75, "maxX": 415.75, "maxY": 387.25}, "class_id": 0, "box_caption": "lao 0.018", "scores": {"class_score": 0.0180816650390625}, "domain": "pixel"}, {"position": {"minX": 390.75, "minY": 240.0, "maxX": 491.75, "maxY": 312.5}, "class_id": 0, "box_caption": "lao 0.018", "scores": {"class_score": 0.0180816650390625}, "domain": "pixel"}, {"position": {"minX": 251.75, "minY": 334.0, "maxX": 352.25, "maxY": 390.0}, "class_id": 1, "box_caption": "vn_1_line 0.018", "scores": {"class_score": 0.0179901123046875}, "domain": "pixel"}, {"position": {"minX": 158.625, "minY": -4.25, "maxX": 212.125, "maxY": 47.3125}, "class_id": 0, "box_caption": "lao 0.018", "scores": {"class_score": 0.0177154541015625}, "domain": "pixel"}, {"position": {"minX": 304.5, "minY": 221.75, "maxX": 437.0, "maxY": 331.75}, "class_id": 1, "box_caption": "vn_1_line 0.018", "scores": {"class_score": 0.0177154541015625}, "domain": "pixel"}, {"position": {"minX": 136.625, "minY": -2.75, "maxX": 222.375, "maxY": 66.375}, "class_id": 2, "box_caption": "vn_2_line 0.018", "scores": {"class_score": 0.017608642578125}, "domain": "pixel"}, {"position": {"minX": 533.5, "minY": 317.25, "maxX": 653.5, "maxY": 386.25}, "class_id": 0, "box_caption": "lao 0.017", "scores": {"class_score": 0.0174713134765625}, "domain": "pixel"}, {"position": {"minX": 221.25, "minY": 324.5, "maxX": 358.25, "maxY": 402.0}, "class_id": 1, "box_caption": "vn_1_line 0.017", "scores": {"class_score": 0.017425537109375}, "domain": "pixel"}, {"position": {"minX": 57.65625, "minY": 202.375, "maxX": 179.25, "maxY": 286.75}, "class_id": 0, "box_caption": "lao 0.017", "scores": {"class_score": 0.0173492431640625}, "domain": "pixel"}, {"position": {"minX": 524.5, "minY": 255.25, "maxX": 707.5, "maxY": 390.25}, "class_id": 2, "box_caption": "vn_2_line 0.017", "scores": {"class_score": 0.017333984375}, "domain": "pixel"}, {"position": {"minX": 326.5, "minY": 241.375, "maxX": 426.0, "maxY": 310.75}, "class_id": 0, "box_caption": "lao 0.017", "scores": {"class_score": 0.0173187255859375}, "domain": "pixel"}, {"position": {"minX": 126.875, "minY": 301.5, "maxX": 232.125, "maxY": 384.0}, "class_id": 0, "box_caption": "lao 0.017", "scores": {"class_score": 0.0173187255859375}, "domain": "pixel"}, {"position": {"minX": 573.5, "minY": 297.25, "maxX": 676.5, "maxY": 386.75}, "class_id": 2, "box_caption": "vn_2_line 0.017", "scores": {"class_score": 0.017120361328125}, "domain": "pixel"}, {"position": {"minX": -10.5625, "minY": 194.375, "maxX": 112.5, "maxY": 290.5}, "class_id": 0, "box_caption": "lao 0.017", "scores": {"class_score": 0.01702880859375}, "domain": "pixel"}, {"position": {"minX": 108.6875, "minY": 324.5, "maxX": 246.5, "maxY": 402.0}, "class_id": 1, "box_caption": "vn_1_line 0.017", "scores": {"class_score": 0.01690673828125}, "domain": "pixel"}, {"position": {"minX": 188.25, "minY": 341.25, "maxX": 300.0, "maxY": 386.75}, "class_id": 1, "box_caption": "vn_1_line 0.017", "scores": {"class_score": 0.01678466796875}, "domain": "pixel"}, {"position": {"minX": 358.25, "minY": 241.5, "maxX": 458.75, "maxY": 310.5}, "class_id": 0, "box_caption": "lao 0.017", "scores": {"class_score": 0.0167236328125}, "domain": "pixel"}, {"position": {"minX": 244.25, "minY": -6.46875, "maxX": 338.25, "maxY": 80.875}, "class_id": 1, "box_caption": "vn_1_line 0.017", "scores": {"class_score": 0.016693115234375}, "domain": "pixel"}, {"position": {"minX": 384.25, "minY": 269.75, "maxX": 621.5, "maxY": 384.25}, "class_id": 2, "box_caption": "vn_2_line 0.017", "scores": {"class_score": 0.0166778564453125}, "domain": "pixel"}, {"position": {"minX": 264.5, "minY": 242.5, "maxX": 365.0, "maxY": 308.5}, "class_id": 0, "box_caption": "lao 0.017", "scores": {"class_score": 0.0166015625}, "domain": "pixel"}, {"position": {"minX": 491.75, "minY": 202.875, "maxX": 700.0, "maxY": 315.75}, "class_id": 2, "box_caption": "vn_2_line 0.016", "scores": {"class_score": 0.016387939453125}, "domain": "pixel"}, {"position": {"minX": 355.5, "minY": 333.5, "maxX": 456.5, "maxY": 390.0}, "class_id": 1, "box_caption": "vn_1_line 0.016", "scores": {"class_score": 0.0162506103515625}, "domain": "pixel"}, {"position": {"minX": 234.25, "minY": 229.0, "maxX": 314.75, "maxY": 267.0}, "class_id": 1, "box_caption": "vn_1_line 0.016", "scores": {"class_score": 0.0160675048828125}, "domain": "pixel"}, {"position": {"minX": 122.5, "minY": 332.75, "maxX": 226.0, "maxY": 390.75}, "class_id": 1, "box_caption": "vn_1_line 0.016", "scores": {"class_score": 0.0160675048828125}, "domain": "pixel"}, {"position": {"minX": 515.5, "minY": 327.5, "maxX": 641.5, "maxY": 400.0}, "class_id": 1, "box_caption": "vn_1_line 0.016", "scores": {"class_score": 0.016021728515625}, "domain": "pixel"}, {"position": {"minX": 567.0, "minY": 190.25, "maxX": 679.0, "maxY": 296.25}, "class_id": 0, "box_caption": "lao 0.016", "scores": {"class_score": 0.015899658203125}, "domain": "pixel"}, {"position": {"minX": 0.21875, "minY": 123.25, "maxX": 96.625, "maxY": 196.5}, "class_id": 2, "box_caption": "vn_2_line 0.016", "scores": {"class_score": 0.015838623046875}, "domain": "pixel"}, {"position": {"minX": 436.0, "minY": 319.25, "maxX": 558.5, "maxY": 383.75}, "class_id": 0, "box_caption": "lao 0.016", "scores": {"class_score": 0.0158233642578125}, "domain": "pixel"}, {"position": {"minX": 125.875, "minY": 257.5, "maxX": 235.125, "maxY": 365.5}, "class_id": 0, "box_caption": "lao 0.016", "scores": {"class_score": 0.0157928466796875}, "domain": "pixel"}, {"position": {"minX": 292.25, "minY": 333.75, "maxX": 391.75, "maxY": 389.75}, "class_id": 1, "box_caption": "vn_1_line 0.016", "scores": {"class_score": 0.0157470703125}, "domain": "pixel"}, {"position": {"minX": 195.5, "minY": 269.5, "maxX": 425.5, "maxY": 383.5}, "class_id": 2, "box_caption": "vn_2_line 0.016", "scores": {"class_score": 0.0157318115234375}, "domain": "pixel"}, {"position": {"minX": 397.5, "minY": 323.25, "maxX": 535.5, "maxY": 403.75}, "class_id": 1, "box_caption": "vn_1_line 0.016", "scores": {"class_score": 0.0157012939453125}, "domain": "pixel"}, {"position": {"minX": 317.5, "minY": 341.75, "maxX": 428.0, "maxY": 386.25}, "class_id": 1, "box_caption": "vn_1_line 0.015", "scores": {"class_score": 0.0154876708984375}, "domain": "pixel"}, {"position": {"minX": 256.75, "minY": 268.25, "maxX": 493.75, "maxY": 384.25}, "class_id": 2, "box_caption": "vn_2_line 0.015", "scores": {"class_score": 0.01548004150390625}, "domain": "pixel"}, {"position": {"minX": 299.75, "minY": 252.0, "maxX": 438.75, "maxY": 365.5}, "class_id": 0, "box_caption": "lao 0.015", "scores": {"class_score": 0.01544952392578125}, "domain": "pixel"}, {"position": {"minX": 72.25, "minY": 286.0, "maxX": 195.75, "maxY": 372.0}, "class_id": 1, "box_caption": "vn_1_line 0.015", "scores": {"class_score": 0.01540374755859375}, "domain": "pixel"}, {"position": {"minX": 576.5, "minY": 343.0, "maxX": 675.5, "maxY": 386.0}, "class_id": 1, "box_caption": "vn_1_line 0.015", "scores": {"class_score": 0.01491546630859375}, "domain": "pixel"}, {"position": {"minX": 141.375, "minY": 342.5, "maxX": 252.125, "maxY": 386.0}, "class_id": 1, "box_caption": "vn_1_line 0.015", "scores": {"class_score": 0.0147705078125}, "domain": "pixel"}, {"position": {"minX": 84.75, "minY": 289.75, "maxX": 214.0, "maxY": 390.25}, "class_id": 2, "box_caption": "vn_2_line 0.015", "scores": {"class_score": 0.0146484375}, "domain": "pixel"}, {"position": {"minX": 286.0, "minY": 323.25, "maxX": 422.5, "maxY": 403.25}, "class_id": 1, "box_caption": "vn_1_line 0.015", "scores": {"class_score": 0.01461029052734375}, "domain": "pixel"}, {"position": {"minX": 40.6875, "minY": 7.25, "maxX": 119.5625, "maxY": 92.125}, "class_id": 2, "box_caption": "vn_2_line 0.014", "scores": {"class_score": 0.014373779296875}, "domain": "pixel"}, {"position": {"minX": 2.71875, "minY": 187.625, "maxX": 93.0, "maxY": 271.5}, "class_id": 0, "box_caption": "lao 0.014", "scores": {"class_score": 0.01433563232421875}, "domain": "pixel"}, {"position": {"minX": 316.25, "minY": 269.5, "maxX": 561.0, "maxY": 383.5}, "class_id": 2, "box_caption": "vn_2_line 0.014", "scores": {"class_score": 0.01424407958984375}, "domain": "pixel"}, {"position": {"minX": 177.875, "minY": 115.625, "maxX": 212.375, "maxY": 140.875}, "class_id": 2, "box_caption": "vn_2_line 0.014", "scores": {"class_score": 0.014068603515625}, "domain": "pixel"}, {"position": {"minX": 488.5, "minY": 261.5, "maxX": 631.5, "maxY": 393.0}, "class_id": 0, "box_caption": "lao 0.014", "scores": {"class_score": 0.0139617919921875}, "domain": "pixel"}, {"position": {"minX": 550.5, "minY": 336.0, "maxX": 645.5, "maxY": 388.5}, "class_id": 1, "box_caption": "vn_1_line 0.014", "scores": {"class_score": 0.01395416259765625}, "domain": "pixel"}, {"position": {"minX": -10.3125, "minY": 151.5, "maxX": 101.0625, "maxY": 273.0}, "class_id": 2, "box_caption": "vn_2_line 0.014", "scores": {"class_score": 0.013916015625}, "domain": "pixel"}, {"position": {"minX": 446.0, "minY": 269.25, "maxX": 685.0, "maxY": 381.75}, "class_id": 2, "box_caption": "vn_2_line 0.014", "scores": {"class_score": 0.01384735107421875}, "domain": "pixel"}, {"position": {"minX": 92.875, "minY": 217.25, "maxX": 204.125, "maxY": 283.0}, "class_id": 0, "box_caption": "lao 0.014", "scores": {"class_score": 0.013824462890625}, "domain": "pixel"}, {"position": {"minX": 494.5, "minY": 297.25, "maxX": 601.5, "maxY": 393.25}, "class_id": 1, "box_caption": "vn_1_line 0.014", "scores": {"class_score": 0.01377105712890625}, "domain": "pixel"}, {"position": {"minX": 458.0, "minY": 234.375, "maxX": 675.0, "maxY": 350.0}, "class_id": 2, "box_caption": "vn_2_line 0.014", "scores": {"class_score": 0.013702392578125}, "domain": "pixel"}, {"position": {"minX": 93.0, "minY": 227.875, "maxX": 212.0, "maxY": 308.0}, "class_id": 0, "box_caption": "lao 0.014", "scores": {"class_score": 0.01367950439453125}, "domain": "pixel"}, {"position": {"minX": 97.75, "minY": 2.71875, "maxX": 225.5, "maxY": 81.5}, "class_id": 0, "box_caption": "lao 0.014", "scores": {"class_score": 0.01352691650390625}, "domain": "pixel"}, {"position": {"minX": -21.875, "minY": 126.875, "maxX": 109.75, "maxY": 219.625}, "class_id": 1, "box_caption": "vn_1_line 0.013", "scores": {"class_score": 0.0134735107421875}, "domain": "pixel"}, {"position": {"minX": 577.0, "minY": 250.5, "maxX": 676.0, "maxY": 337.5}, "class_id": 0, "box_caption": "lao 0.013", "scores": {"class_score": 0.01325225830078125}, "domain": "pixel"}, {"position": {"minX": 437.5, "minY": 220.5, "maxX": 622.5, "maxY": 314.5}, "class_id": 2, "box_caption": "vn_2_line 0.013", "scores": {"class_score": 0.01324462890625}, "domain": "pixel"}, {"position": {"minX": 172.375, "minY": 288.25, "maxX": 282.0, "maxY": 398.25}, "class_id": 1, "box_caption": "vn_1_line 0.013", "scores": {"class_score": 0.01323699951171875}, "domain": "pixel"}, {"position": {"minX": -3.734375, "minY": -2.5234375, "maxX": 41.75, "maxY": 32.40625}, "class_id": 0, "box_caption": "lao 0.013", "scores": {"class_score": 0.01317596435546875}, "domain": "pixel"}, {"position": {"minX": 418.75, "minY": 116.875, "maxX": 489.75, "maxY": 133.625}, "class_id": 1, "box_caption": "vn_1_line 0.013", "scores": {"class_score": 0.01317596435546875}, "domain": "pixel"}, {"position": {"minX": 57.1875, "minY": 248.5, "maxX": 189.5, "maxY": 340.5}, "class_id": 1, "box_caption": "vn_1_line 0.013", "scores": {"class_score": 0.013153076171875}, "domain": "pixel"}, {"position": {"minX": 130.0, "minY": 236.75, "maxX": 242.0, "maxY": 311.75}, "class_id": 0, "box_caption": "lao 0.013", "scores": {"class_score": 0.01311492919921875}, "domain": "pixel"}, {"position": {"minX": 225.75, "minY": 220.875, "maxX": 356.25, "maxY": 332.75}, "class_id": 1, "box_caption": "vn_1_line 0.013", "scores": {"class_score": 0.0130767822265625}, "domain": "pixel"}, {"position": {"minX": 162.75, "minY": 321.0, "maxX": 267.0, "maxY": 391.0}, "class_id": 0, "box_caption": "lao 0.013", "scores": {"class_score": 0.01306915283203125}, "domain": "pixel"}, {"position": {"minX": 270.0, "minY": 341.5, "maxX": 379.0, "maxY": 387.0}, "class_id": 1, "box_caption": "vn_1_line 0.013", "scores": {"class_score": 0.0130462646484375}, "domain": "pixel"}, {"position": {"minX": -8.4375, "minY": 228.25, "maxX": 96.0625, "maxY": 324.25}, "class_id": 0, "box_caption": "lao 0.013", "scores": {"class_score": 0.0130157470703125}, "domain": "pixel"}, {"position": {"minX": 370.5, "minY": 315.25, "maxX": 495.5, "maxY": 386.75}, "class_id": 0, "box_caption": "lao 0.013", "scores": {"class_score": 0.01300048828125}, "domain": "pixel"}], "class_labels": {"0": "lao", "1": "vn_1_line", "2": "vn_2_line"}}