{"box_data": [{"position": {"minX": 424.5, "minY": 268.5, "maxX": 523.0, "maxY": 340.5}, "class_id": 1, "box_caption": "vn_1_line 0.289", "scores": {"class_score": 0.288818359375}, "domain": "pixel"}, {"position": {"minX": 482.5, "minY": 253.625, "maxX": 589.5, "maxY": 317.0}, "class_id": 1, "box_caption": "vn_1_line 0.273", "scores": {"class_score": 0.273193359375}, "domain": "pixel"}, {"position": {"minX": 23.5, "minY": 35.0625, "maxX": 211.25, "maxY": 154.0}, "class_id": 0, "box_caption": "lao 0.257", "scores": {"class_score": 0.2568359375}, "domain": "pixel"}, {"position": {"minX": 510.0, "minY": 241.5, "maxX": 616.0, "maxY": 319.5}, "class_id": 1, "box_caption": "vn_1_line 0.252", "scores": {"class_score": 0.251708984375}, "domain": "pixel"}, {"position": {"minX": 366.25, "minY": 77.25, "maxX": 427.75, "maxY": 129.75}, "class_id": 0, "box_caption": "lao 0.248", "scores": {"class_score": 0.2481689453125}, "domain": "pixel"}, {"position": {"minX": -4.9375, "minY": 251.625, "maxX": 185.25, "maxY": 376.5}, "class_id": 0, "box_caption": "lao 0.242", "scores": {"class_score": 0.241943359375}, "domain": "pixel"}, {"position": {"minX": 392.25, "minY": 269.0, "maxX": 493.25, "maxY": 341.5}, "class_id": 1, "box_caption": "vn_1_line 0.241", "scores": {"class_score": 0.2406005859375}, "domain": "pixel"}, {"position": {"minX": 453.25, "minY": 261.25, "maxX": 554.0, "maxY": 339.25}, "class_id": 1, "box_caption": "vn_1_line 0.234", "scores": {"class_score": 0.234375}, "domain": "pixel"}, {"position": {"minX": 451.25, "minY": 262.75, "maxX": 564.0, "maxY": 312.75}, "class_id": 1, "box_caption": "vn_1_line 0.223", "scores": {"class_score": 0.2225341796875}, "domain": "pixel"}, {"position": {"minX": 357.75, "minY": 266.0, "maxX": 462.75, "maxY": 344.0}, "class_id": 1, "box_caption": "vn_1_line 0.191", "scores": {"class_score": 0.190673828125}, "domain": "pixel"}, {"position": {"minX": 363.25, "minY": 264.25, "maxX": 568.5, "maxY": 335.25}, "class_id": 1, "box_caption": "vn_1_line 0.169", "scores": {"class_score": 0.1690673828125}, "domain": "pixel"}, {"position": {"minX": 404.5, "minY": 75.1875, "maxX": 505.5, "maxY": 121.8125}, "class_id": 1, "box_caption": "vn_1_line 0.166", "scores": {"class_score": 0.165771484375}, "domain": "pixel"}, {"position": {"minX": 420.0, "minY": 265.75, "maxX": 533.5, "maxY": 313.25}, "class_id": 1, "box_caption": "vn_1_line 0.164", "scores": {"class_score": 0.163818359375}, "domain": "pixel"}, {"position": {"minX": 82.75, "minY": 191.375, "maxX": 284.25, "maxY": 314.5}, "class_id": 0, "box_caption": "lao 0.148", "scores": {"class_score": 0.1483154296875}, "domain": "pixel"}, {"position": {"minX": -5.625, "minY": 64.875, "maxX": 187.125, "maxY": 184.0}, "class_id": 0, "box_caption": "lao 0.143", "scores": {"class_score": 0.143310546875}, "domain": "pixel"}, {"position": {"minX": 129.625, "minY": 18.375, "maxX": 292.5, "maxY": 126.75}, "class_id": 0, "box_caption": "lao 0.139", "scores": {"class_score": 0.138671875}, "domain": "pixel"}, {"position": {"minX": 298.0, "minY": 262.25, "maxX": 506.0, "maxY": 337.25}, "class_id": 1, "box_caption": "vn_1_line 0.138", "scores": {"class_score": 0.1383056640625}, "domain": "pixel"}, {"position": {"minX": 14.125, "minY": 217.0, "maxX": 225.625, "maxY": 350.0}, "class_id": 0, "box_caption": "lao 0.134", "scores": {"class_score": 0.134033203125}, "domain": "pixel"}, {"position": {"minX": 112.8125, "minY": 253.375, "maxX": 323.25, "maxY": 379.5}, "class_id": 0, "box_caption": "lao 0.125", "scores": {"class_score": 0.1248779296875}, "domain": "pixel"}, {"position": {"minX": 427.5, "minY": 251.0, "maxX": 627.5, "maxY": 340.0}, "class_id": 1, "box_caption": "vn_1_line 0.123", "scores": {"class_score": 0.12310791015625}, "domain": "pixel"}, {"position": {"minX": 467.0, "minY": 243.625, "maxX": 648.0, "maxY": 313.25}, "class_id": 1, "box_caption": "vn_1_line 0.120", "scores": {"class_score": 0.1201171875}, "domain": "pixel"}, {"position": {"minX": 51.5625, "minY": 253.5, "maxX": 257.5, "maxY": 378.0}, "class_id": 0, "box_caption": "lao 0.120", "scores": {"class_score": 0.11962890625}, "domain": "pixel"}, {"position": {"minX": 388.0, "minY": 259.75, "maxX": 525.5, "maxY": 322.75}, "class_id": 1, "box_caption": "vn_1_line 0.118", "scores": {"class_score": 0.118408203125}, "domain": "pixel"}, {"position": {"minX": 149.25, "minY": 195.125, "maxX": 335.75, "maxY": 317.0}, "class_id": 0, "box_caption": "lao 0.116", "scores": {"class_score": 0.11566162109375}, "domain": "pixel"}, {"position": {"minX": 57.8125, "minY": 24.65625, "maxX": 230.75, "maxY": 135.75}, "class_id": 0, "box_caption": "lao 0.115", "scores": {"class_score": 0.1153564453125}, "domain": "pixel"}, {"position": {"minX": 81.875, "minY": 221.0, "maxX": 286.0, "maxY": 348.0}, "class_id": 0, "box_caption": "lao 0.113", "scores": {"class_score": 0.1126708984375}, "domain": "pixel"}, {"position": {"minX": 163.75, "minY": 6.3125, "maxX": 311.75, "maxY": 100.5625}, "class_id": 0, "box_caption": "lao 0.112", "scores": {"class_score": 0.11248779296875}, "domain": "pixel"}, {"position": {"minX": 321.5, "minY": 254.125, "maxX": 434.0, "maxY": 316.75}, "class_id": 1, "box_caption": "vn_1_line 0.108", "scores": {"class_score": 0.10833740234375}, "domain": "pixel"}, {"position": {"minX": 118.125, "minY": 165.25, "maxX": 308.0, "maxY": 286.5}, "class_id": 0, "box_caption": "lao 0.107", "scores": {"class_score": 0.10711669921875}, "domain": "pixel"}, {"position": {"minX": 354.25, "minY": 261.75, "maxX": 467.25, "maxY": 314.75}, "class_id": 1, "box_caption": "vn_1_line 0.107", "scores": {"class_score": 0.10693359375}, "domain": "pixel"}, {"position": {"minX": -17.625, "minY": 257.0, "maxX": 157.875, "maxY": 381.5}, "class_id": 2, "box_caption": "vn_2_line 0.101", "scores": {"class_score": 0.1014404296875}, "domain": "pixel"}, {"position": {"minX": -12.125, "minY": 92.5625, "maxX": 192.625, "maxY": 222.25}, "class_id": 0, "box_caption": "lao 0.101", "scores": {"class_score": 0.10089111328125}, "domain": "pixel"}, {"position": {"minX": 52.5, "minY": 160.5, "maxX": 254.0, "maxY": 286.75}, "class_id": 0, "box_caption": "lao 0.097", "scores": {"class_score": 0.09722900390625}, "domain": "pixel"}, {"position": {"minX": -15.9375, "minY": 187.625, "maxX": 200.5, "maxY": 322.0}, "class_id": 0, "box_caption": "lao 0.096", "scores": {"class_score": 0.096435546875}, "domain": "pixel"}, {"position": {"minX": 389.25, "minY": 68.5, "maxX": 496.25, "maxY": 135.625}, "class_id": 1, "box_caption": "vn_1_line 0.096", "scores": {"class_score": 0.09576416015625}, "domain": "pixel"}, {"position": {"minX": 383.75, "minY": 262.75, "maxX": 607.5, "maxY": 316.75}, "class_id": 1, "box_caption": "vn_1_line 0.095", "scores": {"class_score": 0.095458984375}, "domain": "pixel"}, {"position": {"minX": 240.375, "minY": 242.875, "maxX": 435.0, "maxY": 329.5}, "class_id": 1, "box_caption": "vn_1_line 0.093", "scores": {"class_score": 0.09307861328125}, "domain": "pixel"}, {"position": {"minX": 0.9375, "minY": 44.5625, "maxX": 192.25, "maxY": 156.0}, "class_id": 2, "box_caption": "vn_2_line 0.091", "scores": {"class_score": 0.091064453125}, "domain": "pixel"}, {"position": {"minX": 18.625, "minY": 125.25, "maxX": 221.5, "maxY": 255.5}, "class_id": 0, "box_caption": "lao 0.090", "scores": {"class_score": 0.090087890625}, "domain": "pixel"}, {"position": {"minX": 145.0, "minY": 226.0, "maxX": 347.25, "maxY": 348.5}, "class_id": 0, "box_caption": "lao 0.088", "scores": {"class_score": 0.08831787109375}, "domain": "pixel"}, {"position": {"minX": 415.5, "minY": 249.625, "maxX": 561.0, "maxY": 326.5}, "class_id": 1, "box_caption": "vn_1_line 0.088", "scores": {"class_score": 0.08819580078125}, "domain": "pixel"}, {"position": {"minX": 260.25, "minY": 257.0, "maxX": 474.75, "maxY": 320.5}, "class_id": 1, "box_caption": "vn_1_line 0.088", "scores": {"class_score": 0.08795166015625}, "domain": "pixel"}, {"position": {"minX": 236.25, "minY": 250.375, "maxX": 445.25, "maxY": 350.0}, "class_id": 0, "box_caption": "lao 0.081", "scores": {"class_score": 0.081298828125}, "domain": "pixel"}, {"position": {"minX": -17.1875, "minY": 219.25, "maxX": 198.5, "maxY": 353.25}, "class_id": 2, "box_caption": "vn_2_line 0.081", "scores": {"class_score": 0.0811767578125}, "domain": "pixel"}, {"position": {"minX": 81.1875, "minY": 38.8125, "maxX": 275.25, "maxY": 157.5}, "class_id": 0, "box_caption": "lao 0.079", "scores": {"class_score": 0.07904052734375}, "domain": "pixel"}, {"position": {"minX": 459.75, "minY": 243.625, "maxX": 587.5, "maxY": 305.5}, "class_id": 1, "box_caption": "vn_1_line 0.076", "scores": {"class_score": 0.07598876953125}, "domain": "pixel"}, {"position": {"minX": 172.75, "minY": 262.0, "maxX": 385.75, "maxY": 379.5}, "class_id": 0, "box_caption": "lao 0.074", "scores": {"class_score": 0.0740966796875}, "domain": "pixel"}, {"position": {"minX": -19.75, "minY": 224.5, "maxX": 159.0, "maxY": 357.5}, "class_id": 0, "box_caption": "lao 0.074", "scores": {"class_score": 0.07373046875}, "domain": "pixel"}, {"position": {"minX": 405.5, "minY": -4.671875, "maxX": 498.5, "maxY": 49.9375}, "class_id": 1, "box_caption": "vn_1_line 0.072", "scores": {"class_score": 0.07177734375}, "domain": "pixel"}, {"position": {"minX": 288.5, "minY": 241.5, "maxX": 405.5, "maxY": 323.5}, "class_id": 1, "box_caption": "vn_1_line 0.069", "scores": {"class_score": 0.06927490234375}, "domain": "pixel"}, {"position": {"minX": -12.125, "minY": 92.5625, "maxX": 192.625, "maxY": 222.25}, "class_id": 2, "box_caption": "vn_2_line 0.069", "scores": {"class_score": 0.06866455078125}, "domain": "pixel"}, {"position": {"minX": 406.75, "minY": -4.171875, "maxX": 496.75, "maxY": 54.625}, "class_id": 0, "box_caption": "lao 0.069", "scores": {"class_score": 0.06854248046875}, "domain": "pixel"}, {"position": {"minX": -14.375, "minY": 158.5, "maxX": 154.125, "maxY": 293.0}, "class_id": 2, "box_caption": "vn_2_line 0.067", "scores": {"class_score": 0.06695556640625}, "domain": "pixel"}, {"position": {"minX": -18.0625, "minY": 193.5, "maxX": 157.75, "maxY": 325.0}, "class_id": 2, "box_caption": "vn_2_line 0.067", "scores": {"class_score": 0.066650390625}, "domain": "pixel"}, {"position": {"minX": -12.75, "minY": 123.5, "maxX": 196.125, "maxY": 257.75}, "class_id": 2, "box_caption": "vn_2_line 0.065", "scores": {"class_score": 0.064697265625}, "domain": "pixel"}, {"position": {"minX": 214.25, "minY": 224.625, "maxX": 396.25, "maxY": 334.5}, "class_id": 0, "box_caption": "lao 0.065", "scores": {"class_score": 0.0645751953125}, "domain": "pixel"}, {"position": {"minX": 441.25, "minY": 238.0, "maxX": 591.0, "maxY": 328.0}, "class_id": 1, "box_caption": "vn_1_line 0.065", "scores": {"class_score": 0.06451416015625}, "domain": "pixel"}, {"position": {"minX": 257.0, "minY": 270.0, "maxX": 497.0, "maxY": 378.5}, "class_id": 1, "box_caption": "vn_1_line 0.064", "scores": {"class_score": 0.064453125}, "domain": "pixel"}, {"position": {"minX": 415.0, "minY": 55.0625, "maxX": 519.5, "maxY": 118.9375}, "class_id": 1, "box_caption": "vn_1_line 0.063", "scores": {"class_score": 0.063232421875}, "domain": "pixel"}, {"position": {"minX": 46.8125, "minY": 63.40625, "maxX": 253.25, "maxY": 190.375}, "class_id": 0, "box_caption": "lao 0.061", "scores": {"class_score": 0.0614013671875}, "domain": "pixel"}, {"position": {"minX": -16.375, "minY": 128.75, "maxX": 154.5, "maxY": 261.5}, "class_id": 0, "box_caption": "lao 0.061", "scores": {"class_score": 0.060791015625}, "domain": "pixel"}, {"position": {"minX": 298.0, "minY": -1.25, "maxX": 388.5, "maxY": 56.875}, "class_id": 0, "box_caption": "lao 0.060", "scores": {"class_score": 0.06024169921875}, "domain": "pixel"}, {"position": {"minX": 8.40625, "minY": 277.5, "maxX": 128.5, "maxY": 398.0}, "class_id": 0, "box_caption": "lao 0.060", "scores": {"class_score": 0.059661865234375}, "domain": "pixel"}, {"position": {"minX": 17.75, "minY": 190.5, "maxX": 222.5, "maxY": 316.5}, "class_id": 2, "box_caption": "vn_2_line 0.059", "scores": {"class_score": 0.05902099609375}, "domain": "pixel"}, {"position": {"minX": 25.25, "minY": 33.1875, "maxX": 210.5, "maxY": 139.75}, "class_id": 1, "box_caption": "vn_1_line 0.059", "scores": {"class_score": 0.058868408203125}, "domain": "pixel"}, {"position": {"minX": 319.0, "minY": 263.75, "maxX": 542.0, "maxY": 318.75}, "class_id": 1, "box_caption": "vn_1_line 0.059", "scores": {"class_score": 0.05859375}, "domain": "pixel"}, {"position": {"minX": 366.0, "minY": 73.0, "maxX": 462.0, "maxY": 140.5}, "class_id": 0, "box_caption": "lao 0.059", "scores": {"class_score": 0.058563232421875}, "domain": "pixel"}, {"position": {"minX": 200.75, "minY": 266.5, "maxX": 422.75, "maxY": 379.5}, "class_id": 1, "box_caption": "vn_1_line 0.057", "scores": {"class_score": 0.057403564453125}, "domain": "pixel"}, {"position": {"minX": 231.25, "minY": 268.75, "maxX": 460.25, "maxY": 378.25}, "class_id": 0, "box_caption": "lao 0.057", "scores": {"class_score": 0.057098388671875}, "domain": "pixel"}, {"position": {"minX": 45.0, "minY": 209.25, "maxX": 180.5, "maxY": 339.75}, "class_id": 0, "box_caption": "lao 0.056", "scores": {"class_score": 0.056365966796875}, "domain": "pixel"}, {"position": {"minX": 342.75, "minY": 274.5, "maxX": 598.0, "maxY": 379.5}, "class_id": 1, "box_caption": "vn_1_line 0.056", "scores": {"class_score": 0.055755615234375}, "domain": "pixel"}, {"position": {"minX": 34.5625, "minY": 37.0625, "maxX": 164.5, "maxY": 135.75}, "class_id": 0, "box_caption": "lao 0.055", "scores": {"class_score": 0.055145263671875}, "domain": "pixel"}, {"position": {"minX": 528.0, "minY": 236.375, "maxX": 624.0, "maxY": 287.5}, "class_id": 1, "box_caption": "vn_1_line 0.055", "scores": {"class_score": 0.055145263671875}, "domain": "pixel"}, {"position": {"minX": 84.4375, "minY": 130.5, "maxX": 281.25, "maxY": 256.25}, "class_id": 0, "box_caption": "lao 0.055", "scores": {"class_score": 0.05462646484375}, "domain": "pixel"}, {"position": {"minX": 95.6875, "minY": 210.25, "maxX": 228.25, "maxY": 338.25}, "class_id": 0, "box_caption": "lao 0.054", "scores": {"class_score": 0.054412841796875}, "domain": "pixel"}, {"position": {"minX": 295.25, "minY": -2.484375, "maxX": 392.25, "maxY": 53.6875}, "class_id": 1, "box_caption": "vn_1_line 0.054", "scores": {"class_score": 0.05413818359375}, "domain": "pixel"}, {"position": {"minX": 366.0, "minY": 73.0, "maxX": 462.0, "maxY": 140.5}, "class_id": 1, "box_caption": "vn_1_line 0.054", "scores": {"class_score": 0.053741455078125}, "domain": "pixel"}, {"position": {"minX": 502.75, "minY": 224.375, "maxX": 662.5, "maxY": 309.25}, "class_id": 0, "box_caption": "lao 0.054", "scores": {"class_score": 0.0537109375}, "domain": "pixel"}, {"position": {"minX": 48.875, "minY": 97.25, "maxX": 253.125, "maxY": 224.75}, "class_id": 0, "box_caption": "lao 0.054", "scores": {"class_score": 0.053619384765625}, "domain": "pixel"}, {"position": {"minX": 81.1875, "minY": 38.8125, "maxX": 275.25, "maxY": 157.5}, "class_id": 1, "box_caption": "vn_1_line 0.053", "scores": {"class_score": 0.052978515625}, "domain": "pixel"}, {"position": {"minX": 214.25, "minY": 224.625, "maxX": 396.25, "maxY": 334.5}, "class_id": 1, "box_caption": "vn_1_line 0.053", "scores": {"class_score": 0.052825927734375}, "domain": "pixel"}, {"position": {"minX": 17.875, "minY": 157.25, "maxX": 224.625, "maxY": 286.75}, "class_id": 2, "box_caption": "vn_2_line 0.052", "scores": {"class_score": 0.05242919921875}, "domain": "pixel"}, {"position": {"minX": 129.625, "minY": 18.375, "maxX": 292.5, "maxY": 126.75}, "class_id": 1, "box_caption": "vn_1_line 0.052", "scores": {"class_score": 0.051910400390625}, "domain": "pixel"}, {"position": {"minX": 182.0, "minY": 178.875, "maxX": 352.5, "maxY": 293.5}, "class_id": 0, "box_caption": "lao 0.052", "scores": {"class_score": 0.051666259765625}, "domain": "pixel"}, {"position": {"minX": 502.75, "minY": 224.375, "maxX": 662.5, "maxY": 309.25}, "class_id": 1, "box_caption": "vn_1_line 0.051", "scores": {"class_score": 0.05126953125}, "domain": "pixel"}, {"position": {"minX": 315.5, "minY": -0.875, "maxX": 420.5, "maxY": 70.4375}, "class_id": 1, "box_caption": "vn_1_line 0.051", "scores": {"class_score": 0.050537109375}, "domain": "pixel"}, {"position": {"minX": 22.4375, "minY": 252.0, "maxX": 218.75, "maxY": 377.0}, "class_id": 2, "box_caption": "vn_2_line 0.050", "scores": {"class_score": 0.049896240234375}, "domain": "pixel"}, {"position": {"minX": 145.0, "minY": 24.1875, "maxX": 258.25, "maxY": 96.9375}, "class_id": 0, "box_caption": "lao 0.049", "scores": {"class_score": 0.04888916015625}, "domain": "pixel"}, {"position": {"minX": 459.25, "minY": 241.25, "maxX": 659.0, "maxY": 344.75}, "class_id": 0, "box_caption": "lao 0.049", "scores": {"class_score": 0.0487060546875}, "domain": "pixel"}, {"position": {"minX": 48.3125, "minY": 220.75, "maxX": 258.25, "maxY": 347.75}, "class_id": 2, "box_caption": "vn_2_line 0.047", "scores": {"class_score": 0.0467529296875}, "domain": "pixel"}, {"position": {"minX": 37.0625, "minY": 63.75, "maxX": 148.75, "maxY": 171.875}, "class_id": 0, "box_caption": "lao 0.046", "scores": {"class_score": 0.046142578125}, "domain": "pixel"}, {"position": {"minX": 126.9375, "minY": 182.25, "maxX": 260.0, "maxY": 306.0}, "class_id": 0, "box_caption": "lao 0.046", "scores": {"class_score": 0.045745849609375}, "domain": "pixel"}, {"position": {"minX": 144.0, "minY": 258.0, "maxX": 353.5, "maxY": 379.5}, "class_id": 1, "box_caption": "vn_1_line 0.045", "scores": {"class_score": 0.04498291015625}, "domain": "pixel"}, {"position": {"minX": 440.5, "minY": 272.75, "maxX": 682.5, "maxY": 380.25}, "class_id": 1, "box_caption": "vn_1_line 0.045", "scores": {"class_score": 0.0445556640625}, "domain": "pixel"}, {"position": {"minX": 82.75, "minY": 191.375, "maxX": 284.25, "maxY": 314.5}, "class_id": 2, "box_caption": "vn_2_line 0.044", "scores": {"class_score": 0.0440673828125}, "domain": "pixel"}, {"position": {"minX": 176.625, "minY": 235.75, "maxX": 374.5, "maxY": 348.75}, "class_id": 1, "box_caption": "vn_1_line 0.043", "scores": {"class_score": 0.042938232421875}, "domain": "pixel"}, {"position": {"minX": 444.5, "minY": 71.8125, "maxX": 553.5, "maxY": 132.5}, "class_id": 1, "box_caption": "vn_1_line 0.042", "scores": {"class_score": 0.04150390625}, "domain": "pixel"}, {"position": {"minX": 318.75, "minY": -5.25, "maxX": 425.75, "maxY": 64.25}, "class_id": 0, "box_caption": "lao 0.041", "scores": {"class_score": 0.0408935546875}, "domain": "pixel"}, {"position": {"minX": 112.25, "minY": 74.1875, "maxX": 310.0, "maxY": 191.5}, "class_id": 0, "box_caption": "lao 0.041", "scores": {"class_score": 0.0408935546875}, "domain": "pixel"}, {"position": {"minX": 80.5, "minY": 255.0, "maxX": 291.5, "maxY": 376.5}, "class_id": 2, "box_caption": "vn_2_line 0.041", "scores": {"class_score": 0.040771484375}, "domain": "pixel"}, {"position": {"minX": 111.4375, "minY": 100.0625, "maxX": 308.5, "maxY": 226.0}, "class_id": 0, "box_caption": "lao 0.041", "scores": {"class_score": 0.040557861328125}, "domain": "pixel"}, {"position": {"minX": 304.25, "minY": 246.125, "maxX": 439.25, "maxY": 344.5}, "class_id": 1, "box_caption": "vn_1_line 0.040", "scores": {"class_score": 0.0404052734375}, "domain": "pixel"}, {"position": {"minX": 193.0, "minY": 4.28125, "maxX": 301.0, "maxY": 80.125}, "class_id": 0, "box_caption": "lao 0.040", "scores": {"class_score": 0.0400390625}, "domain": "pixel"}, {"position": {"minX": 86.625, "minY": 279.75, "maxX": 206.875, "maxY": 396.75}, "class_id": 0, "box_caption": "lao 0.040", "scores": {"class_score": 0.039764404296875}, "domain": "pixel"}, {"position": {"minX": 148.75, "minY": 137.75, "maxX": 336.0, "maxY": 257.5}, "class_id": 0, "box_caption": "lao 0.039", "scores": {"class_score": 0.039154052734375}, "domain": "pixel"}, {"position": {"minX": 394.25, "minY": 258.5, "maxX": 597.0, "maxY": 338.0}, "class_id": 0, "box_caption": "lao 0.039", "scores": {"class_score": 0.03900146484375}, "domain": "pixel"}, {"position": {"minX": 31.4375, "minY": 179.75, "maxX": 163.5, "maxY": 306.75}, "class_id": 0, "box_caption": "lao 0.039", "scores": {"class_score": 0.038970947265625}, "domain": "pixel"}, {"position": {"minX": 13.125, "minY": 3.96875, "maxX": 165.875, "maxY": 114.5}, "class_id": 0, "box_caption": "lao 0.038", "scores": {"class_score": 0.038177490234375}, "domain": "pixel"}, {"position": {"minX": 20.0625, "minY": 59.1875, "maxX": 216.5, "maxY": 188.25}, "class_id": 2, "box_caption": "vn_2_line 0.038", "scores": {"class_score": 0.03814697265625}, "domain": "pixel"}, {"position": {"minX": -4.9375, "minY": 251.625, "maxX": 185.25, "maxY": 376.5}, "class_id": 1, "box_caption": "vn_1_line 0.038", "scores": {"class_score": 0.037933349609375}, "domain": "pixel"}, {"position": {"minX": 20.0625, "minY": 59.1875, "maxX": 216.5, "maxY": 188.25}, "class_id": 1, "box_caption": "vn_1_line 0.037", "scores": {"class_score": 0.03729248046875}, "domain": "pixel"}, {"position": {"minX": -0.5625, "minY": -7.4375, "maxX": 126.875, "maxY": 107.0625}, "class_id": 0, "box_caption": "lao 0.037", "scores": {"class_score": 0.036895751953125}, "domain": "pixel"}, {"position": {"minX": 145.25, "minY": 41.46875, "maxX": 328.0, "maxY": 157.625}, "class_id": 0, "box_caption": "lao 0.037", "scores": {"class_score": 0.036865234375}, "domain": "pixel"}, {"position": {"minX": 117.3125, "minY": 275.75, "maxX": 240.0, "maxY": 397.75}, "class_id": 0, "box_caption": "lao 0.037", "scores": {"class_score": 0.036590576171875}, "domain": "pixel"}, {"position": {"minX": 285.5, "minY": 251.25, "maxX": 404.0, "maxY": 354.25}, "class_id": 0, "box_caption": "lao 0.036", "scores": {"class_score": 0.03619384765625}, "domain": "pixel"}, {"position": {"minX": 163.75, "minY": 6.3125, "maxX": 311.75, "maxY": 100.5625}, "class_id": 1, "box_caption": "vn_1_line 0.036", "scores": {"class_score": 0.03619384765625}, "domain": "pixel"}, {"position": {"minX": 50.75, "minY": 279.5, "maxX": 177.875, "maxY": 396.5}, "class_id": 0, "box_caption": "lao 0.036", "scores": {"class_score": 0.035888671875}, "domain": "pixel"}, {"position": {"minX": 209.75, "minY": 0.25, "maxX": 322.25, "maxY": 98.0}, "class_id": 0, "box_caption": "lao 0.036", "scores": {"class_score": 0.03558349609375}, "domain": "pixel"}, {"position": {"minX": 419.75, "minY": 254.75, "maxX": 514.0, "maxY": 304.75}, "class_id": 1, "box_caption": "vn_1_line 0.036", "scores": {"class_score": 0.0355224609375}, "domain": "pixel"}, {"position": {"minX": 32.65625, "minY": 292.0, "maxX": 145.125, "maxY": 392.5}, "class_id": 0, "box_caption": "lao 0.035", "scores": {"class_score": 0.034820556640625}, "domain": "pixel"}, {"position": {"minX": 181.5, "minY": 203.875, "maxX": 360.0, "maxY": 323.25}, "class_id": 1, "box_caption": "vn_1_line 0.035", "scores": {"class_score": 0.034759521484375}, "domain": "pixel"}, {"position": {"minX": 80.5, "minY": 255.0, "maxX": 291.5, "maxY": 376.5}, "class_id": 1, "box_caption": "vn_1_line 0.035", "scores": {"class_score": 0.03472900390625}, "domain": "pixel"}, {"position": {"minX": 37.84375, "minY": 261.0, "maxX": 146.375, "maxY": 363.0}, "class_id": 0, "box_caption": "lao 0.035", "scores": {"class_score": 0.034637451171875}, "domain": "pixel"}, {"position": {"minX": 388.25, "minY": -1.125, "maxX": 493.75, "maxY": 72.0}, "class_id": 1, "box_caption": "vn_1_line 0.035", "scores": {"class_score": 0.034576416015625}, "domain": "pixel"}, {"position": {"minX": 145.0, "minY": 24.1875, "maxX": 258.25, "maxY": 96.9375}, "class_id": 1, "box_caption": "vn_1_line 0.034", "scores": {"class_score": 0.034027099609375}, "domain": "pixel"}, {"position": {"minX": 27.875, "minY": 33.75, "maxX": 150.5, "maxY": 168.75}, "class_id": 2, "box_caption": "vn_2_line 0.034", "scores": {"class_score": 0.033935546875}, "domain": "pixel"}, {"position": {"minX": 82.75, "minY": 191.375, "maxX": 284.25, "maxY": 314.5}, "class_id": 1, "box_caption": "vn_1_line 0.034", "scores": {"class_score": 0.033905029296875}, "domain": "pixel"}, {"position": {"minX": 353.25, "minY": 0.78125, "maxX": 458.75, "maxY": 67.875}, "class_id": 1, "box_caption": "vn_1_line 0.034", "scores": {"class_score": 0.03369140625}, "domain": "pixel"}, {"position": {"minX": 298.0, "minY": 262.25, "maxX": 506.0, "maxY": 337.25}, "class_id": 0, "box_caption": "lao 0.034", "scores": {"class_score": 0.0335693359375}, "domain": "pixel"}, {"position": {"minX": 81.875, "minY": 221.0, "maxX": 286.0, "maxY": 348.0}, "class_id": 1, "box_caption": "vn_1_line 0.033", "scores": {"class_score": 0.033294677734375}, "domain": "pixel"}, {"position": {"minX": 79.4375, "minY": 69.75, "maxX": 283.0, "maxY": 191.25}, "class_id": 1, "box_caption": "vn_1_line 0.033", "scores": {"class_score": 0.03271484375}, "domain": "pixel"}, {"position": {"minX": 63.1875, "minY": 43.4375, "maxX": 193.5, "maxY": 129.75}, "class_id": 0, "box_caption": "lao 0.033", "scores": {"class_score": 0.032623291015625}, "domain": "pixel"}, {"position": {"minX": 377.25, "minY": 279.75, "maxX": 510.75, "maxY": 370.75}, "class_id": 1, "box_caption": "vn_1_line 0.032", "scores": {"class_score": 0.032440185546875}, "domain": "pixel"}, {"position": {"minX": 132.125, "minY": 22.875, "maxX": 236.375, "maxY": 119.875}, "class_id": 0, "box_caption": "lao 0.032", "scores": {"class_score": 0.03204345703125}, "domain": "pixel"}, {"position": {"minX": 490.0, "minY": 234.375, "maxX": 680.0, "maxY": 347.75}, "class_id": 1, "box_caption": "vn_1_line 0.032", "scores": {"class_score": 0.03167724609375}, "domain": "pixel"}, {"position": {"minX": 160.875, "minY": 181.875, "maxX": 291.0, "maxY": 304.0}, "class_id": 0, "box_caption": "lao 0.031", "scores": {"class_score": 0.031494140625}, "domain": "pixel"}, {"position": {"minX": 47.1875, "minY": 38.78125, "maxX": 161.5, "maxY": 114.5}, "class_id": 1, "box_caption": "vn_1_line 0.031", "scores": {"class_score": 0.0311279296875}, "domain": "pixel"}, {"position": {"minX": 374.0, "minY": 79.375, "maxX": 433.5, "maxY": 127.25}, "class_id": 1, "box_caption": "vn_1_line 0.031", "scores": {"class_score": 0.031097412109375}, "domain": "pixel"}, {"position": {"minX": -12.125, "minY": 92.5625, "maxX": 192.625, "maxY": 222.25}, "class_id": 1, "box_caption": "vn_1_line 0.031", "scores": {"class_score": 0.03076171875}, "domain": "pixel"}, {"position": {"minX": 248.625, "minY": 247.125, "maxX": 371.25, "maxY": 354.5}, "class_id": 0, "box_caption": "lao 0.031", "scores": {"class_score": 0.0306549072265625}, "domain": "pixel"}, {"position": {"minX": 510.0, "minY": 241.5, "maxX": 616.0, "maxY": 319.5}, "class_id": 0, "box_caption": "lao 0.030", "scores": {"class_score": 0.0304107666015625}, "domain": "pixel"}, {"position": {"minX": 43.03125, "minY": 40.65625, "maxX": 143.75, "maxY": 115.375}, "class_id": 0, "box_caption": "lao 0.030", "scores": {"class_score": 0.0302276611328125}, "domain": "pixel"}, {"position": {"minX": 112.0625, "minY": 221.5, "maxX": 318.25, "maxY": 348.5}, "class_id": 2, "box_caption": "vn_2_line 0.030", "scores": {"class_score": 0.0301666259765625}, "domain": "pixel"}, {"position": {"minX": 438.0, "minY": 278.0, "maxX": 575.0, "maxY": 370.0}, "class_id": 1, "box_caption": "vn_1_line 0.030", "scores": {"class_score": 0.0299072265625}, "domain": "pixel"}, {"position": {"minX": 441.75, "minY": 251.75, "maxX": 541.0, "maxY": 307.75}, "class_id": 1, "box_caption": "vn_1_line 0.030", "scores": {"class_score": 0.0296630859375}, "domain": "pixel"}, {"position": {"minX": 547.0, "minY": 217.625, "maxX": 648.0, "maxY": 287.5}, "class_id": 1, "box_caption": "vn_1_line 0.029", "scores": {"class_score": 0.028564453125}, "domain": "pixel"}, {"position": {"minX": 6.15625, "minY": 209.5, "maxX": 132.5, "maxY": 341.5}, "class_id": 0, "box_caption": "lao 0.029", "scores": {"class_score": 0.0285186767578125}, "domain": "pixel"}, {"position": {"minX": 400.5, "minY": -2.65625, "maxX": 527.5, "maxY": 85.375}, "class_id": 0, "box_caption": "lao 0.028", "scores": {"class_score": 0.0283355712890625}, "domain": "pixel"}, {"position": {"minX": 80.625, "minY": 98.625, "maxX": 281.5, "maxY": 226.375}, "class_id": 1, "box_caption": "vn_1_line 0.028", "scores": {"class_score": 0.02825927734375}, "domain": "pixel"}, {"position": {"minX": 50.6875, "minY": 129.25, "maxX": 253.25, "maxY": 255.75}, "class_id": 2, "box_caption": "vn_2_line 0.028", "scores": {"class_score": 0.0281982421875}, "domain": "pixel"}, {"position": {"minX": 397.75, "minY": 255.5, "maxX": 487.75, "maxY": 304.0}, "class_id": 1, "box_caption": "vn_1_line 0.028", "scores": {"class_score": 0.0281524658203125}, "domain": "pixel"}, {"position": {"minX": 336.5, "minY": 72.875, "maxX": 437.5, "maxY": 138.0}, "class_id": 1, "box_caption": "vn_1_line 0.027", "scores": {"class_score": 0.0273590087890625}, "domain": "pixel"}, {"position": {"minX": 473.75, "minY": 224.375, "maxX": 615.0, "maxY": 331.5}, "class_id": 1, "box_caption": "vn_1_line 0.027", "scores": {"class_score": 0.0272979736328125}, "domain": "pixel"}, {"position": {"minX": 146.75, "minY": 281.25, "maxX": 272.75, "maxY": 393.75}, "class_id": 0, "box_caption": "lao 0.027", "scores": {"class_score": 0.02728271484375}, "domain": "pixel"}, {"position": {"minX": 18.625, "minY": 125.25, "maxX": 221.5, "maxY": 255.5}, "class_id": 1, "box_caption": "vn_1_line 0.027", "scores": {"class_score": 0.0271759033203125}, "domain": "pixel"}, {"position": {"minX": 344.5, "minY": 276.75, "maxX": 478.0, "maxY": 375.25}, "class_id": 1, "box_caption": "vn_1_line 0.027", "scores": {"class_score": 0.02716064453125}, "domain": "pixel"}, {"position": {"minX": 248.625, "minY": 247.125, "maxX": 371.25, "maxY": 354.5}, "class_id": 1, "box_caption": "vn_1_line 0.027", "scores": {"class_score": 0.0271453857421875}, "domain": "pixel"}, {"position": {"minX": 311.0, "minY": 272.75, "maxX": 446.5, "maxY": 379.75}, "class_id": 1, "box_caption": "vn_1_line 0.027", "scores": {"class_score": 0.027069091796875}, "domain": "pixel"}, {"position": {"minX": 145.25, "minY": 41.46875, "maxX": 328.0, "maxY": 157.625}, "class_id": 1, "box_caption": "vn_1_line 0.027", "scores": {"class_score": 0.026885986328125}, "domain": "pixel"}, {"position": {"minX": 112.875, "minY": 240.375, "maxX": 243.375, "maxY": 370.0}, "class_id": 0, "box_caption": "lao 0.027", "scores": {"class_score": 0.0267333984375}, "domain": "pixel"}, {"position": {"minX": 267.25, "minY": -1.8125, "maxX": 401.75, "maxY": 83.4375}, "class_id": 1, "box_caption": "vn_1_line 0.027", "scores": {"class_score": 0.0265655517578125}, "domain": "pixel"}, {"position": {"minX": 118.125, "minY": 165.25, "maxX": 308.0, "maxY": 286.5}, "class_id": 1, "box_caption": "vn_1_line 0.027", "scores": {"class_score": 0.0265045166015625}, "domain": "pixel"}, {"position": {"minX": 17.75, "minY": 190.5, "maxX": 222.5, "maxY": 316.5}, "class_id": 1, "box_caption": "vn_1_line 0.026", "scores": {"class_score": 0.0264739990234375}, "domain": "pixel"}, {"position": {"minX": 320.0, "minY": 258.25, "maxX": 434.0, "maxY": 347.75}, "class_id": 0, "box_caption": "lao 0.026", "scores": {"class_score": 0.0264129638671875}, "domain": "pixel"}, {"position": {"minX": 118.125, "minY": 165.25, "maxX": 308.0, "maxY": 286.5}, "class_id": 2, "box_caption": "vn_2_line 0.026", "scores": {"class_score": 0.0263671875}, "domain": "pixel"}, {"position": {"minX": 453.25, "minY": 261.25, "maxX": 554.0, "maxY": 339.25}, "class_id": 0, "box_caption": "lao 0.026", "scores": {"class_score": 0.0258941650390625}, "domain": "pixel"}, {"position": {"minX": 18.6875, "minY": 246.5, "maxX": 122.9375, "maxY": 366.0}, "class_id": 0, "box_caption": "lao 0.026", "scores": {"class_score": 0.025848388671875}, "domain": "pixel"}, {"position": {"minX": 79.125, "minY": 175.5, "maxX": 213.125, "maxY": 311.0}, "class_id": 0, "box_caption": "lao 0.026", "scores": {"class_score": 0.0258331298828125}, "domain": "pixel"}, {"position": {"minX": 17.875, "minY": 157.25, "maxX": 224.625, "maxY": 286.75}, "class_id": 1, "box_caption": "vn_1_line 0.026", "scores": {"class_score": 0.0257110595703125}, "domain": "pixel"}, {"position": {"minX": 111.0, "minY": 200.375, "maxX": 232.5, "maxY": 301.5}, "class_id": 0, "box_caption": "lao 0.026", "scores": {"class_score": 0.0256500244140625}, "domain": "pixel"}, {"position": {"minX": 35.59375, "minY": 230.375, "maxX": 150.125, "maxY": 331.5}, "class_id": 0, "box_caption": "lao 0.026", "scores": {"class_score": 0.0256500244140625}, "domain": "pixel"}, {"position": {"minX": 206.25, "minY": 208.75, "maxX": 336.75, "maxY": 326.75}, "class_id": 0, "box_caption": "lao 0.026", "scores": {"class_score": 0.0256195068359375}, "domain": "pixel"}, {"position": {"minX": 16.5625, "minY": 82.875, "maxX": 148.75, "maxY": 207.375}, "class_id": 0, "box_caption": "lao 0.025", "scores": {"class_score": 0.0254974365234375}, "domain": "pixel"}, {"position": {"minX": 121.75, "minY": 229.0, "maxX": 247.75, "maxY": 329.5}, "class_id": 0, "box_caption": "lao 0.025", "scores": {"class_score": 0.0253143310546875}, "domain": "pixel"}, {"position": {"minX": 482.0, "minY": 253.5, "maxX": 587.0, "maxY": 339.0}, "class_id": 0, "box_caption": "lao 0.025", "scores": {"class_score": 0.0251922607421875}, "domain": "pixel"}, {"position": {"minX": 408.5, "minY": 86.1875, "maxX": 500.0, "maxY": 130.5}, "class_id": 1, "box_caption": "vn_1_line 0.025", "scores": {"class_score": 0.025177001953125}, "domain": "pixel"}, {"position": {"minX": 84.4375, "minY": 130.5, "maxX": 281.25, "maxY": 256.25}, "class_id": 1, "box_caption": "vn_1_line 0.025", "scores": {"class_score": 0.0249481201171875}, "domain": "pixel"}, {"position": {"minX": 342.75, "minY": 274.5, "maxX": 598.0, "maxY": 379.5}, "class_id": 0, "box_caption": "lao 0.025", "scores": {"class_score": 0.0249481201171875}, "domain": "pixel"}, {"position": {"minX": 280.5, "minY": 314.5, "maxX": 396.5, "maxY": 387.0}, "class_id": 1, "box_caption": "vn_1_line 0.025", "scores": {"class_score": 0.024932861328125}, "domain": "pixel"}, {"position": {"minX": 504.25, "minY": 231.25, "maxX": 609.5, "maxY": 283.75}, "class_id": 1, "box_caption": "vn_1_line 0.025", "scores": {"class_score": 0.0249176025390625}, "domain": "pixel"}, {"position": {"minX": 505.75, "minY": 75.5, "maxX": 586.0, "maxY": 157.125}, "class_id": 2, "box_caption": "vn_2_line 0.025", "scores": {"class_score": 0.0248260498046875}, "domain": "pixel"}, {"position": {"minX": 67.6875, "minY": 47.625, "maxX": 198.5, "maxY": 129.0}, "class_id": 1, "box_caption": "vn_1_line 0.025", "scores": {"class_score": 0.024810791015625}, "domain": "pixel"}, {"position": {"minX": 502.25, "minY": 276.0, "maxX": 635.5, "maxY": 371.5}, "class_id": 1, "box_caption": "vn_1_line 0.025", "scores": {"class_score": 0.0247039794921875}, "domain": "pixel"}, {"position": {"minX": 280.75, "minY": 275.0, "maxX": 532.5, "maxY": 377.5}, "class_id": 0, "box_caption": "lao 0.025", "scores": {"class_score": 0.0246734619140625}, "domain": "pixel"}, {"position": {"minX": 344.0, "minY": 317.0, "maxX": 460.5, "maxY": 385.5}, "class_id": 1, "box_caption": "vn_1_line 0.024", "scores": {"class_score": 0.0244140625}, "domain": "pixel"}, {"position": {"minX": 142.0, "minY": 210.625, "maxX": 276.25, "maxY": 335.75}, "class_id": 0, "box_caption": "lao 0.024", "scores": {"class_score": 0.024261474609375}, "domain": "pixel"}, {"position": {"minX": 479.75, "minY": 234.875, "maxX": 656.0, "maxY": 291.0}, "class_id": 1, "box_caption": "vn_1_line 0.024", "scores": {"class_score": 0.0242462158203125}, "domain": "pixel"}, {"position": {"minX": 46.9375, "minY": 135.0, "maxX": 178.75, "maxY": 255.0}, "class_id": 0, "box_caption": "lao 0.024", "scores": {"class_score": 0.0240936279296875}, "domain": "pixel"}, {"position": {"minX": 267.25, "minY": -1.8125, "maxX": 401.75, "maxY": 83.4375}, "class_id": 0, "box_caption": "lao 0.024", "scores": {"class_score": 0.02392578125}, "domain": "pixel"}, {"position": {"minX": 280.25, "minY": 271.25, "maxX": 412.75, "maxY": 381.75}, "class_id": 1, "box_caption": "vn_1_line 0.024", "scores": {"class_score": 0.02374267578125}, "domain": "pixel"}, {"position": {"minX": -16.375, "minY": 128.75, "maxX": 154.5, "maxY": 261.5}, "class_id": 1, "box_caption": "vn_1_line 0.023", "scores": {"class_score": 0.023406982421875}, "domain": "pixel"}, {"position": {"minX": 230.0, "minY": -0.71875, "maxX": 369.5, "maxY": 95.375}, "class_id": 0, "box_caption": "lao 0.023", "scores": {"class_score": 0.023345947265625}, "domain": "pixel"}, {"position": {"minX": 77.0625, "minY": 232.0, "maxX": 201.5, "maxY": 332.5}, "class_id": 0, "box_caption": "lao 0.023", "scores": {"class_score": 0.0233306884765625}, "domain": "pixel"}, {"position": {"minX": 183.0, "minY": 109.5625, "maxX": 344.0, "maxY": 227.75}, "class_id": 0, "box_caption": "lao 0.023", "scores": {"class_score": 0.0233001708984375}, "domain": "pixel"}, {"position": {"minX": 149.25, "minY": 195.125, "maxX": 335.75, "maxY": 317.0}, "class_id": 2, "box_caption": "vn_2_line 0.023", "scores": {"class_score": 0.0230865478515625}, "domain": "pixel"}, {"position": {"minX": 245.25, "minY": 270.75, "maxX": 379.75, "maxY": 382.25}, "class_id": 0, "box_caption": "lao 0.023", "scores": {"class_score": 0.023040771484375}, "domain": "pixel"}, {"position": {"minX": 149.25, "minY": 102.625, "maxX": 331.25, "maxY": 226.375}, "class_id": 1, "box_caption": "vn_1_line 0.023", "scores": {"class_score": 0.022979736328125}, "domain": "pixel"}, {"position": {"minX": 7.03125, "minY": 164.5, "maxX": 132.0, "maxY": 289.75}, "class_id": 0, "box_caption": "lao 0.023", "scores": {"class_score": 0.022857666015625}, "domain": "pixel"}, {"position": {"minX": 208.0, "minY": 238.75, "maxX": 340.0, "maxY": 353.25}, "class_id": 0, "box_caption": "lao 0.023", "scores": {"class_score": 0.0227203369140625}, "domain": "pixel"}, {"position": {"minX": 440.5, "minY": 272.75, "maxX": 682.5, "maxY": 380.25}, "class_id": 0, "box_caption": "lao 0.023", "scores": {"class_score": 0.0227203369140625}, "domain": "pixel"}, {"position": {"minX": 144.0, "minY": 258.0, "maxX": 353.5, "maxY": 379.5}, "class_id": 2, "box_caption": "vn_2_line 0.023", "scores": {"class_score": 0.022674560546875}, "domain": "pixel"}, {"position": {"minX": 388.25, "minY": -1.125, "maxX": 493.75, "maxY": 72.0}, "class_id": 0, "box_caption": "lao 0.023", "scores": {"class_score": 0.0225982666015625}, "domain": "pixel"}, {"position": {"minX": 374.5, "minY": 314.25, "maxX": 495.0, "maxY": 386.75}, "class_id": 1, "box_caption": "vn_1_line 0.023", "scores": {"class_score": 0.0225830078125}, "domain": "pixel"}, {"position": {"minX": 406.5, "minY": 315.5, "maxX": 524.5, "maxY": 386.5}, "class_id": 1, "box_caption": "vn_1_line 0.023", "scores": {"class_score": 0.02252197265625}, "domain": "pixel"}, {"position": {"minX": 539.5, "minY": -0.625, "maxX": 617.5, "maxY": 52.65625}, "class_id": 0, "box_caption": "lao 0.022", "scores": {"class_score": 0.022186279296875}, "domain": "pixel"}, {"position": {"minX": -17.1875, "minY": 219.25, "maxX": 198.5, "maxY": 353.25}, "class_id": 1, "box_caption": "vn_1_line 0.022", "scores": {"class_score": 0.0219879150390625}, "domain": "pixel"}, {"position": {"minX": 159.875, "minY": 246.25, "maxX": 291.5, "maxY": 366.75}, "class_id": 0, "box_caption": "lao 0.022", "scores": {"class_score": 0.021942138671875}, "domain": "pixel"}, {"position": {"minX": 183.625, "minY": 16.0625, "maxX": 341.0, "maxY": 122.4375}, "class_id": 1, "box_caption": "vn_1_line 0.022", "scores": {"class_score": 0.0216217041015625}, "domain": "pixel"}, {"position": {"minX": 415.0, "minY": 71.5, "maxX": 571.5, "maxY": 147.0}, "class_id": 1, "box_caption": "vn_1_line 0.022", "scores": {"class_score": 0.0215911865234375}, "domain": "pixel"}, {"position": {"minX": 48.875, "minY": 97.25, "maxX": 253.125, "maxY": 224.75}, "class_id": 2, "box_caption": "vn_2_line 0.022", "scores": {"class_score": 0.02154541015625}, "domain": "pixel"}, {"position": {"minX": 357.75, "minY": 266.0, "maxX": 462.75, "maxY": 344.0}, "class_id": 0, "box_caption": "lao 0.021", "scores": {"class_score": 0.0213623046875}, "domain": "pixel"}, {"position": {"minX": 7.65625, "minY": 115.75, "maxX": 132.5, "maxY": 242.75}, "class_id": 0, "box_caption": "lao 0.021", "scores": {"class_score": 0.0211944580078125}, "domain": "pixel"}, {"position": {"minX": 183.625, "minY": 16.0625, "maxX": 341.0, "maxY": 122.4375}, "class_id": 0, "box_caption": "lao 0.021", "scores": {"class_score": 0.0209503173828125}, "domain": "pixel"}, {"position": {"minX": 424.5, "minY": 268.5, "maxX": 523.0, "maxY": 340.5}, "class_id": 0, "box_caption": "lao 0.021", "scores": {"class_score": 0.0209197998046875}, "domain": "pixel"}, {"position": {"minX": 230.0, "minY": -0.71875, "maxX": 369.5, "maxY": 95.375}, "class_id": 1, "box_caption": "vn_1_line 0.021", "scores": {"class_score": 0.0208892822265625}, "domain": "pixel"}, {"position": {"minX": 31.46875, "minY": 151.25, "maxX": 149.0, "maxY": 248.25}, "class_id": 0, "box_caption": "lao 0.021", "scores": {"class_score": 0.0208587646484375}, "domain": "pixel"}, {"position": {"minX": 180.0, "minY": 81.25, "maxX": 343.5, "maxY": 195.75}, "class_id": 0, "box_caption": "lao 0.021", "scores": {"class_score": 0.0206756591796875}, "domain": "pixel"}, {"position": {"minX": 366.25, "minY": 77.25, "maxX": 427.75, "maxY": 129.75}, "class_id": 2, "box_caption": "vn_2_line 0.021", "scores": {"class_score": 0.020660400390625}, "domain": "pixel"}, {"position": {"minX": 280.25, "minY": 271.25, "maxX": 412.75, "maxY": 381.75}, "class_id": 0, "box_caption": "lao 0.021", "scores": {"class_score": 0.0206146240234375}, "domain": "pixel"}, {"position": {"minX": 56.4375, "minY": 39.0, "maxX": 236.75, "maxY": 158.5}, "class_id": 2, "box_caption": "vn_2_line 0.020", "scores": {"class_score": 0.0204925537109375}, "domain": "pixel"}, {"position": {"minX": 572.5, "minY": 137.75, "maxX": 678.5, "maxY": 223.75}, "class_id": 0, "box_caption": "lao 0.020", "scores": {"class_score": 0.02032470703125}, "domain": "pixel"}, {"position": {"minX": 13.125, "minY": 3.96875, "maxX": 165.875, "maxY": 114.5}, "class_id": 1, "box_caption": "vn_1_line 0.020", "scores": {"class_score": 0.0200653076171875}, "domain": "pixel"}, {"position": {"minX": 245.25, "minY": 270.75, "maxX": 379.75, "maxY": 382.25}, "class_id": 1, "box_caption": "vn_1_line 0.020", "scores": {"class_score": 0.020050048828125}, "domain": "pixel"}, {"position": {"minX": 182.0, "minY": 178.875, "maxX": 352.5, "maxY": 293.5}, "class_id": 1, "box_caption": "vn_1_line 0.020", "scores": {"class_score": 0.0200042724609375}, "domain": "pixel"}, {"position": {"minX": 344.0, "minY": 60.15625, "maxX": 548.0, "maxY": 128.5}, "class_id": 1, "box_caption": "vn_1_line 0.020", "scores": {"class_score": 0.019989013671875}, "domain": "pixel"}, {"position": {"minX": 389.25, "minY": 68.5, "maxX": 496.25, "maxY": 135.625}, "class_id": 0, "box_caption": "lao 0.020", "scores": {"class_score": 0.0199737548828125}, "domain": "pixel"}, {"position": {"minX": 374.0, "minY": 254.75, "maxX": 463.5, "maxY": 303.75}, "class_id": 1, "box_caption": "vn_1_line 0.020", "scores": {"class_score": 0.0197906494140625}, "domain": "pixel"}, {"position": {"minX": 352.5, "minY": -5.28125, "maxX": 459.5, "maxY": 64.75}, "class_id": 0, "box_caption": "lao 0.020", "scores": {"class_score": 0.0196533203125}, "domain": "pixel"}, {"position": {"minX": 260.25, "minY": 257.0, "maxX": 474.75, "maxY": 320.5}, "class_id": 0, "box_caption": "lao 0.020", "scores": {"class_score": 0.01959228515625}, "domain": "pixel"}, {"position": {"minX": 81.4375, "minY": 150.875, "maxX": 210.25, "maxY": 272.25}, "class_id": 0, "box_caption": "lao 0.020", "scores": {"class_score": 0.019561767578125}, "domain": "pixel"}, {"position": {"minX": 413.0, "minY": -2.21875, "maxX": 517.0, "maxY": 75.625}, "class_id": 1, "box_caption": "vn_1_line 0.019", "scores": {"class_score": 0.019378662109375}, "domain": "pixel"}, {"position": {"minX": 312.5, "minY": 314.0, "maxX": 427.5, "maxY": 388.0}, "class_id": 1, "box_caption": "vn_1_line 0.019", "scores": {"class_score": 0.019287109375}, "domain": "pixel"}, {"position": {"minX": 304.25, "minY": 72.75, "maxX": 459.75, "maxY": 148.0}, "class_id": 1, "box_caption": "vn_1_line 0.019", "scores": {"class_score": 0.01904296875}, "domain": "pixel"}, {"position": {"minX": 467.5, "minY": 246.625, "maxX": 560.5, "maxY": 297.5}, "class_id": 1, "box_caption": "vn_1_line 0.019", "scores": {"class_score": 0.0189056396484375}, "domain": "pixel"}, {"position": {"minX": 191.5, "minY": 265.5, "maxX": 324.0, "maxY": 381.0}, "class_id": 0, "box_caption": "lao 0.019", "scores": {"class_score": 0.018798828125}, "domain": "pixel"}, {"position": {"minX": 185.5, "minY": 201.75, "maxX": 307.75, "maxY": 297.25}, "class_id": 0, "box_caption": "lao 0.019", "scores": {"class_score": 0.0187835693359375}, "domain": "pixel"}, {"position": {"minX": 3.5625, "minY": 222.5, "maxX": 134.5, "maxY": 360.0}, "class_id": 2, "box_caption": "vn_2_line 0.018", "scores": {"class_score": 0.018463134765625}, "domain": "pixel"}, {"position": {"minX": 216.25, "minY": 314.5, "maxX": 332.25, "maxY": 387.0}, "class_id": 1, "box_caption": "vn_1_line 0.018", "scores": {"class_score": 0.018463134765625}, "domain": "pixel"}, {"position": {"minX": 228.5, "minY": -4.9375, "maxX": 327.5, "maxY": 74.8125}, "class_id": 0, "box_caption": "lao 0.018", "scores": {"class_score": 0.0183868408203125}, "domain": "pixel"}, {"position": {"minX": 426.75, "minY": 256.25, "maxX": 628.0, "maxY": 312.75}, "class_id": 0, "box_caption": "lao 0.018", "scores": {"class_score": 0.0182952880859375}, "domain": "pixel"}, {"position": {"minX": 144.625, "minY": 299.0, "maxX": 324.0, "maxY": 392.0}, "class_id": 1, "box_caption": "vn_1_line 0.018", "scores": {"class_score": 0.0177154541015625}, "domain": "pixel"}, {"position": {"minX": 62.78125, "minY": 317.25, "maxX": 171.875, "maxY": 387.75}, "class_id": 1, "box_caption": "vn_1_line 0.018", "scores": {"class_score": 0.017669677734375}, "domain": "pixel"}, {"position": {"minX": -18.0625, "minY": 193.5, "maxX": 157.75, "maxY": 325.0}, "class_id": 1, "box_caption": "vn_1_line 0.018", "scores": {"class_score": 0.017669677734375}, "domain": "pixel"}, {"position": {"minX": 60.65625, "minY": 201.25, "maxX": 184.125, "maxY": 299.75}, "class_id": 0, "box_caption": "lao 0.018", "scores": {"class_score": 0.0176239013671875}, "domain": "pixel"}, {"position": {"minX": 490.0, "minY": 218.25, "maxX": 630.0, "maxY": 331.75}, "class_id": 0, "box_caption": "lao 0.018", "scores": {"class_score": 0.0175933837890625}, "domain": "pixel"}, {"position": {"minX": 105.875, "minY": 312.5, "maxX": 219.375, "maxY": 389.5}, "class_id": 1, "box_caption": "vn_1_line 0.018", "scores": {"class_score": 0.0175628662109375}, "domain": "pixel"}, {"position": {"minX": 392.25, "minY": 269.0, "maxX": 493.25, "maxY": 341.5}, "class_id": 0, "box_caption": "lao 0.017", "scores": {"class_score": 0.017486572265625}, "domain": "pixel"}, {"position": {"minX": 415.0, "minY": 55.0625, "maxX": 519.5, "maxY": 118.9375}, "class_id": 0, "box_caption": "lao 0.017", "scores": {"class_score": 0.017425537109375}, "domain": "pixel"}, {"position": {"minX": 302.0, "minY": 245.375, "maxX": 418.0, "maxY": 298.75}, "class_id": 1, "box_caption": "vn_1_line 0.017", "scores": {"class_score": 0.01739501953125}, "domain": "pixel"}, {"position": {"minX": 148.75, "minY": 137.75, "maxX": 336.0, "maxY": 257.5}, "class_id": 1, "box_caption": "vn_1_line 0.017", "scores": {"class_score": 0.01739501953125}, "domain": "pixel"}, {"position": {"minX": 501.5, "minY": 59.125, "maxX": 607.5, "maxY": 153.625}, "class_id": 0, "box_caption": "lao 0.017", "scores": {"class_score": 0.0172882080078125}, "domain": "pixel"}, {"position": {"minX": 8.40625, "minY": 277.5, "maxX": 128.5, "maxY": 398.0}, "class_id": 2, "box_caption": "vn_2_line 0.017", "scores": {"class_score": 0.01727294921875}, "domain": "pixel"}, {"position": {"minX": 113.3125, "minY": 153.25, "maxX": 242.0, "maxY": 270.75}, "class_id": 0, "box_caption": "lao 0.017", "scores": {"class_score": 0.0170440673828125}, "domain": "pixel"}, {"position": {"minX": 42.90625, "minY": 45.375, "maxX": 147.875, "maxY": 135.375}, "class_id": 2, "box_caption": "vn_2_line 0.017", "scores": {"class_score": 0.0169677734375}, "domain": "pixel"}, {"position": {"minX": 407.0, "minY": 75.1875, "maxX": 500.5, "maxY": 124.0625}, "class_id": 0, "box_caption": "lao 0.017", "scores": {"class_score": 0.0169525146484375}, "domain": "pixel"}, {"position": {"minX": 493.0, "minY": 238.125, "maxX": 586.0, "maxY": 288.75}, "class_id": 1, "box_caption": "vn_1_line 0.017", "scores": {"class_score": 0.0168914794921875}, "domain": "pixel"}, {"position": {"minX": 185.75, "minY": 314.75, "maxX": 299.25, "maxY": 387.75}, "class_id": 1, "box_caption": "vn_1_line 0.017", "scores": {"class_score": 0.016754150390625}, "domain": "pixel"}, {"position": {"minX": 369.0, "minY": 305.75, "maxX": 541.5, "maxY": 393.75}, "class_id": 1, "box_caption": "vn_1_line 0.017", "scores": {"class_score": 0.016754150390625}, "domain": "pixel"}, {"position": {"minX": 523.0, "minY": 239.625, "maxX": 652.0, "maxY": 339.5}, "class_id": 1, "box_caption": "vn_1_line 0.017", "scores": {"class_score": 0.0166168212890625}, "domain": "pixel"}, {"position": {"minX": 569.0, "minY": 162.75, "maxX": 676.0, "maxY": 253.0}, "class_id": 0, "box_caption": "lao 0.017", "scores": {"class_score": 0.0166015625}, "domain": "pixel"}, {"position": {"minX": 209.75, "minY": 0.25, "maxX": 322.25, "maxY": 98.0}, "class_id": 1, "box_caption": "vn_1_line 0.017", "scores": {"class_score": 0.016510009765625}, "domain": "pixel"}, {"position": {"minX": 348.75, "minY": 252.5, "maxX": 442.75, "maxY": 305.0}, "class_id": 1, "box_caption": "vn_1_line 0.016", "scores": {"class_score": 0.0164947509765625}, "domain": "pixel"}, {"position": {"minX": 438.75, "minY": 315.0, "maxX": 557.0, "maxY": 388.0}, "class_id": 1, "box_caption": "vn_1_line 0.016", "scores": {"class_score": 0.0163726806640625}, "domain": "pixel"}, {"position": {"minX": -0.5625, "minY": -7.4375, "maxX": 126.875, "maxY": 107.0625}, "class_id": 2, "box_caption": "vn_2_line 0.016", "scores": {"class_score": 0.016326904296875}, "domain": "pixel"}, {"position": {"minX": 575.0, "minY": 175.0, "maxX": 650.0, "maxY": 250.5}, "class_id": 2, "box_caption": "vn_2_line 0.016", "scores": {"class_score": 0.0163116455078125}, "domain": "pixel"}, {"position": {"minX": 79.4375, "minY": 69.75, "maxX": 283.0, "maxY": 191.25}, "class_id": 2, "box_caption": "vn_2_line 0.016", "scores": {"class_score": 0.0161895751953125}, "domain": "pixel"}, {"position": {"minX": 208.5, "minY": 304.75, "maxX": 384.0, "maxY": 391.25}, "class_id": 1, "box_caption": "vn_1_line 0.016", "scores": {"class_score": 0.0160980224609375}, "domain": "pixel"}, {"position": {"minX": 57.0625, "minY": 297.75, "maxX": 224.5, "maxY": 388.75}, "class_id": 0, "box_caption": "lao 0.016", "scores": {"class_score": 0.01605224609375}, "domain": "pixel"}, {"position": {"minX": 24.1875, "minY": 200.0, "maxX": 130.75, "maxY": 298.25}, "class_id": 0, "box_caption": "lao 0.016", "scores": {"class_score": 0.0159454345703125}, "domain": "pixel"}, {"position": {"minX": 152.375, "minY": 312.75, "maxX": 267.5, "maxY": 388.75}, "class_id": 1, "box_caption": "vn_1_line 0.016", "scores": {"class_score": 0.0159454345703125}, "domain": "pixel"}, {"position": {"minX": 311.0, "minY": 272.75, "maxX": 446.5, "maxY": 379.75}, "class_id": 0, "box_caption": "lao 0.016", "scores": {"class_score": 0.0158538818359375}, "domain": "pixel"}, {"position": {"minX": -7.375, "minY": 289.25, "maxX": 97.125, "maxY": 395.25}, "class_id": 0, "box_caption": "lao 0.016", "scores": {"class_score": 0.0156402587890625}, "domain": "pixel"}, {"position": {"minX": 231.25, "minY": 268.75, "maxX": 460.25, "maxY": 378.25}, "class_id": 2, "box_caption": "vn_2_line 0.016", "scores": {"class_score": 0.015625}, "domain": "pixel"}, {"position": {"minX": 100.5, "minY": 253.25, "maxX": 227.5, "maxY": 392.25}, "class_id": 2, "box_caption": "vn_2_line 0.016", "scores": {"class_score": 0.01556396484375}, "domain": "pixel"}, {"position": {"minX": 204.75, "minY": -0.296875, "maxX": 290.5, "maxY": 63.875}, "class_id": 0, "box_caption": "lao 0.016", "scores": {"class_score": 0.0155181884765625}, "domain": "pixel"}, {"position": {"minX": 336.5, "minY": -0.890625, "maxX": 441.5, "maxY": 55.375}, "class_id": 1, "box_caption": "vn_1_line 0.015", "scores": {"class_score": 0.01544952392578125}, "domain": "pixel"}, {"position": {"minX": 224.75, "minY": 283.75, "maxX": 353.25, "maxY": 391.25}, "class_id": 0, "box_caption": "lao 0.015", "scores": {"class_score": 0.01544952392578125}, "domain": "pixel"}, {"position": {"minX": 81.8125, "minY": 16.9375, "maxX": 235.0, "maxY": 117.1875}, "class_id": 1, "box_caption": "vn_1_line 0.015", "scores": {"class_score": 0.01522064208984375}, "domain": "pixel"}, {"position": {"minX": 114.5, "minY": 36.09375, "maxX": 310.0, "maxY": 156.625}, "class_id": 2, "box_caption": "vn_2_line 0.015", "scores": {"class_score": 0.01520538330078125}, "domain": "pixel"}, {"position": {"minX": 32.53125, "minY": 118.3125, "maxX": 150.25, "maxY": 218.25}, "class_id": 0, "box_caption": "lao 0.015", "scores": {"class_score": 0.015167236328125}, "domain": "pixel"}, {"position": {"minX": 82.125, "minY": 297.75, "maxX": 259.0, "maxY": 390.25}, "class_id": 1, "box_caption": "vn_1_line 0.015", "scores": {"class_score": 0.0147552490234375}, "domain": "pixel"}, {"position": {"minX": 141.0, "minY": 261.75, "maxX": 261.75, "maxY": 361.75}, "class_id": 0, "box_caption": "lao 0.015", "scores": {"class_score": 0.014556884765625}, "domain": "pixel"}, {"position": {"minX": 272.0, "minY": 305.75, "maxX": 446.0, "maxY": 391.25}, "class_id": 1, "box_caption": "vn_1_line 0.015", "scores": {"class_score": 0.0145416259765625}, "domain": "pixel"}, {"position": {"minX": 5.15625, "minY": 321.0, "maxX": 86.125, "maxY": 385.5}, "class_id": 0, "box_caption": "lao 0.014", "scores": {"class_score": 0.01445770263671875}, "domain": "pixel"}, {"position": {"minX": 176.625, "minY": 235.75, "maxX": 374.5, "maxY": 348.75}, "class_id": 2, "box_caption": "vn_2_line 0.014", "scores": {"class_score": 0.0144195556640625}, "domain": "pixel"}, {"position": {"minX": 62.125, "minY": 50.78125, "maxX": 195.125, "maxY": 176.875}, "class_id": 0, "box_caption": "lao 0.014", "scores": {"class_score": 0.01432037353515625}, "domain": "pixel"}, {"position": {"minX": 49.6875, "minY": 57.5625, "maxX": 140.75, "maxY": 138.75}, "class_id": 0, "box_caption": "lao 0.014", "scores": {"class_score": 0.014312744140625}, "domain": "pixel"}, {"position": {"minX": 115.5, "minY": 135.5, "maxX": 310.25, "maxY": 256.25}, "class_id": 2, "box_caption": "vn_2_line 0.014", "scores": {"class_score": 0.014251708984375}, "domain": "pixel"}, {"position": {"minX": 94.125, "minY": 20.15625, "maxX": 267.5, "maxY": 129.125}, "class_id": 2, "box_caption": "vn_2_line 0.014", "scores": {"class_score": 0.014190673828125}, "domain": "pixel"}, {"position": {"minX": 45.0, "minY": 209.25, "maxX": 180.5, "maxY": 339.75}, "class_id": 2, "box_caption": "vn_2_line 0.014", "scores": {"class_score": 0.01413726806640625}, "domain": "pixel"}, {"position": {"minX": 249.0, "minY": 312.75, "maxX": 365.0, "maxY": 388.25}, "class_id": 1, "box_caption": "vn_1_line 0.014", "scores": {"class_score": 0.014129638671875}, "domain": "pixel"}, {"position": {"minX": 10.25, "minY": 68.0625, "maxX": 135.875, "maxY": 194.0}, "class_id": 2, "box_caption": "vn_2_line 0.014", "scores": {"class_score": 0.01409912109375}, "domain": "pixel"}, {"position": {"minX": 435.0, "minY": 45.34375, "maxX": 552.5, "maxY": 116.125}, "class_id": 1, "box_caption": "vn_1_line 0.014", "scores": {"class_score": 0.01401519775390625}, "domain": "pixel"}, {"position": {"minX": 180.0, "minY": 81.25, "maxX": 343.5, "maxY": 195.75}, "class_id": 1, "box_caption": "vn_1_line 0.014", "scores": {"class_score": 0.0139923095703125}, "domain": "pixel"}, {"position": {"minX": 211.75, "minY": 206.25, "maxX": 382.75, "maxY": 295.75}, "class_id": 1, "box_caption": "vn_1_line 0.014", "scores": {"class_score": 0.0139007568359375}, "domain": "pixel"}, {"position": {"minX": -14.5625, "minY": 56.03125, "maxX": 157.0, "maxY": 174.0}, "class_id": 1, "box_caption": "vn_1_line 0.014", "scores": {"class_score": 0.013824462890625}, "domain": "pixel"}, {"position": {"minX": 153.875, "minY": 12.0625, "maxX": 313.0, "maxY": 125.9375}, "class_id": 2, "box_caption": "vn_2_line 0.014", "scores": {"class_score": 0.013702392578125}, "domain": "pixel"}, {"position": {"minX": 468.5, "minY": 313.25, "maxX": 590.5, "maxY": 389.75}, "class_id": 1, "box_caption": "vn_1_line 0.014", "scores": {"class_score": 0.01361846923828125}, "domain": "pixel"}, {"position": {"minX": 7.3125, "minY": 95.8125, "maxX": 133.0, "maxY": 230.5}, "class_id": 2, "box_caption": "vn_2_line 0.014", "scores": {"class_score": 0.01358795166015625}, "domain": "pixel"}, {"position": {"minX": 44.09375, "minY": 169.375, "maxX": 166.875, "maxY": 265.75}, "class_id": 0, "box_caption": "lao 0.014", "scores": {"class_score": 0.01354217529296875}, "domain": "pixel"}], "class_labels": {"0": "lao", "1": "vn_1_line", "2": "vn_2_line"}}