{"box_data": [{"position": {"minX": 180.0, "minY": 87.375, "maxX": 286.25, "maxY": 126.5}, "class_id": 1, "box_caption": "vn_1_line 0.380", "scores": {"class_score": 0.380126953125}, "domain": "pixel"}, {"position": {"minX": 71.4375, "minY": 15.25, "maxX": 186.25, "maxY": 121.25}, "class_id": 2, "box_caption": "vn_2_line 0.287", "scores": {"class_score": 0.287353515625}, "domain": "pixel"}, {"position": {"minX": 322.0, "minY": 86.625, "maxX": 423.0, "maxY": 137.875}, "class_id": 1, "box_caption": "vn_1_line 0.245", "scores": {"class_score": 0.2449951171875}, "domain": "pixel"}, {"position": {"minX": 93.1875, "minY": 23.875, "maxX": 173.75, "maxY": 114.125}, "class_id": 2, "box_caption": "vn_2_line 0.214", "scores": {"class_score": 0.21435546875}, "domain": "pixel"}, {"position": {"minX": 265.0, "minY": 288.5, "maxX": 363.5, "maxY": 337.5}, "class_id": 1, "box_caption": "vn_1_line 0.201", "scores": {"class_score": 0.20068359375}, "domain": "pixel"}, {"position": {"minX": 235.25, "minY": 290.25, "maxX": 331.25, "maxY": 337.75}, "class_id": 1, "box_caption": "vn_1_line 0.195", "scores": {"class_score": 0.19482421875}, "domain": "pixel"}, {"position": {"minX": 395.0, "minY": 256.0, "maxX": 496.5, "maxY": 312.0}, "class_id": 1, "box_caption": "vn_1_line 0.193", "scores": {"class_score": 0.193359375}, "domain": "pixel"}, {"position": {"minX": 355.25, "minY": 85.5, "maxX": 453.25, "maxY": 141.125}, "class_id": 1, "box_caption": "vn_1_line 0.191", "scores": {"class_score": 0.191162109375}, "domain": "pixel"}, {"position": {"minX": 270.5, "minY": 39.625, "maxX": 318.0, "maxY": 85.875}, "class_id": 0, "box_caption": "lao 0.186", "scores": {"class_score": 0.186279296875}, "domain": "pixel"}, {"position": {"minX": 296.5, "minY": 87.375, "maxX": 394.0, "maxY": 128.375}, "class_id": 1, "box_caption": "vn_1_line 0.186", "scores": {"class_score": 0.185791015625}, "domain": "pixel"}, {"position": {"minX": 295.5, "minY": 284.5, "maxX": 394.5, "maxY": 337.5}, "class_id": 1, "box_caption": "vn_1_line 0.182", "scores": {"class_score": 0.1822509765625}, "domain": "pixel"}, {"position": {"minX": 202.25, "minY": 292.0, "maxX": 298.25, "maxY": 339.5}, "class_id": 1, "box_caption": "vn_1_line 0.167", "scores": {"class_score": 0.16650390625}, "domain": "pixel"}, {"position": {"minX": 192.25, "minY": 76.375, "maxX": 295.25, "maxY": 140.375}, "class_id": 1, "box_caption": "vn_1_line 0.165", "scores": {"class_score": 0.1651611328125}, "domain": "pixel"}, {"position": {"minX": 102.4375, "minY": 290.25, "maxX": 204.75, "maxY": 346.75}, "class_id": 1, "box_caption": "vn_1_line 0.154", "scores": {"class_score": 0.1544189453125}, "domain": "pixel"}, {"position": {"minX": 418.0, "minY": 243.25, "maxX": 518.5, "maxY": 313.75}, "class_id": 1, "box_caption": "vn_1_line 0.153", "scores": {"class_score": 0.1534423828125}, "domain": "pixel"}, {"position": {"minX": 325.5, "minY": 279.5, "maxX": 429.5, "maxY": 338.0}, "class_id": 1, "box_caption": "vn_1_line 0.136", "scores": {"class_score": 0.1356201171875}, "domain": "pixel"}, {"position": {"minX": 517.5, "minY": 12.71875, "maxX": 682.5, "maxY": 130.25}, "class_id": 0, "box_caption": "lao 0.136", "scores": {"class_score": 0.1356201171875}, "domain": "pixel"}, {"position": {"minX": 169.0, "minY": 293.0, "maxX": 269.5, "maxY": 341.5}, "class_id": 1, "box_caption": "vn_1_line 0.133", "scores": {"class_score": 0.1334228515625}, "domain": "pixel"}, {"position": {"minX": 521.0, "minY": 41.125, "maxX": 687.0, "maxY": 156.75}, "class_id": 0, "box_caption": "lao 0.129", "scores": {"class_score": 0.1292724609375}, "domain": "pixel"}, {"position": {"minX": 75.25, "minY": 0.28125, "maxX": 188.75, "maxY": 109.25}, "class_id": 0, "box_caption": "lao 0.127", "scores": {"class_score": 0.127197265625}, "domain": "pixel"}, {"position": {"minX": 133.25, "minY": 292.0, "maxX": 238.25, "maxY": 344.0}, "class_id": 1, "box_caption": "vn_1_line 0.121", "scores": {"class_score": 0.12127685546875}, "domain": "pixel"}, {"position": {"minX": 253.0, "minY": 37.28125, "maxX": 362.5, "maxY": 133.875}, "class_id": 0, "box_caption": "lao 0.114", "scores": {"class_score": 0.11407470703125}, "domain": "pixel"}, {"position": {"minX": 361.75, "minY": 271.0, "maxX": 463.25, "maxY": 337.5}, "class_id": 1, "box_caption": "vn_1_line 0.113", "scores": {"class_score": 0.1129150390625}, "domain": "pixel"}, {"position": {"minX": 468.0, "minY": 135.75, "maxX": 626.0, "maxY": 254.0}, "class_id": 0, "box_caption": "lao 0.110", "scores": {"class_score": 0.1097412109375}, "domain": "pixel"}, {"position": {"minX": 511.25, "minY": 67.4375, "maxX": 681.5, "maxY": 189.5}, "class_id": 0, "box_caption": "lao 0.104", "scores": {"class_score": 0.1044921875}, "domain": "pixel"}, {"position": {"minX": 60.25, "minY": 281.5, "maxX": 253.25, "maxY": 381.5}, "class_id": 1, "box_caption": "vn_1_line 0.102", "scores": {"class_score": 0.10223388671875}, "domain": "pixel"}, {"position": {"minX": 311.5, "minY": 267.0, "maxX": 502.5, "maxY": 340.0}, "class_id": 1, "box_caption": "vn_1_line 0.098", "scores": {"class_score": 0.09820556640625}, "domain": "pixel"}, {"position": {"minX": 458.25, "minY": 175.5, "maxX": 632.5, "maxY": 289.25}, "class_id": 0, "box_caption": "lao 0.097", "scores": {"class_score": 0.0970458984375}, "domain": "pixel"}, {"position": {"minX": 345.75, "minY": 255.5, "maxX": 535.0, "maxY": 308.5}, "class_id": 1, "box_caption": "vn_1_line 0.094", "scores": {"class_score": 0.09442138671875}, "domain": "pixel"}, {"position": {"minX": 101.5, "minY": 285.0, "maxX": 325.5, "maxY": 373.5}, "class_id": 1, "box_caption": "vn_1_line 0.092", "scores": {"class_score": 0.09234619140625}, "domain": "pixel"}, {"position": {"minX": 471.25, "minY": 126.0625, "maxX": 578.0, "maxY": 194.0}, "class_id": 1, "box_caption": "vn_1_line 0.091", "scores": {"class_score": 0.09149169921875}, "domain": "pixel"}, {"position": {"minX": 98.875, "minY": 294.0, "maxX": 211.625, "maxY": 375.0}, "class_id": 1, "box_caption": "vn_1_line 0.089", "scores": {"class_score": 0.08917236328125}, "domain": "pixel"}, {"position": {"minX": 54.125, "minY": 288.0, "maxX": 242.375, "maxY": 350.0}, "class_id": 1, "box_caption": "vn_1_line 0.089", "scores": {"class_score": 0.08892822265625}, "domain": "pixel"}, {"position": {"minX": 468.0, "minY": 135.75, "maxX": 626.0, "maxY": 254.0}, "class_id": 2, "box_caption": "vn_2_line 0.089", "scores": {"class_score": 0.08868408203125}, "domain": "pixel"}, {"position": {"minX": 160.0, "minY": 293.75, "maxX": 275.25, "maxY": 367.25}, "class_id": 1, "box_caption": "vn_1_line 0.088", "scores": {"class_score": 0.087890625}, "domain": "pixel"}, {"position": {"minX": 260.0, "minY": 36.6875, "maxX": 321.5, "maxY": 98.0625}, "class_id": 0, "box_caption": "lao 0.086", "scores": {"class_score": 0.08612060546875}, "domain": "pixel"}, {"position": {"minX": 367.0, "minY": 268.0, "maxX": 467.0, "maxY": 311.0}, "class_id": 1, "box_caption": "vn_1_line 0.085", "scores": {"class_score": 0.08538818359375}, "domain": "pixel"}, {"position": {"minX": 123.375, "minY": 293.75, "maxX": 242.625, "maxY": 369.25}, "class_id": 1, "box_caption": "vn_1_line 0.083", "scores": {"class_score": 0.08306884765625}, "domain": "pixel"}, {"position": {"minX": 231.25, "minY": 283.25, "maxX": 440.75, "maxY": 337.75}, "class_id": 1, "box_caption": "vn_1_line 0.082", "scores": {"class_score": 0.08160400390625}, "domain": "pixel"}, {"position": {"minX": 521.0, "minY": 41.125, "maxX": 687.0, "maxY": 156.75}, "class_id": 2, "box_caption": "vn_2_line 0.081", "scores": {"class_score": 0.081298828125}, "domain": "pixel"}, {"position": {"minX": 165.0, "minY": 287.75, "maxX": 379.0, "maxY": 337.25}, "class_id": 1, "box_caption": "vn_1_line 0.081", "scores": {"class_score": 0.08123779296875}, "domain": "pixel"}, {"position": {"minX": 191.125, "minY": 294.25, "maxX": 309.5, "maxY": 365.75}, "class_id": 1, "box_caption": "vn_1_line 0.080", "scores": {"class_score": 0.08013916015625}, "domain": "pixel"}, {"position": {"minX": 230.625, "minY": 45.75, "maxX": 326.5, "maxY": 130.75}, "class_id": 0, "box_caption": "lao 0.078", "scores": {"class_score": 0.07781982421875}, "domain": "pixel"}, {"position": {"minX": 495.75, "minY": 254.0, "maxX": 695.5, "maxY": 383.0}, "class_id": 0, "box_caption": "lao 0.073", "scores": {"class_score": 0.07330322265625}, "domain": "pixel"}, {"position": {"minX": 223.875, "minY": 293.75, "maxX": 340.5, "maxY": 364.25}, "class_id": 1, "box_caption": "vn_1_line 0.073", "scores": {"class_score": 0.07269287109375}, "domain": "pixel"}, {"position": {"minX": 277.5, "minY": 91.9375, "maxX": 449.0, "maxY": 145.625}, "class_id": 1, "box_caption": "vn_1_line 0.072", "scores": {"class_score": 0.07196044921875}, "domain": "pixel"}, {"position": {"minX": 525.0, "minY": 24.8125, "maxX": 640.0, "maxY": 114.1875}, "class_id": 0, "box_caption": "lao 0.071", "scores": {"class_score": 0.07061767578125}, "domain": "pixel"}, {"position": {"minX": 451.0, "minY": 204.625, "maxX": 623.0, "maxY": 316.25}, "class_id": 0, "box_caption": "lao 0.070", "scores": {"class_score": 0.06982421875}, "domain": "pixel"}, {"position": {"minX": 159.5, "minY": 285.0, "maxX": 395.5, "maxY": 373.0}, "class_id": 1, "box_caption": "vn_1_line 0.069", "scores": {"class_score": 0.0692138671875}, "domain": "pixel"}, {"position": {"minX": 389.5, "minY": 261.0, "maxX": 496.0, "maxY": 338.5}, "class_id": 1, "box_caption": "vn_1_line 0.068", "scores": {"class_score": 0.06756591796875}, "domain": "pixel"}, {"position": {"minX": 376.5, "minY": 242.625, "maxX": 504.0, "maxY": 302.0}, "class_id": 1, "box_caption": "vn_1_line 0.067", "scores": {"class_score": 0.06695556640625}, "domain": "pixel"}, {"position": {"minX": 102.75, "minY": 290.0, "maxX": 314.25, "maxY": 344.0}, "class_id": 1, "box_caption": "vn_1_line 0.067", "scores": {"class_score": 0.06658935546875}, "domain": "pixel"}, {"position": {"minX": 468.5, "minY": 131.25, "maxX": 580.5, "maxY": 211.0}, "class_id": 0, "box_caption": "lao 0.066", "scores": {"class_score": 0.06610107421875}, "domain": "pixel"}, {"position": {"minX": 459.5, "minY": 117.3125, "maxX": 622.5, "maxY": 206.5}, "class_id": 1, "box_caption": "vn_1_line 0.065", "scores": {"class_score": 0.06549072265625}, "domain": "pixel"}, {"position": {"minX": 60.25, "minY": 281.5, "maxX": 253.25, "maxY": 381.5}, "class_id": 0, "box_caption": "lao 0.065", "scores": {"class_score": 0.06536865234375}, "domain": "pixel"}, {"position": {"minX": 87.75, "minY": -3.21875, "maxX": 175.25, "maxY": 82.625}, "class_id": 2, "box_caption": "vn_2_line 0.063", "scores": {"class_score": 0.06268310546875}, "domain": "pixel"}, {"position": {"minX": 253.5, "minY": 292.0, "maxX": 373.5, "maxY": 362.5}, "class_id": 1, "box_caption": "vn_1_line 0.062", "scores": {"class_score": 0.061737060546875}, "domain": "pixel"}, {"position": {"minX": 502.5, "minY": 97.5, "maxX": 681.5, "maxY": 225.5}, "class_id": 0, "box_caption": "lao 0.062", "scores": {"class_score": 0.06158447265625}, "domain": "pixel"}, {"position": {"minX": 258.5, "minY": 281.25, "maxX": 491.0, "maxY": 377.75}, "class_id": 1, "box_caption": "vn_1_line 0.061", "scores": {"class_score": 0.061431884765625}, "domain": "pixel"}, {"position": {"minX": 368.0, "minY": 239.75, "maxX": 572.5, "maxY": 347.75}, "class_id": 1, "box_caption": "vn_1_line 0.060", "scores": {"class_score": 0.060333251953125}, "domain": "pixel"}, {"position": {"minX": 221.625, "minY": 65.6875, "maxX": 317.5, "maxY": 141.25}, "class_id": 1, "box_caption": "vn_1_line 0.060", "scores": {"class_score": 0.05987548828125}, "domain": "pixel"}, {"position": {"minX": -0.78125, "minY": -7.9375, "maxX": 110.875, "maxY": 100.4375}, "class_id": 0, "box_caption": "lao 0.060", "scores": {"class_score": 0.05987548828125}, "domain": "pixel"}, {"position": {"minX": 458.25, "minY": 175.5, "maxX": 632.5, "maxY": 289.25}, "class_id": 2, "box_caption": "vn_2_line 0.058", "scores": {"class_score": 0.058319091796875}, "domain": "pixel"}, {"position": {"minX": 285.75, "minY": 292.0, "maxX": 406.75, "maxY": 361.5}, "class_id": 1, "box_caption": "vn_1_line 0.058", "scores": {"class_score": 0.057830810546875}, "domain": "pixel"}, {"position": {"minX": 407.5, "minY": 229.0, "maxX": 585.5, "maxY": 313.5}, "class_id": 1, "box_caption": "vn_1_line 0.057", "scores": {"class_score": 0.05743408203125}, "domain": "pixel"}, {"position": {"minX": 495.75, "minY": 193.75, "maxX": 689.0, "maxY": 323.75}, "class_id": 0, "box_caption": "lao 0.057", "scores": {"class_score": 0.0570068359375}, "domain": "pixel"}, {"position": {"minX": 317.0, "minY": 291.0, "maxX": 442.0, "maxY": 364.0}, "class_id": 1, "box_caption": "vn_1_line 0.056", "scores": {"class_score": 0.0560302734375}, "domain": "pixel"}, {"position": {"minX": 468.0, "minY": 135.75, "maxX": 626.0, "maxY": 254.0}, "class_id": 1, "box_caption": "vn_1_line 0.055", "scores": {"class_score": 0.055145263671875}, "domain": "pixel"}, {"position": {"minX": 324.75, "minY": 283.0, "maxX": 561.0, "maxY": 378.5}, "class_id": 1, "box_caption": "vn_1_line 0.054", "scores": {"class_score": 0.054290771484375}, "domain": "pixel"}, {"position": {"minX": 257.25, "minY": 270.0, "maxX": 392.25, "maxY": 337.0}, "class_id": 1, "box_caption": "vn_1_line 0.054", "scores": {"class_score": 0.05426025390625}, "domain": "pixel"}, {"position": {"minX": 517.5, "minY": 12.71875, "maxX": 682.5, "maxY": 130.25}, "class_id": 2, "box_caption": "vn_2_line 0.054", "scores": {"class_score": 0.05401611328125}, "domain": "pixel"}, {"position": {"minX": 383.25, "minY": 74.375, "maxX": 486.25, "maxY": 149.875}, "class_id": 1, "box_caption": "vn_1_line 0.054", "scores": {"class_score": 0.05389404296875}, "domain": "pixel"}, {"position": {"minX": 458.25, "minY": 175.5, "maxX": 632.5, "maxY": 289.25}, "class_id": 1, "box_caption": "vn_1_line 0.054", "scores": {"class_score": 0.0537109375}, "domain": "pixel"}, {"position": {"minX": 501.25, "minY": -1.21875, "maxX": 656.5, "maxY": 110.875}, "class_id": 0, "box_caption": "lao 0.053", "scores": {"class_score": 0.05255126953125}, "domain": "pixel"}, {"position": {"minX": 451.0, "minY": 204.625, "maxX": 623.0, "maxY": 316.25}, "class_id": 1, "box_caption": "vn_1_line 0.049", "scores": {"class_score": 0.04864501953125}, "domain": "pixel"}, {"position": {"minX": 511.25, "minY": 67.4375, "maxX": 681.5, "maxY": 189.5}, "class_id": 2, "box_caption": "vn_2_line 0.047", "scores": {"class_score": 0.046875}, "domain": "pixel"}, {"position": {"minX": 338.25, "minY": 277.0, "maxX": 424.75, "maxY": 315.0}, "class_id": 1, "box_caption": "vn_1_line 0.046", "scores": {"class_score": 0.046051025390625}, "domain": "pixel"}, {"position": {"minX": 429.75, "minY": 238.875, "maxX": 525.5, "maxY": 285.0}, "class_id": 1, "box_caption": "vn_1_line 0.046", "scores": {"class_score": 0.045501708984375}, "domain": "pixel"}, {"position": {"minX": 459.5, "minY": 117.3125, "maxX": 622.5, "maxY": 206.5}, "class_id": 0, "box_caption": "lao 0.045", "scores": {"class_score": 0.045257568359375}, "domain": "pixel"}, {"position": {"minX": 388.0, "minY": 274.25, "maxX": 622.0, "maxY": 381.25}, "class_id": 1, "box_caption": "vn_1_line 0.045", "scores": {"class_score": 0.045135498046875}, "domain": "pixel"}, {"position": {"minX": 87.75, "minY": -7.28125, "maxX": 172.25, "maxY": 84.75}, "class_id": 0, "box_caption": "lao 0.045", "scores": {"class_score": 0.044921875}, "domain": "pixel"}, {"position": {"minX": 94.6875, "minY": 1.765625, "maxX": 170.25, "maxY": 62.25}, "class_id": 0, "box_caption": "lao 0.045", "scores": {"class_score": 0.04461669921875}, "domain": "pixel"}, {"position": {"minX": 136.875, "minY": 278.25, "maxX": 262.5, "maxY": 351.25}, "class_id": 1, "box_caption": "vn_1_line 0.044", "scores": {"class_score": 0.044036865234375}, "domain": "pixel"}, {"position": {"minX": 98.875, "minY": 294.0, "maxX": 211.625, "maxY": 375.0}, "class_id": 0, "box_caption": "lao 0.043", "scores": {"class_score": 0.042724609375}, "domain": "pixel"}, {"position": {"minX": 209.5, "minY": 274.75, "maxX": 315.5, "maxY": 333.25}, "class_id": 1, "box_caption": "vn_1_line 0.042", "scores": {"class_score": 0.042236328125}, "domain": "pixel"}, {"position": {"minX": 233.125, "minY": 275.0, "maxX": 359.0, "maxY": 330.5}, "class_id": 1, "box_caption": "vn_1_line 0.042", "scores": {"class_score": 0.042144775390625}, "domain": "pixel"}, {"position": {"minX": 448.0, "minY": 227.125, "maxX": 557.0, "maxY": 314.5}, "class_id": 1, "box_caption": "vn_1_line 0.042", "scores": {"class_score": 0.041717529296875}, "domain": "pixel"}, {"position": {"minX": 347.5, "minY": 285.75, "maxX": 479.0, "maxY": 367.75}, "class_id": 1, "box_caption": "vn_1_line 0.042", "scores": {"class_score": 0.04168701171875}, "domain": "pixel"}, {"position": {"minX": 491.0, "minY": 220.125, "maxX": 697.0, "maxY": 357.5}, "class_id": 2, "box_caption": "vn_2_line 0.042", "scores": {"class_score": 0.04156494140625}, "domain": "pixel"}, {"position": {"minX": 506.0, "minY": 21.84375, "maxX": 657.0, "maxY": 126.5}, "class_id": 1, "box_caption": "vn_1_line 0.041", "scores": {"class_score": 0.04132080078125}, "domain": "pixel"}, {"position": {"minX": 530.5, "minY": 54.9375, "maxX": 653.5, "maxY": 173.75}, "class_id": 0, "box_caption": "lao 0.041", "scores": {"class_score": 0.04083251953125}, "domain": "pixel"}, {"position": {"minX": 168.5, "minY": 277.5, "maxX": 292.5, "maxY": 351.5}, "class_id": 1, "box_caption": "vn_1_line 0.041", "scores": {"class_score": 0.040771484375}, "domain": "pixel"}, {"position": {"minX": 361.5, "minY": 278.0, "maxX": 591.5, "maxY": 379.5}, "class_id": 0, "box_caption": "lao 0.041", "scores": {"class_score": 0.040771484375}, "domain": "pixel"}, {"position": {"minX": 460.0, "minY": 228.125, "maxX": 675.0, "maxY": 354.25}, "class_id": 0, "box_caption": "lao 0.041", "scores": {"class_score": 0.040618896484375}, "domain": "pixel"}, {"position": {"minX": 422.75, "minY": 268.5, "maxX": 652.0, "maxY": 384.0}, "class_id": 0, "box_caption": "lao 0.040", "scores": {"class_score": 0.04046630859375}, "domain": "pixel"}, {"position": {"minX": -0.78125, "minY": -7.9375, "maxX": 110.875, "maxY": 100.4375}, "class_id": 2, "box_caption": "vn_2_line 0.040", "scores": {"class_score": 0.04034423828125}, "domain": "pixel"}, {"position": {"minX": 345.25, "minY": 17.984375, "maxX": 397.75, "maxY": 55.0}, "class_id": 0, "box_caption": "lao 0.040", "scores": {"class_score": 0.039764404296875}, "domain": "pixel"}, {"position": {"minX": 521.0, "minY": 41.125, "maxX": 687.0, "maxY": 156.75}, "class_id": 1, "box_caption": "vn_1_line 0.039", "scores": {"class_score": 0.038726806640625}, "domain": "pixel"}, {"position": {"minX": 74.3125, "minY": 287.5, "maxX": 180.75, "maxY": 347.5}, "class_id": 1, "box_caption": "vn_1_line 0.038", "scores": {"class_score": 0.0377197265625}, "domain": "pixel"}, {"position": {"minX": 402.75, "minY": 287.0, "maxX": 530.5, "maxY": 391.0}, "class_id": 0, "box_caption": "lao 0.037", "scores": {"class_score": 0.036773681640625}, "domain": "pixel"}, {"position": {"minX": 284.75, "minY": 92.5625, "maxX": 373.75, "maxY": 133.875}, "class_id": 1, "box_caption": "vn_1_line 0.037", "scores": {"class_score": 0.03668212890625}, "domain": "pixel"}, {"position": {"minX": 290.0, "minY": 265.75, "maxX": 422.5, "maxY": 338.25}, "class_id": 1, "box_caption": "vn_1_line 0.036", "scores": {"class_score": 0.036224365234375}, "domain": "pixel"}, {"position": {"minX": 405.75, "minY": 314.25, "maxX": 525.5, "maxY": 387.75}, "class_id": 1, "box_caption": "vn_1_line 0.035", "scores": {"class_score": 0.035400390625}, "domain": "pixel"}, {"position": {"minX": 203.875, "minY": 25.578125, "maxX": 248.125, "maxY": 59.875}, "class_id": 0, "box_caption": "lao 0.035", "scores": {"class_score": 0.035186767578125}, "domain": "pixel"}, {"position": {"minX": 339.25, "minY": 254.25, "maxX": 537.0, "maxY": 342.75}, "class_id": 0, "box_caption": "lao 0.035", "scores": {"class_score": 0.03515625}, "domain": "pixel"}, {"position": {"minX": 480.75, "minY": 101.75, "maxX": 661.5, "maxY": 198.5}, "class_id": 1, "box_caption": "vn_1_line 0.035", "scores": {"class_score": 0.0345458984375}, "domain": "pixel"}, {"position": {"minX": 374.75, "minY": 314.75, "maxX": 493.75, "maxY": 387.25}, "class_id": 1, "box_caption": "vn_1_line 0.034", "scores": {"class_score": 0.034271240234375}, "domain": "pixel"}, {"position": {"minX": 468.0, "minY": 159.375, "maxX": 593.0, "maxY": 266.75}, "class_id": 0, "box_caption": "lao 0.034", "scores": {"class_score": 0.034149169921875}, "domain": "pixel"}, {"position": {"minX": 533.0, "minY": 256.5, "maxX": 689.0, "maxY": 385.5}, "class_id": 2, "box_caption": "vn_2_line 0.034", "scores": {"class_score": 0.034088134765625}, "domain": "pixel"}, {"position": {"minX": 60.0, "minY": 286.0, "maxX": 216.0, "maxY": 382.5}, "class_id": 2, "box_caption": "vn_2_line 0.034", "scores": {"class_score": 0.03399658203125}, "domain": "pixel"}, {"position": {"minX": 511.25, "minY": 67.4375, "maxX": 681.5, "maxY": 189.5}, "class_id": 1, "box_caption": "vn_1_line 0.034", "scores": {"class_score": 0.03387451171875}, "domain": "pixel"}, {"position": {"minX": 529.0, "minY": 90.0, "maxX": 655.0, "maxY": 202.0}, "class_id": 0, "box_caption": "lao 0.033", "scores": {"class_score": 0.0333251953125}, "domain": "pixel"}, {"position": {"minX": 163.75, "minY": 278.0, "maxX": 266.25, "maxY": 331.0}, "class_id": 1, "box_caption": "vn_1_line 0.033", "scores": {"class_score": 0.032867431640625}, "domain": "pixel"}, {"position": {"minX": 438.25, "minY": 315.0, "maxX": 557.0, "maxY": 388.0}, "class_id": 1, "box_caption": "vn_1_line 0.033", "scores": {"class_score": 0.032867431640625}, "domain": "pixel"}, {"position": {"minX": 412.5, "minY": 253.25, "maxX": 531.5, "maxY": 337.75}, "class_id": 1, "box_caption": "vn_1_line 0.033", "scores": {"class_score": 0.0325927734375}, "domain": "pixel"}, {"position": {"minX": 75.875, "minY": 289.75, "maxX": 188.875, "maxY": 389.25}, "class_id": 0, "box_caption": "lao 0.033", "scores": {"class_score": 0.03253173828125}, "domain": "pixel"}, {"position": {"minX": 307.25, "minY": 278.5, "maxX": 392.75, "maxY": 316.0}, "class_id": 1, "box_caption": "vn_1_line 0.032", "scores": {"class_score": 0.031890869140625}, "domain": "pixel"}, {"position": {"minX": 345.0, "minY": 316.0, "maxX": 460.5, "maxY": 386.0}, "class_id": 1, "box_caption": "vn_1_line 0.032", "scores": {"class_score": 0.031585693359375}, "domain": "pixel"}, {"position": {"minX": 455.75, "minY": 261.75, "maxX": 680.0, "maxY": 384.25}, "class_id": 1, "box_caption": "vn_1_line 0.031", "scores": {"class_score": 0.0309295654296875}, "domain": "pixel"}, {"position": {"minX": 533.5, "minY": 278.25, "maxX": 654.5, "maxY": 395.75}, "class_id": 0, "box_caption": "lao 0.031", "scores": {"class_score": 0.0308990478515625}, "domain": "pixel"}, {"position": {"minX": 208.25, "minY": 275.0, "maxX": 347.25, "maxY": 354.5}, "class_id": 1, "box_caption": "vn_1_line 0.031", "scores": {"class_score": 0.03057861328125}, "domain": "pixel"}, {"position": {"minX": 345.25, "minY": 17.984375, "maxX": 397.75, "maxY": 55.0}, "class_id": 1, "box_caption": "vn_1_line 0.031", "scores": {"class_score": 0.0305023193359375}, "domain": "pixel"}, {"position": {"minX": 495.75, "minY": 193.75, "maxX": 689.0, "maxY": 323.75}, "class_id": 2, "box_caption": "vn_2_line 0.030", "scores": {"class_score": 0.030426025390625}, "domain": "pixel"}, {"position": {"minX": 101.5, "minY": 285.0, "maxX": 325.5, "maxY": 373.5}, "class_id": 0, "box_caption": "lao 0.030", "scores": {"class_score": 0.0301513671875}, "domain": "pixel"}, {"position": {"minX": 430.25, "minY": 232.625, "maxX": 643.0, "maxY": 352.5}, "class_id": 1, "box_caption": "vn_1_line 0.030", "scores": {"class_score": 0.0300750732421875}, "domain": "pixel"}, {"position": {"minX": 251.0, "minY": 27.875, "maxX": 344.5, "maxY": 104.375}, "class_id": 0, "box_caption": "lao 0.030", "scores": {"class_score": 0.02984619140625}, "domain": "pixel"}, {"position": {"minX": -6.75, "minY": 3.1875, "maxX": 128.125, "maxY": 131.25}, "class_id": 2, "box_caption": "vn_2_line 0.030", "scores": {"class_score": 0.0296173095703125}, "domain": "pixel"}, {"position": {"minX": 396.25, "minY": 238.0, "maxX": 489.25, "maxY": 287.5}, "class_id": 1, "box_caption": "vn_1_line 0.029", "scores": {"class_score": 0.029205322265625}, "domain": "pixel"}, {"position": {"minX": 217.25, "minY": 316.5, "maxX": 329.75, "maxY": 387.5}, "class_id": 1, "box_caption": "vn_1_line 0.029", "scores": {"class_score": 0.029083251953125}, "domain": "pixel"}, {"position": {"minX": 451.0, "minY": 204.625, "maxX": 623.0, "maxY": 316.25}, "class_id": 2, "box_caption": "vn_2_line 0.029", "scores": {"class_score": 0.02886962890625}, "domain": "pixel"}, {"position": {"minX": 407.5, "minY": 229.0, "maxX": 585.5, "maxY": 313.5}, "class_id": 0, "box_caption": "lao 0.029", "scores": {"class_score": 0.02850341796875}, "domain": "pixel"}, {"position": {"minX": 278.25, "minY": 280.0, "maxX": 363.25, "maxY": 317.0}, "class_id": 1, "box_caption": "vn_1_line 0.028", "scores": {"class_score": 0.028472900390625}, "domain": "pixel"}, {"position": {"minX": 459.25, "minY": 126.1875, "maxX": 588.5, "maxY": 217.75}, "class_id": 2, "box_caption": "vn_2_line 0.028", "scores": {"class_score": 0.0282135009765625}, "domain": "pixel"}, {"position": {"minX": 374.5, "minY": 283.5, "maxX": 512.0, "maxY": 374.0}, "class_id": 1, "box_caption": "vn_1_line 0.028", "scores": {"class_score": 0.0278472900390625}, "domain": "pixel"}, {"position": {"minX": 484.5, "minY": 125.6875, "maxX": 596.5, "maxY": 221.5}, "class_id": 1, "box_caption": "vn_1_line 0.028", "scores": {"class_score": 0.0276031494140625}, "domain": "pixel"}, {"position": {"minX": 496.5, "minY": 136.5, "maxX": 693.5, "maxY": 257.0}, "class_id": 0, "box_caption": "lao 0.028", "scores": {"class_score": 0.0275421142578125}, "domain": "pixel"}, {"position": {"minX": 152.0, "minY": 316.0, "maxX": 266.5, "maxY": 387.5}, "class_id": 1, "box_caption": "vn_1_line 0.027", "scores": {"class_score": 0.0274658203125}, "domain": "pixel"}, {"position": {"minX": 86.75, "minY": 278.5, "maxX": 184.75, "maxY": 332.5}, "class_id": 1, "box_caption": "vn_1_line 0.027", "scores": {"class_score": 0.0273284912109375}, "domain": "pixel"}, {"position": {"minX": 70.8125, "minY": 306.0, "maxX": 207.5, "maxY": 386.5}, "class_id": 1, "box_caption": "vn_1_line 0.027", "scores": {"class_score": 0.027191162109375}, "domain": "pixel"}, {"position": {"minX": 468.75, "minY": 314.0, "maxX": 589.0, "maxY": 389.5}, "class_id": 1, "box_caption": "vn_1_line 0.027", "scores": {"class_score": 0.027099609375}, "domain": "pixel"}, {"position": {"minX": 388.75, "minY": 238.75, "maxX": 617.0, "maxY": 351.25}, "class_id": 0, "box_caption": "lao 0.027", "scores": {"class_score": 0.027099609375}, "domain": "pixel"}, {"position": {"minX": 244.0, "minY": 34.8125, "maxX": 338.0, "maxY": 127.8125}, "class_id": 2, "box_caption": "vn_2_line 0.027", "scores": {"class_score": 0.0270233154296875}, "domain": "pixel"}, {"position": {"minX": -4.1875, "minY": 270.25, "maxX": 121.5, "maxY": 398.75}, "class_id": 2, "box_caption": "vn_2_line 0.027", "scores": {"class_score": 0.0269012451171875}, "domain": "pixel"}, {"position": {"minX": 49.09375, "minY": 26.375, "maxX": 165.375, "maxY": 134.375}, "class_id": 2, "box_caption": "vn_2_line 0.027", "scores": {"class_score": 0.0268707275390625}, "domain": "pixel"}, {"position": {"minX": 118.5625, "minY": 279.5, "maxX": 216.25, "maxY": 331.5}, "class_id": 1, "box_caption": "vn_1_line 0.027", "scores": {"class_score": 0.0265350341796875}, "domain": "pixel"}, {"position": {"minX": 332.25, "minY": 28.75, "maxX": 385.25, "maxY": 58.0}, "class_id": 1, "box_caption": "vn_1_line 0.026", "scores": {"class_score": 0.0258941650390625}, "domain": "pixel"}, {"position": {"minX": 186.75, "minY": 316.5, "maxX": 297.5, "maxY": 389.0}, "class_id": 1, "box_caption": "vn_1_line 0.026", "scores": {"class_score": 0.0255584716796875}, "domain": "pixel"}, {"position": {"minX": 433.0, "minY": 286.25, "maxX": 563.5, "maxY": 391.75}, "class_id": 0, "box_caption": "lao 0.026", "scores": {"class_score": 0.0255126953125}, "domain": "pixel"}, {"position": {"minX": 502.5, "minY": 97.5, "maxX": 681.5, "maxY": 225.5}, "class_id": 2, "box_caption": "vn_2_line 0.025", "scores": {"class_score": 0.0251312255859375}, "domain": "pixel"}, {"position": {"minX": 495.75, "minY": 193.75, "maxX": 689.0, "maxY": 323.75}, "class_id": 1, "box_caption": "vn_1_line 0.025", "scores": {"class_score": 0.02508544921875}, "domain": "pixel"}, {"position": {"minX": 384.25, "minY": 229.75, "maxX": 516.0, "maxY": 327.25}, "class_id": 1, "box_caption": "vn_1_line 0.025", "scores": {"class_score": 0.024993896484375}, "domain": "pixel"}, {"position": {"minX": 524.5, "minY": 3.3125, "maxX": 673.5, "maxY": 104.9375}, "class_id": 1, "box_caption": "vn_1_line 0.025", "scores": {"class_score": 0.0248260498046875}, "domain": "pixel"}, {"position": {"minX": 22.390625, "minY": 0.515625, "maxX": 63.5, "maxY": 33.0}, "class_id": 0, "box_caption": "lao 0.024", "scores": {"class_score": 0.02447509765625}, "domain": "pixel"}, {"position": {"minX": 362.0, "minY": 72.25, "maxX": 503.0, "maxY": 159.25}, "class_id": 0, "box_caption": "lao 0.024", "scores": {"class_score": 0.0244293212890625}, "domain": "pixel"}, {"position": {"minX": 497.0, "minY": 282.5, "maxX": 627.0, "maxY": 393.0}, "class_id": 0, "box_caption": "lao 0.024", "scores": {"class_score": 0.0243072509765625}, "domain": "pixel"}, {"position": {"minX": 479.5, "minY": 128.25, "maxX": 568.5, "maxY": 177.0}, "class_id": 1, "box_caption": "vn_1_line 0.024", "scores": {"class_score": 0.024261474609375}, "domain": "pixel"}, {"position": {"minX": 260.0, "minY": 61.65625, "maxX": 370.0, "maxY": 138.125}, "class_id": 1, "box_caption": "vn_1_line 0.024", "scores": {"class_score": 0.0242462158203125}, "domain": "pixel"}, {"position": {"minX": 0.90625, "minY": -1.5625, "maxX": 69.875, "maxY": 56.09375}, "class_id": 0, "box_caption": "lao 0.024", "scores": {"class_score": 0.023956298828125}, "domain": "pixel"}, {"position": {"minX": 375.75, "minY": 305.0, "maxX": 541.0, "maxY": 395.5}, "class_id": 1, "box_caption": "vn_1_line 0.024", "scores": {"class_score": 0.023956298828125}, "domain": "pixel"}, {"position": {"minX": 294.5, "minY": 281.25, "maxX": 527.0, "maxY": 378.25}, "class_id": 0, "box_caption": "lao 0.024", "scores": {"class_score": 0.023712158203125}, "domain": "pixel"}, {"position": {"minX": -4.1875, "minY": 270.25, "maxX": 121.5, "maxY": 398.75}, "class_id": 0, "box_caption": "lao 0.024", "scores": {"class_score": 0.023590087890625}, "domain": "pixel"}, {"position": {"minX": 480.0, "minY": 2.0625, "maxX": 606.0, "maxY": 105.875}, "class_id": 0, "box_caption": "lao 0.024", "scores": {"class_score": 0.0235443115234375}, "domain": "pixel"}, {"position": {"minX": 15.6875, "minY": -5.90625, "maxX": 172.25, "maxY": 122.25}, "class_id": 0, "box_caption": "lao 0.023", "scores": {"class_score": 0.0234222412109375}, "domain": "pixel"}, {"position": {"minX": 501.25, "minY": -1.21875, "maxX": 656.5, "maxY": 110.875}, "class_id": 2, "box_caption": "vn_2_line 0.023", "scores": {"class_score": 0.023406982421875}, "domain": "pixel"}, {"position": {"minX": 502.25, "minY": 313.5, "maxX": 621.0, "maxY": 389.0}, "class_id": 1, "box_caption": "vn_1_line 0.023", "scores": {"class_score": 0.023162841796875}, "domain": "pixel"}, {"position": {"minX": 358.25, "minY": 245.0, "maxX": 493.25, "maxY": 323.0}, "class_id": 1, "box_caption": "vn_1_line 0.023", "scores": {"class_score": 0.02294921875}, "domain": "pixel"}, {"position": {"minX": 430.25, "minY": 232.625, "maxX": 643.0, "maxY": 352.5}, "class_id": 2, "box_caption": "vn_2_line 0.023", "scores": {"class_score": 0.0229339599609375}, "domain": "pixel"}, {"position": {"minX": 159.75, "minY": 72.4375, "maxX": 285.25, "maxY": 157.75}, "class_id": 1, "box_caption": "vn_1_line 0.023", "scores": {"class_score": 0.0226287841796875}, "domain": "pixel"}, {"position": {"minX": 263.0, "minY": 270.5, "maxX": 351.5, "maxY": 317.5}, "class_id": 1, "box_caption": "vn_1_line 0.022", "scores": {"class_score": 0.0224761962890625}, "domain": "pixel"}, {"position": {"minX": 135.0, "minY": 311.75, "maxX": 227.25, "maxY": 380.75}, "class_id": 1, "box_caption": "vn_1_line 0.022", "scores": {"class_score": 0.0223846435546875}, "domain": "pixel"}, {"position": {"minX": 368.0, "minY": 239.75, "maxX": 572.5, "maxY": 347.75}, "class_id": 2, "box_caption": "vn_2_line 0.022", "scores": {"class_score": 0.022064208984375}, "domain": "pixel"}, {"position": {"minX": 261.25, "minY": 315.25, "maxX": 353.25, "maxY": 376.25}, "class_id": 1, "box_caption": "vn_1_line 0.022", "scores": {"class_score": 0.0219879150390625}, "domain": "pixel"}, {"position": {"minX": 300.5, "minY": 84.625, "maxX": 388.0, "maxY": 133.75}, "class_id": 0, "box_caption": "lao 0.021", "scores": {"class_score": 0.0214996337890625}, "domain": "pixel"}, {"position": {"minX": 361.5, "minY": 278.0, "maxX": 591.5, "maxY": 379.5}, "class_id": 2, "box_caption": "vn_2_line 0.021", "scores": {"class_score": 0.0214080810546875}, "domain": "pixel"}, {"position": {"minX": 500.75, "minY": 3.90625, "maxX": 550.0, "maxY": 43.71875}, "class_id": 0, "box_caption": "lao 0.021", "scores": {"class_score": 0.0213165283203125}, "domain": "pixel"}, {"position": {"minX": 532.0, "minY": 169.0, "maxX": 691.0, "maxY": 296.5}, "class_id": 0, "box_caption": "lao 0.021", "scores": {"class_score": 0.0211029052734375}, "domain": "pixel"}, {"position": {"minX": 384.75, "minY": 242.75, "maxX": 467.75, "maxY": 283.75}, "class_id": 1, "box_caption": "vn_1_line 0.021", "scores": {"class_score": 0.021087646484375}, "domain": "pixel"}, {"position": {"minX": 329.5, "minY": 316.5, "maxX": 423.0, "maxY": 377.5}, "class_id": 1, "box_caption": "vn_1_line 0.021", "scores": {"class_score": 0.0210113525390625}, "domain": "pixel"}, {"position": {"minX": 7.5, "minY": 332.5, "maxX": 61.1875, "maxY": 378.0}, "class_id": 0, "box_caption": "lao 0.021", "scores": {"class_score": 0.020843505859375}, "domain": "pixel"}, {"position": {"minX": 470.5, "minY": 133.375, "maxX": 560.5, "maxY": 189.125}, "class_id": 0, "box_caption": "lao 0.021", "scores": {"class_score": 0.02081298828125}, "domain": "pixel"}, {"position": {"minX": 331.5, "minY": 12.328125, "maxX": 415.0, "maxY": 70.25}, "class_id": 1, "box_caption": "vn_1_line 0.021", "scores": {"class_score": 0.0207672119140625}, "domain": "pixel"}, {"position": {"minX": 548.0, "minY": -0.53125, "maxX": 679.0, "maxY": 105.25}, "class_id": 0, "box_caption": "lao 0.021", "scores": {"class_score": 0.0207672119140625}, "domain": "pixel"}, {"position": {"minX": 511.0, "minY": 213.25, "maxX": 644.0, "maxY": 334.75}, "class_id": 0, "box_caption": "lao 0.020", "scores": {"class_score": 0.02044677734375}, "domain": "pixel"}, {"position": {"minX": 496.5, "minY": 136.5, "maxX": 693.5, "maxY": 257.0}, "class_id": 1, "box_caption": "vn_1_line 0.020", "scores": {"class_score": 0.020263671875}, "domain": "pixel"}, {"position": {"minX": 338.75, "minY": 27.421875, "maxX": 391.75, "maxY": 58.9375}, "class_id": 0, "box_caption": "lao 0.020", "scores": {"class_score": 0.0202178955078125}, "domain": "pixel"}, {"position": {"minX": 295.5, "minY": 317.25, "maxX": 388.0, "maxY": 375.75}, "class_id": 1, "box_caption": "vn_1_line 0.020", "scores": {"class_score": 0.020172119140625}, "domain": "pixel"}, {"position": {"minX": 532.0, "minY": 169.0, "maxX": 691.0, "maxY": 296.5}, "class_id": 2, "box_caption": "vn_2_line 0.020", "scores": {"class_score": 0.0201568603515625}, "domain": "pixel"}, {"position": {"minX": 159.5, "minY": 285.0, "maxX": 395.5, "maxY": 373.0}, "class_id": 0, "box_caption": "lao 0.020", "scores": {"class_score": 0.020111083984375}, "domain": "pixel"}, {"position": {"minX": 548.0, "minY": 0.6875, "maxX": 641.0, "maxY": 50.84375}, "class_id": 1, "box_caption": "vn_1_line 0.020", "scores": {"class_score": 0.0200958251953125}, "domain": "pixel"}, {"position": {"minX": 491.0, "minY": 220.125, "maxX": 697.0, "maxY": 357.5}, "class_id": 1, "box_caption": "vn_1_line 0.020", "scores": {"class_score": 0.01995849609375}, "domain": "pixel"}, {"position": {"minX": -3.359375, "minY": -1.8125, "maxX": 44.1875, "maxY": 33.53125}, "class_id": 0, "box_caption": "lao 0.020", "scores": {"class_score": 0.019805908203125}, "domain": "pixel"}, {"position": {"minX": 163.875, "minY": 66.75, "maxX": 327.5, "maxY": 137.75}, "class_id": 1, "box_caption": "vn_1_line 0.020", "scores": {"class_score": 0.019805908203125}, "domain": "pixel"}, {"position": {"minX": 7.21875, "minY": -3.71875, "maxX": 65.0, "maxY": 36.8125}, "class_id": 0, "box_caption": "lao 0.020", "scores": {"class_score": 0.01953125}, "domain": "pixel"}, {"position": {"minX": 68.75, "minY": 34.6875, "maxX": 155.75, "maxY": 115.5625}, "class_id": 0, "box_caption": "lao 0.019", "scores": {"class_score": 0.0194854736328125}, "domain": "pixel"}, {"position": {"minX": 306.25, "minY": 97.875, "maxX": 399.25, "maxY": 141.875}, "class_id": 1, "box_caption": "vn_1_line 0.019", "scores": {"class_score": 0.0194549560546875}, "domain": "pixel"}, {"position": {"minX": 422.75, "minY": 268.5, "maxX": 652.0, "maxY": 384.0}, "class_id": 2, "box_caption": "vn_2_line 0.019", "scores": {"class_score": 0.019287109375}, "domain": "pixel"}, {"position": {"minX": 320.75, "minY": 61.09375, "maxX": 422.75, "maxY": 128.0}, "class_id": 1, "box_caption": "vn_1_line 0.019", "scores": {"class_score": 0.0192718505859375}, "domain": "pixel"}, {"position": {"minX": 496.5, "minY": 136.5, "maxX": 693.5, "maxY": 257.0}, "class_id": 2, "box_caption": "vn_2_line 0.019", "scores": {"class_score": 0.019134521484375}, "domain": "pixel"}, {"position": {"minX": 462.75, "minY": 212.0, "maxX": 567.0, "maxY": 285.5}, "class_id": 1, "box_caption": "vn_1_line 0.019", "scores": {"class_score": 0.01910400390625}, "domain": "pixel"}, {"position": {"minX": 526.5, "minY": 58.25, "maxX": 642.5, "maxY": 173.25}, "class_id": 2, "box_caption": "vn_2_line 0.019", "scores": {"class_score": 0.01885986328125}, "domain": "pixel"}, {"position": {"minX": 247.0, "minY": 278.75, "maxX": 329.5, "maxY": 318.25}, "class_id": 1, "box_caption": "vn_1_line 0.019", "scores": {"class_score": 0.0187835693359375}, "domain": "pixel"}, {"position": {"minX": 321.0, "minY": 263.0, "maxX": 433.0, "maxY": 311.5}, "class_id": 1, "box_caption": "vn_1_line 0.018", "scores": {"class_score": 0.018463134765625}, "domain": "pixel"}, {"position": {"minX": 510.0, "minY": 192.125, "maxX": 645.0, "maxY": 297.5}, "class_id": 0, "box_caption": "lao 0.018", "scores": {"class_score": 0.0184173583984375}, "domain": "pixel"}, {"position": {"minX": 367.75, "minY": 248.5, "maxX": 461.75, "maxY": 294.5}, "class_id": 1, "box_caption": "vn_1_line 0.018", "scores": {"class_score": 0.0183868408203125}, "domain": "pixel"}, {"position": {"minX": 510.75, "minY": 93.125, "maxX": 626.0, "maxY": 196.125}, "class_id": 1, "box_caption": "vn_1_line 0.018", "scores": {"class_score": 0.0183563232421875}, "domain": "pixel"}, {"position": {"minX": 200.5, "minY": 68.75, "maxX": 328.0, "maxY": 149.125}, "class_id": 0, "box_caption": "lao 0.018", "scores": {"class_score": 0.0181732177734375}, "domain": "pixel"}, {"position": {"minX": 388.25, "minY": 67.875, "maxX": 489.75, "maxY": 145.375}, "class_id": 0, "box_caption": "lao 0.018", "scores": {"class_score": 0.01812744140625}, "domain": "pixel"}, {"position": {"minX": 257.5, "minY": 49.0625, "maxX": 408.5, "maxY": 141.5}, "class_id": 0, "box_caption": "lao 0.018", "scores": {"class_score": 0.01812744140625}, "domain": "pixel"}, {"position": {"minX": 341.5, "minY": 81.5, "maxX": 428.0, "maxY": 120.5}, "class_id": 1, "box_caption": "vn_1_line 0.018", "scores": {"class_score": 0.01806640625}, "domain": "pixel"}, {"position": {"minX": 160.0, "minY": 293.75, "maxX": 275.25, "maxY": 367.25}, "class_id": 0, "box_caption": "lao 0.018", "scores": {"class_score": 0.018035888671875}, "domain": "pixel"}, {"position": {"minX": 123.375, "minY": 293.75, "maxX": 242.625, "maxY": 369.25}, "class_id": 0, "box_caption": "lao 0.018", "scores": {"class_score": 0.0180206298828125}, "domain": "pixel"}, {"position": {"minX": 405.0, "minY": 278.5, "maxX": 545.0, "maxY": 380.0}, "class_id": 1, "box_caption": "vn_1_line 0.018", "scores": {"class_score": 0.0179901123046875}, "domain": "pixel"}, {"position": {"minX": 531.0, "minY": 42.125, "maxX": 656.0, "maxY": 132.125}, "class_id": 0, "box_caption": "lao 0.018", "scores": {"class_score": 0.0179290771484375}, "domain": "pixel"}, {"position": {"minX": 323.5, "minY": 254.875, "maxX": 452.0, "maxY": 339.0}, "class_id": 1, "box_caption": "vn_1_line 0.018", "scores": {"class_score": 0.0178680419921875}, "domain": "pixel"}, {"position": {"minX": 282.0, "minY": 272.25, "maxX": 472.0, "maxY": 319.25}, "class_id": 1, "box_caption": "vn_1_line 0.018", "scores": {"class_score": 0.017852783203125}, "domain": "pixel"}, {"position": {"minX": 391.5, "minY": 236.875, "maxX": 554.0, "maxY": 289.0}, "class_id": 1, "box_caption": "vn_1_line 0.018", "scores": {"class_score": 0.017822265625}, "domain": "pixel"}, {"position": {"minX": 486.0, "minY": 145.125, "maxX": 586.0, "maxY": 225.875}, "class_id": 0, "box_caption": "lao 0.018", "scores": {"class_score": 0.017791748046875}, "domain": "pixel"}, {"position": {"minX": 74.25, "minY": 286.75, "maxX": 288.5, "maxY": 373.75}, "class_id": 2, "box_caption": "vn_2_line 0.018", "scores": {"class_score": 0.017730712890625}, "domain": "pixel"}, {"position": {"minX": 537.0, "minY": 312.75, "maxX": 649.0, "maxY": 390.25}, "class_id": 1, "box_caption": "vn_1_line 0.018", "scores": {"class_score": 0.0177154541015625}, "domain": "pixel"}, {"position": {"minX": 193.0, "minY": 64.125, "maxX": 296.75, "maxY": 134.875}, "class_id": 0, "box_caption": "lao 0.018", "scores": {"class_score": 0.017608642578125}, "domain": "pixel"}, {"position": {"minX": 159.75, "minY": 72.4375, "maxX": 285.25, "maxY": 157.75}, "class_id": 0, "box_caption": "lao 0.017", "scores": {"class_score": 0.0172882080078125}, "domain": "pixel"}, {"position": {"minX": 256.25, "minY": 62.0625, "maxX": 333.25, "maxY": 134.75}, "class_id": 2, "box_caption": "vn_2_line 0.017", "scores": {"class_score": 0.017242431640625}, "domain": "pixel"}, {"position": {"minX": -0.03125, "minY": 0.4375, "maxX": 75.5, "maxY": 74.1875}, "class_id": 2, "box_caption": "vn_2_line 0.017", "scores": {"class_score": 0.01715087890625}, "domain": "pixel"}, {"position": {"minX": 79.375, "minY": 320.25, "maxX": 170.5, "maxY": 386.75}, "class_id": 1, "box_caption": "vn_1_line 0.017", "scores": {"class_score": 0.0170745849609375}, "domain": "pixel"}, {"position": {"minX": 102.25, "minY": 319.25, "maxX": 225.25, "maxY": 389.25}, "class_id": 1, "box_caption": "vn_1_line 0.017", "scores": {"class_score": 0.016998291015625}, "domain": "pixel"}, {"position": {"minX": 436.25, "minY": 246.125, "maxX": 569.5, "maxY": 340.5}, "class_id": 1, "box_caption": "vn_1_line 0.017", "scores": {"class_score": 0.0167083740234375}, "domain": "pixel"}, {"position": {"minX": 186.75, "minY": 83.125, "maxX": 279.25, "maxY": 135.125}, "class_id": 0, "box_caption": "lao 0.017", "scores": {"class_score": 0.0165252685546875}, "domain": "pixel"}, {"position": {"minX": 284.5, "minY": 268.25, "maxX": 378.5, "maxY": 319.25}, "class_id": 1, "box_caption": "vn_1_line 0.017", "scores": {"class_score": 0.016510009765625}, "domain": "pixel"}, {"position": {"minX": 355.0, "minY": 289.5, "maxX": 482.5, "maxY": 390.0}, "class_id": 0, "box_caption": "lao 0.016", "scores": {"class_score": 0.0164947509765625}, "domain": "pixel"}, {"position": {"minX": 431.0, "minY": 303.0, "maxX": 606.0, "maxY": 394.5}, "class_id": 1, "box_caption": "vn_1_line 0.016", "scores": {"class_score": 0.0163116455078125}, "domain": "pixel"}, {"position": {"minX": 270.5, "minY": 39.625, "maxX": 318.0, "maxY": 85.875}, "class_id": 2, "box_caption": "vn_2_line 0.016", "scores": {"class_score": 0.01617431640625}, "domain": "pixel"}, {"position": {"minX": 513.0, "minY": 244.25, "maxX": 643.0, "maxY": 367.75}, "class_id": 0, "box_caption": "lao 0.016", "scores": {"class_score": 0.0160980224609375}, "domain": "pixel"}, {"position": {"minX": 347.5, "minY": 64.5, "maxX": 459.0, "maxY": 126.25}, "class_id": 1, "box_caption": "vn_1_line 0.016", "scores": {"class_score": 0.01605224609375}, "domain": "pixel"}, {"position": {"minX": 331.5, "minY": 12.328125, "maxX": 415.0, "maxY": 70.25}, "class_id": 0, "box_caption": "lao 0.016", "scores": {"class_score": 0.0160064697265625}, "domain": "pixel"}, {"position": {"minX": 389.5, "minY": 261.0, "maxX": 496.0, "maxY": 338.5}, "class_id": 0, "box_caption": "lao 0.016", "scores": {"class_score": 0.0159149169921875}, "domain": "pixel"}, {"position": {"minX": 101.25, "minY": 3.40625, "maxX": 164.75, "maxY": 61.46875}, "class_id": 2, "box_caption": "vn_2_line 0.016", "scores": {"class_score": 0.0158843994140625}, "domain": "pixel"}, {"position": {"minX": 525.5, "minY": -11.46875, "maxX": 637.5, "maxY": 91.875}, "class_id": 0, "box_caption": "lao 0.016", "scores": {"class_score": 0.015594482421875}, "domain": "pixel"}, {"position": {"minX": 232.125, "minY": 272.0, "maxX": 317.75, "maxY": 315.5}, "class_id": 1, "box_caption": "vn_1_line 0.015", "scores": {"class_score": 0.01549530029296875}, "domain": "pixel"}, {"position": {"minX": 391.0, "minY": 59.90625, "maxX": 495.0, "maxY": 132.875}, "class_id": 1, "box_caption": "vn_1_line 0.015", "scores": {"class_score": 0.0154876708984375}, "domain": "pixel"}, {"position": {"minX": 59.9375, "minY": 40.125, "maxX": 211.5, "maxY": 131.875}, "class_id": 2, "box_caption": "vn_2_line 0.015", "scores": {"class_score": 0.01535797119140625}, "domain": "pixel"}, {"position": {"minX": 396.5, "minY": 60.34375, "maxX": 523.5, "maxY": 160.25}, "class_id": 0, "box_caption": "lao 0.015", "scores": {"class_score": 0.01534271240234375}, "domain": "pixel"}, {"position": {"minX": 550.0, "minY": 1.234375, "maxX": 638.0, "maxY": 51.5}, "class_id": 0, "box_caption": "lao 0.015", "scores": {"class_score": 0.01520538330078125}, "domain": "pixel"}, {"position": {"minX": 346.5, "minY": 6.03125, "maxX": 409.5, "maxY": 51.65625}, "class_id": 0, "box_caption": "lao 0.015", "scores": {"class_score": 0.0151519775390625}, "domain": "pixel"}, {"position": {"minX": -5.9375, "minY": 295.75, "maxX": 200.25, "maxY": 391.75}, "class_id": 1, "box_caption": "vn_1_line 0.015", "scores": {"class_score": 0.01499176025390625}, "domain": "pixel"}, {"position": {"minX": 516.5, "minY": 122.75, "maxX": 640.5, "maxY": 232.25}, "class_id": 0, "box_caption": "lao 0.015", "scores": {"class_score": 0.0149688720703125}, "domain": "pixel"}, {"position": {"minX": 194.0, "minY": 21.28125, "maxX": 240.25, "maxY": 57.40625}, "class_id": 0, "box_caption": "lao 0.015", "scores": {"class_score": 0.01490020751953125}, "domain": "pixel"}, {"position": {"minX": 281.25, "minY": 318.0, "maxX": 442.25, "maxY": 390.0}, "class_id": 1, "box_caption": "vn_1_line 0.015", "scores": {"class_score": 0.01488494873046875}, "domain": "pixel"}, {"position": {"minX": 202.75, "minY": 91.625, "maxX": 287.5, "maxY": 134.625}, "class_id": 1, "box_caption": "vn_1_line 0.015", "scores": {"class_score": 0.01485443115234375}, "domain": "pixel"}, {"position": {"minX": 371.5, "minY": 245.75, "maxX": 549.5, "maxY": 307.75}, "class_id": 0, "box_caption": "lao 0.015", "scores": {"class_score": 0.01480865478515625}, "domain": "pixel"}, {"position": {"minX": 365.75, "minY": 97.0625, "maxX": 504.25, "maxY": 170.75}, "class_id": 1, "box_caption": "vn_1_line 0.015", "scores": {"class_score": 0.01479339599609375}, "domain": "pixel"}, {"position": {"minX": 54.125, "minY": 288.0, "maxX": 242.375, "maxY": 350.0}, "class_id": 0, "box_caption": "lao 0.015", "scores": {"class_score": 0.0146636962890625}, "domain": "pixel"}, {"position": {"minX": 100.75, "minY": 42.1875, "maxX": 163.25, "maxY": 105.6875}, "class_id": 2, "box_caption": "vn_2_line 0.015", "scores": {"class_score": 0.01465606689453125}, "domain": "pixel"}, {"position": {"minX": 407.5, "minY": 229.0, "maxX": 585.5, "maxY": 313.5}, "class_id": 2, "box_caption": "vn_2_line 0.015", "scores": {"class_score": 0.01459503173828125}, "domain": "pixel"}, {"position": {"minX": 310.5, "minY": 86.5, "maxX": 382.0, "maxY": 119.875}, "class_id": 1, "box_caption": "vn_1_line 0.015", "scores": {"class_score": 0.0145111083984375}, "domain": "pixel"}, {"position": {"minX": 226.0, "minY": 280.0, "maxX": 456.5, "maxY": 375.5}, "class_id": 0, "box_caption": "lao 0.014", "scores": {"class_score": 0.0144805908203125}, "domain": "pixel"}, {"position": {"minX": 294.5, "minY": 281.25, "maxX": 527.0, "maxY": 378.25}, "class_id": 2, "box_caption": "vn_2_line 0.014", "scores": {"class_score": 0.01442718505859375}, "domain": "pixel"}, {"position": {"minX": 174.75, "minY": 92.4375, "maxX": 262.75, "maxY": 138.25}, "class_id": 1, "box_caption": "vn_1_line 0.014", "scores": {"class_score": 0.01424407958984375}, "domain": "pixel"}, {"position": {"minX": -6.59375, "minY": 300.75, "maxX": 64.875, "maxY": 380.25}, "class_id": 2, "box_caption": "vn_2_line 0.014", "scores": {"class_score": 0.01415252685546875}, "domain": "pixel"}, {"position": {"minX": -4.921875, "minY": 4.3984375, "maxX": 31.359375, "maxY": 28.40625}, "class_id": 0, "box_caption": "lao 0.014", "scores": {"class_score": 0.01410675048828125}, "domain": "pixel"}, {"position": {"minX": 534.0, "minY": 100.25, "maxX": 692.0, "maxY": 226.5}, "class_id": 1, "box_caption": "vn_1_line 0.014", "scores": {"class_score": 0.01403045654296875}, "domain": "pixel"}, {"position": {"minX": 551.5, "minY": 18.5625, "maxX": 645.5, "maxY": 99.625}, "class_id": 0, "box_caption": "lao 0.014", "scores": {"class_score": 0.0139923095703125}, "domain": "pixel"}, {"position": {"minX": 230.625, "minY": 45.75, "maxX": 326.5, "maxY": 130.75}, "class_id": 1, "box_caption": "vn_1_line 0.014", "scores": {"class_score": 0.0139923095703125}, "domain": "pixel"}, {"position": {"minX": 214.375, "minY": 280.0, "maxX": 295.0, "maxY": 318.5}, "class_id": 1, "box_caption": "vn_1_line 0.014", "scores": {"class_score": 0.01390838623046875}, "domain": "pixel"}, {"position": {"minX": 476.5, "minY": 197.5, "maxX": 584.5, "maxY": 293.25}, "class_id": 0, "box_caption": "lao 0.014", "scores": {"class_score": 0.01389312744140625}, "domain": "pixel"}, {"position": {"minX": 448.0, "minY": 227.125, "maxX": 557.0, "maxY": 314.5}, "class_id": 0, "box_caption": "lao 0.014", "scores": {"class_score": 0.01389312744140625}, "domain": "pixel"}, {"position": {"minX": 462.75, "minY": 267.0, "maxX": 597.0, "maxY": 381.5}, "class_id": 0, "box_caption": "lao 0.014", "scores": {"class_score": 0.0138702392578125}, "domain": "pixel"}, {"position": {"minX": 480.0, "minY": 2.0625, "maxX": 606.0, "maxY": 105.875}, "class_id": 2, "box_caption": "vn_2_line 0.014", "scores": {"class_score": 0.01352691650390625}, "domain": "pixel"}, {"position": {"minX": 286.75, "minY": 51.46875, "maxX": 386.75, "maxY": 135.125}, "class_id": 1, "box_caption": "vn_1_line 0.013", "scores": {"class_score": 0.01349639892578125}, "domain": "pixel"}, {"position": {"minX": 129.25, "minY": 286.0, "maxX": 360.5, "maxY": 371.5}, "class_id": 2, "box_caption": "vn_2_line 0.013", "scores": {"class_score": 0.0132904052734375}, "domain": "pixel"}, {"position": {"minX": 191.125, "minY": 294.25, "maxX": 309.5, "maxY": 365.75}, "class_id": 0, "box_caption": "lao 0.013", "scores": {"class_score": 0.013092041015625}, "domain": "pixel"}, {"position": {"minX": 81.0, "minY": 0.1875, "maxX": 184.75, "maxY": 115.25}, "class_id": 1, "box_caption": "vn_1_line 0.013", "scores": {"class_score": 0.01268768310546875}, "domain": "pixel"}, {"position": {"minX": 538.5, "minY": 54.53125, "maxX": 628.5, "maxY": 129.0}, "class_id": 0, "box_caption": "lao 0.013", "scores": {"class_score": 0.01262664794921875}, "domain": "pixel"}, {"position": {"minX": 311.5, "minY": 267.0, "maxX": 502.5, "maxY": 340.0}, "class_id": 2, "box_caption": "vn_2_line 0.012", "scores": {"class_score": 0.0124664306640625}, "domain": "pixel"}, {"position": {"minX": 553.5, "minY": 280.0, "maxX": 664.5, "maxY": 396.0}, "class_id": 2, "box_caption": "vn_2_line 0.012", "scores": {"class_score": 0.012420654296875}, "domain": "pixel"}, {"position": {"minX": 265.25, "minY": 77.5, "maxX": 421.75, "maxY": 149.75}, "class_id": 0, "box_caption": "lao 0.012", "scores": {"class_score": 0.0124053955078125}, "domain": "pixel"}, {"position": {"minX": 286.75, "minY": 51.46875, "maxX": 386.75, "maxY": 135.125}, "class_id": 0, "box_caption": "lao 0.012", "scores": {"class_score": 0.01230621337890625}, "domain": "pixel"}, {"position": {"minX": 530.0, "minY": 228.75, "maxX": 656.0, "maxY": 351.75}, "class_id": 2, "box_caption": "vn_2_line 0.012", "scores": {"class_score": 0.0121917724609375}, "domain": "pixel"}, {"position": {"minX": 60.1875, "minY": 24.90625, "maxX": 178.25, "maxY": 133.125}, "class_id": 0, "box_caption": "lao 0.012", "scores": {"class_score": 0.01209259033203125}, "domain": "pixel"}, {"position": {"minX": 68.75, "minY": 34.6875, "maxX": 155.75, "maxY": 115.5625}, "class_id": 2, "box_caption": "vn_2_line 0.012", "scores": {"class_score": 0.0120697021484375}, "domain": "pixel"}, {"position": {"minX": 193.25, "minY": 280.75, "maxX": 423.25, "maxY": 373.75}, "class_id": 2, "box_caption": "vn_2_line 0.012", "scores": {"class_score": 0.0120086669921875}, "domain": "pixel"}, {"position": {"minX": 223.875, "minY": 293.75, "maxX": 340.5, "maxY": 364.25}, "class_id": 0, "box_caption": "lao 0.012", "scores": {"class_score": 0.01194000244140625}, "domain": "pixel"}, {"position": {"minX": 532.0, "minY": 169.0, "maxX": 691.0, "maxY": 296.5}, "class_id": 1, "box_caption": "vn_1_line 0.012", "scores": {"class_score": 0.0119171142578125}, "domain": "pixel"}, {"position": {"minX": 361.25, "minY": 1.296875, "maxX": 437.25, "maxY": 55.5}, "class_id": 0, "box_caption": "lao 0.012", "scores": {"class_score": 0.01177978515625}, "domain": "pixel"}, {"position": {"minX": 475.0, "minY": 25.625, "maxX": 614.0, "maxY": 133.125}, "class_id": 0, "box_caption": "lao 0.012", "scores": {"class_score": 0.01168060302734375}, "domain": "pixel"}, {"position": {"minX": 257.75, "minY": 40.09375, "maxX": 324.25, "maxY": 95.25}, "class_id": 2, "box_caption": "vn_2_line 0.012", "scores": {"class_score": 0.01161956787109375}, "domain": "pixel"}, {"position": {"minX": 90.4375, "minY": 27.8125, "maxX": 173.25, "maxY": 105.1875}, "class_id": 0, "box_caption": "lao 0.012", "scores": {"class_score": 0.01160430908203125}, "domain": "pixel"}, {"position": {"minX": 473.25, "minY": 186.0, "maxX": 597.0, "maxY": 274.75}, "class_id": 1, "box_caption": "vn_1_line 0.012", "scores": {"class_score": 0.01160430908203125}, "domain": "pixel"}, {"position": {"minX": 118.9375, "minY": 263.0, "maxX": 243.0, "maxY": 385.5}, "class_id": 2, "box_caption": "vn_2_line 0.012", "scores": {"class_score": 0.0115814208984375}, "domain": "pixel"}, {"position": {"minX": 270.5, "minY": 39.625, "maxX": 318.0, "maxY": 85.875}, "class_id": 1, "box_caption": "vn_1_line 0.012", "scores": {"class_score": 0.0115509033203125}, "domain": "pixel"}, {"position": {"minX": 519.5, "minY": 63.09375, "maxX": 636.5, "maxY": 154.125}, "class_id": 1, "box_caption": "vn_1_line 0.011", "scores": {"class_score": 0.01146697998046875}, "domain": "pixel"}, {"position": {"minX": 396.5, "minY": 60.34375, "maxX": 523.5, "maxY": 160.25}, "class_id": 1, "box_caption": "vn_1_line 0.011", "scores": {"class_score": 0.01137542724609375}, "domain": "pixel"}, {"position": {"minX": 467.5, "minY": 154.125, "maxX": 581.5, "maxY": 271.5}, "class_id": 2, "box_caption": "vn_2_line 0.011", "scores": {"class_score": 0.01136016845703125}, "domain": "pixel"}, {"position": {"minX": 422.0, "minY": 314.5, "maxX": 541.0, "maxY": 387.5}, "class_id": 0, "box_caption": "lao 0.011", "scores": {"class_score": 0.01131439208984375}, "domain": "pixel"}, {"position": {"minX": 374.5, "minY": 283.5, "maxX": 512.0, "maxY": 374.0}, "class_id": 0, "box_caption": "lao 0.011", "scores": {"class_score": 0.01125335693359375}, "domain": "pixel"}, {"position": {"minX": 361.75, "minY": 271.0, "maxX": 463.25, "maxY": 337.5}, "class_id": 0, "box_caption": "lao 0.011", "scores": {"class_score": 0.01123046875}, "domain": "pixel"}, {"position": {"minX": 412.5, "minY": 253.25, "maxX": 531.5, "maxY": 337.75}, "class_id": 0, "box_caption": "lao 0.011", "scores": {"class_score": 0.01122283935546875}, "domain": "pixel"}, {"position": {"minX": 15.6875, "minY": -5.90625, "maxX": 172.25, "maxY": 122.25}, "class_id": 2, "box_caption": "vn_2_line 0.011", "scores": {"class_score": 0.011138916015625}, "domain": "pixel"}, {"position": {"minX": 224.375, "minY": 277.75, "maxX": 405.5, "maxY": 316.25}, "class_id": 1, "box_caption": "vn_1_line 0.011", "scores": {"class_score": 0.0111236572265625}, "domain": "pixel"}, {"position": {"minX": 81.625, "minY": 296.75, "maxX": 174.375, "maxY": 386.25}, "class_id": 2, "box_caption": "vn_2_line 0.011", "scores": {"class_score": 0.0110626220703125}, "domain": "pixel"}, {"position": {"minX": 537.5, "minY": 89.6875, "maxX": 629.5, "maxY": 170.0}, "class_id": 0, "box_caption": "lao 0.011", "scores": {"class_score": 0.0110015869140625}, "domain": "pixel"}], "class_labels": {"0": "lao", "1": "vn_1_line", "2": "vn_2_line"}}