{"box_data": [{"position": {"minX": 382.75, "minY": 67.3125, "maxX": 449.75, "maxY": 138.0}, "class_id": 0, "box_caption": "lao 0.725", "scores": {"class_score": 0.72509765625}, "domain": "pixel"}, {"position": {"minX": 378.5, "minY": 63.46875, "maxX": 475.5, "maxY": 145.375}, "class_id": 0, "box_caption": "lao 0.379", "scores": {"class_score": 0.37890625}, "domain": "pixel"}, {"position": {"minX": 231.75, "minY": 329.5, "maxX": 335.75, "maxY": 378.0}, "class_id": 1, "box_caption": "vn_1_line 0.262", "scores": {"class_score": 0.261962890625}, "domain": "pixel"}, {"position": {"minX": 261.0, "minY": 330.0, "maxX": 366.5, "maxY": 379.0}, "class_id": 1, "box_caption": "vn_1_line 0.255", "scores": {"class_score": 0.255126953125}, "domain": "pixel"}, {"position": {"minX": 200.5, "minY": 325.0, "maxX": 302.0, "maxY": 377.0}, "class_id": 1, "box_caption": "vn_1_line 0.252", "scores": {"class_score": 0.251953125}, "domain": "pixel"}, {"position": {"minX": 166.5, "minY": 322.75, "maxX": 270.5, "maxY": 378.25}, "class_id": 1, "box_caption": "vn_1_line 0.251", "scores": {"class_score": 0.250732421875}, "domain": "pixel"}, {"position": {"minX": 522.0, "minY": 286.75, "maxX": 618.0, "maxY": 342.25}, "class_id": 1, "box_caption": "vn_1_line 0.228", "scores": {"class_score": 0.2281494140625}, "domain": "pixel"}, {"position": {"minX": 108.0, "minY": -4.8125, "maxX": 261.5, "maxY": 100.5625}, "class_id": 0, "box_caption": "lao 0.203", "scores": {"class_score": 0.203369140625}, "domain": "pixel"}, {"position": {"minX": 294.5, "minY": 328.25, "maxX": 398.5, "maxY": 378.25}, "class_id": 1, "box_caption": "vn_1_line 0.202", "scores": {"class_score": 0.20166015625}, "domain": "pixel"}, {"position": {"minX": 362.25, "minY": 324.25, "maxX": 463.25, "maxY": 377.75}, "class_id": 1, "box_caption": "vn_1_line 0.200", "scores": {"class_score": 0.1995849609375}, "domain": "pixel"}, {"position": {"minX": 329.5, "minY": 326.25, "maxX": 429.5, "maxY": 376.75}, "class_id": 1, "box_caption": "vn_1_line 0.197", "scores": {"class_score": 0.1971435546875}, "domain": "pixel"}, {"position": {"minX": 134.0, "minY": 318.25, "maxX": 243.0, "maxY": 380.25}, "class_id": 1, "box_caption": "vn_1_line 0.193", "scores": {"class_score": 0.1925048828125}, "domain": "pixel"}, {"position": {"minX": -7.34375, "minY": -0.3125, "maxX": 121.875, "maxY": 137.25}, "class_id": 2, "box_caption": "vn_2_line 0.190", "scores": {"class_score": 0.1900634765625}, "domain": "pixel"}, {"position": {"minX": 393.25, "minY": 322.5, "maxX": 499.25, "maxY": 378.5}, "class_id": 1, "box_caption": "vn_1_line 0.186", "scores": {"class_score": 0.1861572265625}, "domain": "pixel"}, {"position": {"minX": -17.0, "minY": 265.25, "maxX": 151.0, "maxY": 384.25}, "class_id": 0, "box_caption": "lao 0.174", "scores": {"class_score": 0.1741943359375}, "domain": "pixel"}, {"position": {"minX": 423.25, "minY": 318.25, "maxX": 532.0, "maxY": 378.25}, "class_id": 1, "box_caption": "vn_1_line 0.161", "scores": {"class_score": 0.1611328125}, "domain": "pixel"}, {"position": {"minX": 452.0, "minY": 309.5, "maxX": 562.0, "maxY": 373.0}, "class_id": 1, "box_caption": "vn_1_line 0.152", "scores": {"class_score": 0.1524658203125}, "domain": "pixel"}, {"position": {"minX": 189.5, "minY": 319.25, "maxX": 331.0, "maxY": 387.25}, "class_id": 1, "box_caption": "vn_1_line 0.148", "scores": {"class_score": 0.1483154296875}, "domain": "pixel"}, {"position": {"minX": 388.0, "minY": 81.6875, "maxX": 448.0, "maxY": 126.4375}, "class_id": 0, "box_caption": "lao 0.141", "scores": {"class_score": 0.1412353515625}, "domain": "pixel"}, {"position": {"minX": -17.0, "minY": 265.25, "maxX": 151.0, "maxY": 384.25}, "class_id": 2, "box_caption": "vn_2_line 0.141", "scores": {"class_score": 0.1409912109375}, "domain": "pixel"}, {"position": {"minX": 101.0625, "minY": 326.0, "maxX": 325.5, "maxY": 375.5}, "class_id": 1, "box_caption": "vn_1_line 0.136", "scores": {"class_score": 0.1361083984375}, "domain": "pixel"}, {"position": {"minX": -17.5, "minY": 67.0, "maxX": 155.75, "maxY": 207.5}, "class_id": 2, "box_caption": "vn_2_line 0.133", "scores": {"class_score": 0.1329345703125}, "domain": "pixel"}, {"position": {"minX": 491.0, "minY": 295.0, "maxX": 598.0, "maxY": 341.0}, "class_id": 1, "box_caption": "vn_1_line 0.132", "scores": {"class_score": 0.1324462890625}, "domain": "pixel"}, {"position": {"minX": 164.625, "minY": -7.15625, "maxX": 300.5, "maxY": 95.25}, "class_id": 0, "box_caption": "lao 0.125", "scores": {"class_score": 0.12451171875}, "domain": "pixel"}, {"position": {"minX": -20.125, "minY": 129.25, "maxX": 149.875, "maxY": 262.25}, "class_id": 2, "box_caption": "vn_2_line 0.116", "scores": {"class_score": 0.116455078125}, "domain": "pixel"}, {"position": {"minX": 160.25, "minY": 331.75, "maxX": 390.75, "maxY": 379.25}, "class_id": 1, "box_caption": "vn_1_line 0.111", "scores": {"class_score": 0.11102294921875}, "domain": "pixel"}, {"position": {"minX": 396.5, "minY": 304.5, "maxX": 609.5, "maxY": 373.5}, "class_id": 1, "box_caption": "vn_1_line 0.107", "scores": {"class_score": 0.107177734375}, "domain": "pixel"}, {"position": {"minX": 143.125, "minY": 309.75, "maxX": 282.0, "maxY": 385.75}, "class_id": 1, "box_caption": "vn_1_line 0.107", "scores": {"class_score": 0.1070556640625}, "domain": "pixel"}, {"position": {"minX": 483.0, "minY": 300.5, "maxX": 592.0, "maxY": 368.0}, "class_id": 1, "box_caption": "vn_1_line 0.103", "scores": {"class_score": 0.10260009765625}, "domain": "pixel"}, {"position": {"minX": 226.25, "minY": 319.0, "maxX": 362.75, "maxY": 381.5}, "class_id": 1, "box_caption": "vn_1_line 0.102", "scores": {"class_score": 0.10198974609375}, "domain": "pixel"}, {"position": {"minX": 540.5, "minY": 277.5, "maxX": 643.5, "maxY": 342.5}, "class_id": 1, "box_caption": "vn_1_line 0.101", "scores": {"class_score": 0.10113525390625}, "domain": "pixel"}, {"position": {"minX": 464.25, "minY": 285.5, "maxX": 660.0, "maxY": 339.5}, "class_id": 1, "box_caption": "vn_1_line 0.100", "scores": {"class_score": 0.10003662109375}, "domain": "pixel"}, {"position": {"minX": 331.75, "minY": 319.0, "maxX": 552.0, "maxY": 377.0}, "class_id": 1, "box_caption": "vn_1_line 0.099", "scores": {"class_score": 0.0989990234375}, "domain": "pixel"}, {"position": {"minX": 228.25, "minY": 327.0, "maxX": 452.75, "maxY": 378.5}, "class_id": 1, "box_caption": "vn_1_line 0.095", "scores": {"class_score": 0.09503173828125}, "domain": "pixel"}, {"position": {"minX": 51.8125, "minY": 305.75, "maxX": 251.0, "maxY": 391.75}, "class_id": 1, "box_caption": "vn_1_line 0.094", "scores": {"class_score": 0.09442138671875}, "domain": "pixel"}, {"position": {"minX": -18.9375, "minY": 157.875, "maxX": 143.25, "maxY": 297.0}, "class_id": 2, "box_caption": "vn_2_line 0.094", "scores": {"class_score": 0.09429931640625}, "domain": "pixel"}, {"position": {"minX": 95.375, "minY": 306.75, "maxX": 214.125, "maxY": 387.75}, "class_id": 1, "box_caption": "vn_1_line 0.094", "scores": {"class_score": 0.09381103515625}, "domain": "pixel"}, {"position": {"minX": -16.125, "minY": 189.75, "maxX": 138.75, "maxY": 332.75}, "class_id": 2, "box_caption": "vn_2_line 0.086", "scores": {"class_score": 0.08648681640625}, "domain": "pixel"}, {"position": {"minX": 119.9375, "minY": 2.25, "maxX": 308.75, "maxY": 122.625}, "class_id": 0, "box_caption": "lao 0.086", "scores": {"class_score": 0.0863037109375}, "domain": "pixel"}, {"position": {"minX": 492.75, "minY": 278.0, "maxX": 614.0, "maxY": 329.0}, "class_id": 1, "box_caption": "vn_1_line 0.086", "scores": {"class_score": 0.08563232421875}, "domain": "pixel"}, {"position": {"minX": 98.125, "minY": 2.15625, "maxX": 270.0, "maxY": 119.75}, "class_id": 2, "box_caption": "vn_2_line 0.083", "scores": {"class_score": 0.08331298828125}, "domain": "pixel"}, {"position": {"minX": -12.21875, "minY": -8.59375, "maxX": 118.5, "maxY": 105.875}, "class_id": 0, "box_caption": "lao 0.080", "scores": {"class_score": 0.08038330078125}, "domain": "pixel"}, {"position": {"minX": 16.4375, "minY": 289.75, "maxX": 216.5, "maxY": 394.75}, "class_id": 0, "box_caption": "lao 0.080", "scores": {"class_score": 0.08038330078125}, "domain": "pixel"}, {"position": {"minX": 341.5, "minY": 308.25, "maxX": 469.5, "maxY": 381.25}, "class_id": 1, "box_caption": "vn_1_line 0.080", "scores": {"class_score": 0.080078125}, "domain": "pixel"}, {"position": {"minX": 254.75, "minY": 317.75, "maxX": 392.25, "maxY": 387.25}, "class_id": 1, "box_caption": "vn_1_line 0.079", "scores": {"class_score": 0.07891845703125}, "domain": "pixel"}, {"position": {"minX": 460.25, "minY": 283.75, "maxX": 668.0, "maxY": 369.75}, "class_id": 1, "box_caption": "vn_1_line 0.079", "scores": {"class_score": 0.07891845703125}, "domain": "pixel"}, {"position": {"minX": -7.1875, "minY": 283.0, "maxX": 112.5625, "maxY": 393.5}, "class_id": 0, "box_caption": "lao 0.079", "scores": {"class_score": 0.07879638671875}, "domain": "pixel"}, {"position": {"minX": 16.4375, "minY": 289.75, "maxX": 216.5, "maxY": 394.75}, "class_id": 1, "box_caption": "vn_1_line 0.071", "scores": {"class_score": 0.0706787109375}, "domain": "pixel"}, {"position": {"minX": 635.0, "minY": 4.890625, "maxX": 669.0, "maxY": 29.296875}, "class_id": 0, "box_caption": "lao 0.069", "scores": {"class_score": 0.0694580078125}, "domain": "pixel"}, {"position": {"minX": 512.0, "minY": 292.25, "maxX": 625.0, "maxY": 363.75}, "class_id": 1, "box_caption": "vn_1_line 0.068", "scores": {"class_score": 0.06829833984375}, "domain": "pixel"}, {"position": {"minX": 462.0, "minY": 304.5, "maxX": 561.0, "maxY": 344.0}, "class_id": 1, "box_caption": "vn_1_line 0.068", "scores": {"class_score": 0.06805419921875}, "domain": "pixel"}, {"position": {"minX": 78.8125, "minY": 17.03125, "maxX": 233.0, "maxY": 120.25}, "class_id": 0, "box_caption": "lao 0.063", "scores": {"class_score": 0.06280517578125}, "domain": "pixel"}, {"position": {"minX": 137.375, "minY": 307.5, "maxX": 260.5, "maxY": 364.5}, "class_id": 1, "box_caption": "vn_1_line 0.061", "scores": {"class_score": 0.060943603515625}, "domain": "pixel"}, {"position": {"minX": -20.125, "minY": 129.25, "maxX": 149.875, "maxY": 262.25}, "class_id": 0, "box_caption": "lao 0.060", "scores": {"class_score": 0.059600830078125}, "domain": "pixel"}, {"position": {"minX": 21.75, "minY": 63.28125, "maxX": 216.5, "maxY": 191.25}, "class_id": 0, "box_caption": "lao 0.058", "scores": {"class_score": 0.0582275390625}, "domain": "pixel"}, {"position": {"minX": -17.5, "minY": 67.0, "maxX": 155.75, "maxY": 207.5}, "class_id": 0, "box_caption": "lao 0.055", "scores": {"class_score": 0.05511474609375}, "domain": "pixel"}, {"position": {"minX": 401.5, "minY": 74.9375, "maxX": 497.0, "maxY": 142.25}, "class_id": 1, "box_caption": "vn_1_line 0.054", "scores": {"class_score": 0.053558349609375}, "domain": "pixel"}, {"position": {"minX": 632.5, "minY": 2.203125, "maxX": 674.5, "maxY": 41.0625}, "class_id": 2, "box_caption": "vn_2_line 0.052", "scores": {"class_score": 0.052337646484375}, "domain": "pixel"}, {"position": {"minX": 56.375, "minY": 36.59375, "maxX": 241.625, "maxY": 160.875}, "class_id": 0, "box_caption": "lao 0.052", "scores": {"class_score": 0.052276611328125}, "domain": "pixel"}, {"position": {"minX": -12.71875, "minY": -10.84375, "maxX": 96.375, "maxY": 102.0}, "class_id": 2, "box_caption": "vn_2_line 0.051", "scores": {"class_score": 0.051361083984375}, "domain": "pixel"}, {"position": {"minX": 146.25, "minY": 34.0625, "maxX": 333.0, "maxY": 160.5}, "class_id": 0, "box_caption": "lao 0.051", "scores": {"class_score": 0.05096435546875}, "domain": "pixel"}, {"position": {"minX": 382.75, "minY": 67.3125, "maxX": 449.75, "maxY": 138.0}, "class_id": 2, "box_caption": "vn_2_line 0.049", "scores": {"class_score": 0.0489501953125}, "domain": "pixel"}, {"position": {"minX": -16.125, "minY": 189.75, "maxX": 138.75, "maxY": 332.75}, "class_id": 0, "box_caption": "lao 0.048", "scores": {"class_score": 0.048187255859375}, "domain": "pixel"}, {"position": {"minX": 290.75, "minY": 310.0, "maxX": 422.25, "maxY": 384.0}, "class_id": 1, "box_caption": "vn_1_line 0.048", "scores": {"class_score": 0.047607421875}, "domain": "pixel"}, {"position": {"minX": 509.25, "minY": -12.375, "maxX": 606.5, "maxY": 79.75}, "class_id": 0, "box_caption": "lao 0.048", "scores": {"class_score": 0.047515869140625}, "domain": "pixel"}, {"position": {"minX": 499.5, "minY": 269.0, "maxX": 627.5, "maxY": 353.0}, "class_id": 1, "box_caption": "vn_1_line 0.046", "scores": {"class_score": 0.046142578125}, "domain": "pixel"}, {"position": {"minX": 127.25, "minY": -4.9375, "maxX": 239.5, "maxY": 69.5625}, "class_id": 0, "box_caption": "lao 0.046", "scores": {"class_score": 0.04559326171875}, "domain": "pixel"}, {"position": {"minX": 1.25, "minY": 43.09375, "maxX": 186.25, "maxY": 167.375}, "class_id": 2, "box_caption": "vn_2_line 0.045", "scores": {"class_score": 0.044921875}, "domain": "pixel"}, {"position": {"minX": -18.9375, "minY": 157.875, "maxX": 143.25, "maxY": 297.0}, "class_id": 0, "box_caption": "lao 0.045", "scores": {"class_score": 0.0447998046875}, "domain": "pixel"}, {"position": {"minX": -5.125, "minY": 266.75, "maxX": 170.625, "maxY": 384.75}, "class_id": 1, "box_caption": "vn_1_line 0.045", "scores": {"class_score": 0.044586181640625}, "domain": "pixel"}, {"position": {"minX": 596.0, "minY": 155.375, "maxX": 668.0, "maxY": 231.125}, "class_id": 2, "box_caption": "vn_2_line 0.043", "scores": {"class_score": 0.0426025390625}, "domain": "pixel"}, {"position": {"minX": 0.5625, "minY": -0.25, "maxX": 80.6875, "maxY": 77.75}, "class_id": 2, "box_caption": "vn_2_line 0.042", "scores": {"class_score": 0.042205810546875}, "domain": "pixel"}, {"position": {"minX": 21.75, "minY": 63.28125, "maxX": 216.5, "maxY": 191.25}, "class_id": 2, "box_caption": "vn_2_line 0.041", "scores": {"class_score": 0.0408935546875}, "domain": "pixel"}, {"position": {"minX": 515.5, "minY": -0.78125, "maxX": 582.5, "maxY": 57.03125}, "class_id": 0, "box_caption": "lao 0.040", "scores": {"class_score": 0.040313720703125}, "domain": "pixel"}, {"position": {"minX": 56.375, "minY": 36.59375, "maxX": 241.625, "maxY": 160.875}, "class_id": 2, "box_caption": "vn_2_line 0.040", "scores": {"class_score": 0.040130615234375}, "domain": "pixel"}, {"position": {"minX": 134.625, "minY": -7.6875, "maxX": 280.5, "maxY": 98.9375}, "class_id": 1, "box_caption": "vn_1_line 0.039", "scores": {"class_score": 0.039154052734375}, "domain": "pixel"}, {"position": {"minX": 170.75, "minY": 311.25, "maxX": 283.5, "maxY": 364.75}, "class_id": 1, "box_caption": "vn_1_line 0.038", "scores": {"class_score": 0.038482666015625}, "domain": "pixel"}, {"position": {"minX": 370.0, "minY": 305.5, "maxX": 506.5, "maxY": 385.5}, "class_id": 1, "box_caption": "vn_1_line 0.038", "scores": {"class_score": 0.0380859375}, "domain": "pixel"}, {"position": {"minX": 17.6875, "minY": 89.9375, "maxX": 209.75, "maxY": 226.0}, "class_id": 0, "box_caption": "lao 0.037", "scores": {"class_score": 0.037445068359375}, "domain": "pixel"}, {"position": {"minX": 56.625, "minY": 318.75, "maxX": 176.5, "maxY": 387.25}, "class_id": 1, "box_caption": "vn_1_line 0.037", "scores": {"class_score": 0.037017822265625}, "domain": "pixel"}, {"position": {"minX": 51.8125, "minY": 305.75, "maxX": 251.0, "maxY": 391.75}, "class_id": 0, "box_caption": "lao 0.037", "scores": {"class_score": 0.036895751953125}, "domain": "pixel"}, {"position": {"minX": 404.5, "minY": 297.0, "maxX": 610.5, "maxY": 350.0}, "class_id": 1, "box_caption": "vn_1_line 0.037", "scores": {"class_score": 0.03668212890625}, "domain": "pixel"}, {"position": {"minX": 1.25, "minY": 43.09375, "maxX": 186.25, "maxY": 167.375}, "class_id": 0, "box_caption": "lao 0.036", "scores": {"class_score": 0.0361328125}, "domain": "pixel"}, {"position": {"minX": 555.5, "minY": 272.0, "maxX": 647.5, "maxY": 317.5}, "class_id": 1, "box_caption": "vn_1_line 0.035", "scores": {"class_score": 0.035186767578125}, "domain": "pixel"}, {"position": {"minX": 185.75, "minY": 62.46875, "maxX": 298.25, "maxY": 165.5}, "class_id": 0, "box_caption": "lao 0.035", "scores": {"class_score": 0.03515625}, "domain": "pixel"}, {"position": {"minX": 635.0, "minY": 4.890625, "maxX": 669.0, "maxY": 29.296875}, "class_id": 2, "box_caption": "vn_2_line 0.032", "scores": {"class_score": 0.03216552734375}, "domain": "pixel"}, {"position": {"minX": 98.125, "minY": 2.15625, "maxX": 270.0, "maxY": 119.75}, "class_id": 1, "box_caption": "vn_1_line 0.032", "scores": {"class_score": 0.032135009765625}, "domain": "pixel"}, {"position": {"minX": 153.0, "minY": 2.3125, "maxX": 326.25, "maxY": 123.9375}, "class_id": 2, "box_caption": "vn_2_line 0.032", "scores": {"class_score": 0.031982421875}, "domain": "pixel"}, {"position": {"minX": 533.5, "minY": 288.0, "maxX": 657.5, "maxY": 363.0}, "class_id": 1, "box_caption": "vn_1_line 0.031", "scores": {"class_score": 0.031494140625}, "domain": "pixel"}, {"position": {"minX": 188.5, "minY": -3.78125, "maxX": 297.25, "maxY": 64.25}, "class_id": 1, "box_caption": "vn_1_line 0.031", "scores": {"class_score": 0.03143310546875}, "domain": "pixel"}, {"position": {"minX": 430.75, "minY": 111.0, "maxX": 508.75, "maxY": 149.0}, "class_id": 1, "box_caption": "vn_1_line 0.031", "scores": {"class_score": 0.0311279296875}, "domain": "pixel"}, {"position": {"minX": 191.625, "minY": -3.1875, "maxX": 291.5, "maxY": 66.3125}, "class_id": 0, "box_caption": "lao 0.031", "scores": {"class_score": 0.03082275390625}, "domain": "pixel"}, {"position": {"minX": -9.1875, "minY": 121.25, "maxX": 113.5625, "maxY": 235.75}, "class_id": 0, "box_caption": "lao 0.031", "scores": {"class_score": 0.0306243896484375}, "domain": "pixel"}, {"position": {"minX": 408.5, "minY": 315.5, "maxX": 566.0, "maxY": 386.5}, "class_id": 1, "box_caption": "vn_1_line 0.030", "scores": {"class_score": 0.03045654296875}, "domain": "pixel"}, {"position": {"minX": 638.0, "minY": -2.625, "maxX": 669.0, "maxY": 52.125}, "class_id": 2, "box_caption": "vn_2_line 0.030", "scores": {"class_score": 0.0299835205078125}, "domain": "pixel"}, {"position": {"minX": 437.25, "minY": 309.5, "maxX": 527.5, "maxY": 348.0}, "class_id": 1, "box_caption": "vn_1_line 0.030", "scores": {"class_score": 0.029815673828125}, "domain": "pixel"}, {"position": {"minX": 509.25, "minY": -12.375, "maxX": 606.5, "maxY": 79.75}, "class_id": 2, "box_caption": "vn_2_line 0.030", "scores": {"class_score": 0.0296783447265625}, "domain": "pixel"}, {"position": {"minX": 401.5, "minY": 74.9375, "maxX": 497.0, "maxY": 142.25}, "class_id": 0, "box_caption": "lao 0.030", "scores": {"class_score": 0.0296173095703125}, "domain": "pixel"}, {"position": {"minX": 6.90625, "minY": 314.0, "maxX": 126.625, "maxY": 390.5}, "class_id": 1, "box_caption": "vn_1_line 0.029", "scores": {"class_score": 0.0287628173828125}, "domain": "pixel"}, {"position": {"minX": 514.0, "minY": -4.375, "maxX": 575.0, "maxY": 75.375}, "class_id": 2, "box_caption": "vn_2_line 0.029", "scores": {"class_score": 0.0287322998046875}, "domain": "pixel"}, {"position": {"minX": 134.625, "minY": -7.6875, "maxX": 280.5, "maxY": 98.9375}, "class_id": 2, "box_caption": "vn_2_line 0.029", "scores": {"class_score": 0.0285491943359375}, "domain": "pixel"}, {"position": {"minX": 534.5, "minY": 278.25, "maxX": 615.5, "maxY": 318.25}, "class_id": 1, "box_caption": "vn_1_line 0.028", "scores": {"class_score": 0.0284271240234375}, "domain": "pixel"}, {"position": {"minX": 214.0, "minY": 315.75, "maxX": 307.5, "maxY": 366.25}, "class_id": 1, "box_caption": "vn_1_line 0.028", "scores": {"class_score": 0.0277557373046875}, "domain": "pixel"}, {"position": {"minX": 95.375, "minY": 306.75, "maxX": 214.125, "maxY": 387.75}, "class_id": 0, "box_caption": "lao 0.027", "scores": {"class_score": 0.0272216796875}, "domain": "pixel"}, {"position": {"minX": -15.125, "minY": 229.125, "maxX": 145.5, "maxY": 366.0}, "class_id": 1, "box_caption": "vn_1_line 0.027", "scores": {"class_score": 0.0271759033203125}, "domain": "pixel"}, {"position": {"minX": 577.0, "minY": 14.25, "maxX": 670.0, "maxY": 119.75}, "class_id": 2, "box_caption": "vn_2_line 0.027", "scores": {"class_score": 0.027069091796875}, "domain": "pixel"}, {"position": {"minX": 127.25, "minY": -4.9375, "maxX": 239.5, "maxY": 69.5625}, "class_id": 1, "box_caption": "vn_1_line 0.027", "scores": {"class_score": 0.0269927978515625}, "domain": "pixel"}, {"position": {"minX": -20.125, "minY": 129.25, "maxX": 149.875, "maxY": 262.25}, "class_id": 1, "box_caption": "vn_1_line 0.027", "scores": {"class_score": 0.0269317626953125}, "domain": "pixel"}, {"position": {"minX": -17.5, "minY": 67.0, "maxX": 155.75, "maxY": 207.5}, "class_id": 1, "box_caption": "vn_1_line 0.027", "scores": {"class_score": 0.0265960693359375}, "domain": "pixel"}, {"position": {"minX": 181.125, "minY": 26.125, "maxX": 301.0, "maxY": 139.125}, "class_id": 0, "box_caption": "lao 0.027", "scores": {"class_score": 0.02655029296875}, "domain": "pixel"}, {"position": {"minX": 378.5, "minY": 63.46875, "maxX": 475.5, "maxY": 145.375}, "class_id": 2, "box_caption": "vn_2_line 0.027", "scores": {"class_score": 0.0265350341796875}, "domain": "pixel"}, {"position": {"minX": 489.5, "minY": 313.75, "maxX": 578.5, "maxY": 378.25}, "class_id": 1, "box_caption": "vn_1_line 0.026", "scores": {"class_score": 0.0260467529296875}, "domain": "pixel"}, {"position": {"minX": 511.75, "minY": 273.5, "maxX": 597.0, "maxY": 316.5}, "class_id": 1, "box_caption": "vn_1_line 0.026", "scores": {"class_score": 0.025665283203125}, "domain": "pixel"}, {"position": {"minX": 111.0, "minY": 23.6875, "maxX": 210.25, "maxY": 116.5625}, "class_id": 2, "box_caption": "vn_2_line 0.026", "scores": {"class_score": 0.0255279541015625}, "domain": "pixel"}, {"position": {"minX": 0.46875, "minY": -5.875, "maxX": 100.375, "maxY": 78.75}, "class_id": 0, "box_caption": "lao 0.025", "scores": {"class_score": 0.025115966796875}, "domain": "pixel"}, {"position": {"minX": 82.5, "minY": 64.125, "maxX": 273.5, "maxY": 193.375}, "class_id": 0, "box_caption": "lao 0.025", "scores": {"class_score": 0.0250244140625}, "domain": "pixel"}, {"position": {"minX": 17.6875, "minY": 89.9375, "maxX": 209.75, "maxY": 226.0}, "class_id": 2, "box_caption": "vn_2_line 0.025", "scores": {"class_score": 0.0249176025390625}, "domain": "pixel"}, {"position": {"minX": 377.5, "minY": 65.75, "maxX": 473.5, "maxY": 143.5}, "class_id": 1, "box_caption": "vn_1_line 0.025", "scores": {"class_score": 0.024749755859375}, "domain": "pixel"}, {"position": {"minX": 23.8125, "minY": 46.71875, "maxX": 212.75, "maxY": 134.25}, "class_id": 0, "box_caption": "lao 0.025", "scores": {"class_score": 0.024566650390625}, "domain": "pixel"}, {"position": {"minX": 77.5625, "minY": 320.75, "maxX": 292.25, "maxY": 379.75}, "class_id": 0, "box_caption": "lao 0.024", "scores": {"class_score": 0.024139404296875}, "domain": "pixel"}, {"position": {"minX": 236.25, "minY": 314.0, "maxX": 333.25, "maxY": 368.0}, "class_id": 1, "box_caption": "vn_1_line 0.024", "scores": {"class_score": 0.0240020751953125}, "domain": "pixel"}, {"position": {"minX": 460.25, "minY": 283.75, "maxX": 668.0, "maxY": 369.75}, "class_id": 0, "box_caption": "lao 0.024", "scores": {"class_score": 0.0240020751953125}, "domain": "pixel"}, {"position": {"minX": 112.0625, "minY": 35.8125, "maxX": 315.5, "maxY": 159.0}, "class_id": 2, "box_caption": "vn_2_line 0.024", "scores": {"class_score": 0.0237274169921875}, "domain": "pixel"}, {"position": {"minX": 0.34375, "minY": 116.0, "maxX": 120.875, "maxY": 225.5}, "class_id": 2, "box_caption": "vn_2_line 0.024", "scores": {"class_score": 0.0236968994140625}, "domain": "pixel"}, {"position": {"minX": -2.8125, "minY": 246.75, "maxX": 118.9375, "maxY": 359.25}, "class_id": 2, "box_caption": "vn_2_line 0.023", "scores": {"class_score": 0.023406982421875}, "domain": "pixel"}, {"position": {"minX": 591.0, "minY": 164.625, "maxX": 649.0, "maxY": 210.625}, "class_id": 2, "box_caption": "vn_2_line 0.023", "scores": {"class_score": 0.0233917236328125}, "domain": "pixel"}, {"position": {"minX": 23.8125, "minY": 46.71875, "maxX": 212.75, "maxY": 134.25}, "class_id": 1, "box_caption": "vn_1_line 0.023", "scores": {"class_score": 0.023193359375}, "domain": "pixel"}, {"position": {"minX": 440.25, "minY": 294.0, "maxX": 538.5, "maxY": 344.5}, "class_id": 1, "box_caption": "vn_1_line 0.023", "scores": {"class_score": 0.02294921875}, "domain": "pixel"}, {"position": {"minX": 622.0, "minY": -11.28125, "maxX": 673.0, "maxY": 78.875}, "class_id": 2, "box_caption": "vn_2_line 0.023", "scores": {"class_score": 0.0228271484375}, "domain": "pixel"}, {"position": {"minX": -9.78125, "minY": 250.0, "maxX": 112.25, "maxY": 366.0}, "class_id": 0, "box_caption": "lao 0.023", "scores": {"class_score": 0.0228271484375}, "domain": "pixel"}, {"position": {"minX": 505.0, "minY": 315.5, "maxX": 618.0, "maxY": 389.5}, "class_id": 1, "box_caption": "vn_1_line 0.022", "scores": {"class_score": 0.0223541259765625}, "domain": "pixel"}, {"position": {"minX": 456.25, "minY": 102.625, "maxX": 542.5, "maxY": 157.375}, "class_id": 1, "box_caption": "vn_1_line 0.022", "scores": {"class_score": 0.02166748046875}, "domain": "pixel"}, {"position": {"minX": 455.75, "minY": 277.0, "maxX": 584.5, "maxY": 356.0}, "class_id": 1, "box_caption": "vn_1_line 0.022", "scores": {"class_score": 0.021514892578125}, "domain": "pixel"}, {"position": {"minX": -18.9375, "minY": 157.875, "maxX": 143.25, "maxY": 297.0}, "class_id": 1, "box_caption": "vn_1_line 0.021", "scores": {"class_score": 0.021392822265625}, "domain": "pixel"}, {"position": {"minX": 407.75, "minY": 295.0, "maxX": 536.5, "maxY": 375.0}, "class_id": 1, "box_caption": "vn_1_line 0.021", "scores": {"class_score": 0.0212554931640625}, "domain": "pixel"}, {"position": {"minX": 56.375, "minY": 36.59375, "maxX": 241.625, "maxY": 160.875}, "class_id": 1, "box_caption": "vn_1_line 0.021", "scores": {"class_score": 0.02117919921875}, "domain": "pixel"}, {"position": {"minX": 51.0625, "minY": 0.4375, "maxX": 121.0625, "maxY": 30.71875}, "class_id": 1, "box_caption": "vn_1_line 0.021", "scores": {"class_score": 0.0211334228515625}, "domain": "pixel"}, {"position": {"minX": 157.125, "minY": -4.1875, "maxX": 274.5, "maxY": 70.0625}, "class_id": 1, "box_caption": "vn_1_line 0.021", "scores": {"class_score": 0.0210418701171875}, "domain": "pixel"}, {"position": {"minX": 530.0, "minY": -2.265625, "maxX": 582.0, "maxY": 43.9375}, "class_id": 0, "box_caption": "lao 0.021", "scores": {"class_score": 0.020965576171875}, "domain": "pixel"}, {"position": {"minX": 4.375, "minY": 27.71875, "maxX": 87.25, "maxY": 110.25}, "class_id": 2, "box_caption": "vn_2_line 0.021", "scores": {"class_score": 0.020843505859375}, "domain": "pixel"}, {"position": {"minX": -11.1875, "minY": 299.75, "maxX": 121.6875, "maxY": 387.25}, "class_id": 2, "box_caption": "vn_2_line 0.020", "scores": {"class_score": 0.02008056640625}, "domain": "pixel"}, {"position": {"minX": 406.0, "minY": 293.75, "maxX": 530.0, "maxY": 387.25}, "class_id": 0, "box_caption": "lao 0.020", "scores": {"class_score": 0.019989013671875}, "domain": "pixel"}, {"position": {"minX": 534.0, "minY": 261.0, "maxX": 691.0, "maxY": 348.5}, "class_id": 1, "box_caption": "vn_1_line 0.020", "scores": {"class_score": 0.0198974609375}, "domain": "pixel"}, {"position": {"minX": 407.5, "minY": 310.5, "maxX": 495.5, "maxY": 349.0}, "class_id": 1, "box_caption": "vn_1_line 0.020", "scores": {"class_score": 0.019805908203125}, "domain": "pixel"}, {"position": {"minX": -4.8125, "minY": 47.65625, "maxX": 122.3125, "maxY": 165.0}, "class_id": 2, "box_caption": "vn_2_line 0.020", "scores": {"class_score": 0.019744873046875}, "domain": "pixel"}, {"position": {"minX": 626.5, "minY": -6.6875, "maxX": 677.5, "maxY": 55.59375}, "class_id": 2, "box_caption": "vn_2_line 0.020", "scores": {"class_score": 0.019561767578125}, "domain": "pixel"}, {"position": {"minX": -7.34375, "minY": -0.3125, "maxX": 121.875, "maxY": 137.25}, "class_id": 1, "box_caption": "vn_1_line 0.020", "scores": {"class_score": 0.0195465087890625}, "domain": "pixel"}, {"position": {"minX": -16.125, "minY": 189.75, "maxX": 138.75, "maxY": 332.75}, "class_id": 1, "box_caption": "vn_1_line 0.019", "scores": {"class_score": 0.0193023681640625}, "domain": "pixel"}, {"position": {"minX": 282.5, "minY": 307.5, "maxX": 404.0, "maxY": 365.5}, "class_id": 1, "box_caption": "vn_1_line 0.019", "scores": {"class_score": 0.019287109375}, "domain": "pixel"}, {"position": {"minX": 126.4375, "minY": 309.5, "maxX": 244.0, "maxY": 384.0}, "class_id": 0, "box_caption": "lao 0.019", "scores": {"class_score": 0.0192718505859375}, "domain": "pixel"}, {"position": {"minX": 581.5, "minY": 135.875, "maxX": 690.5, "maxY": 232.625}, "class_id": 2, "box_caption": "vn_2_line 0.019", "scores": {"class_score": 0.0192108154296875}, "domain": "pixel"}, {"position": {"minX": 157.125, "minY": -4.1875, "maxX": 274.5, "maxY": 70.0625}, "class_id": 0, "box_caption": "lao 0.019", "scores": {"class_score": 0.0191650390625}, "domain": "pixel"}, {"position": {"minX": 314.25, "minY": 303.0, "maxX": 434.75, "maxY": 370.5}, "class_id": 1, "box_caption": "vn_1_line 0.019", "scores": {"class_score": 0.0188751220703125}, "domain": "pixel"}, {"position": {"minX": -0.96875, "minY": 86.125, "maxX": 124.375, "maxY": 193.625}, "class_id": 2, "box_caption": "vn_2_line 0.019", "scores": {"class_score": 0.01885986328125}, "domain": "pixel"}, {"position": {"minX": 153.0, "minY": 2.3125, "maxX": 326.25, "maxY": 123.9375}, "class_id": 1, "box_caption": "vn_1_line 0.019", "scores": {"class_score": 0.0186004638671875}, "domain": "pixel"}, {"position": {"minX": 201.125, "minY": -9.53125, "maxX": 319.75, "maxY": 76.75}, "class_id": 0, "box_caption": "lao 0.018", "scores": {"class_score": 0.0181732177734375}, "domain": "pixel"}, {"position": {"minX": 377.5, "minY": 309.75, "maxX": 461.0, "maxY": 351.75}, "class_id": 1, "box_caption": "vn_1_line 0.018", "scores": {"class_score": 0.0181427001953125}, "domain": "pixel"}, {"position": {"minX": 132.625, "minY": 59.9375, "maxX": 256.5, "maxY": 169.5}, "class_id": 0, "box_caption": "lao 0.018", "scores": {"class_score": 0.0181121826171875}, "domain": "pixel"}, {"position": {"minX": 479.0, "minY": 280.5, "maxX": 573.0, "maxY": 326.0}, "class_id": 1, "box_caption": "vn_1_line 0.018", "scores": {"class_score": 0.0180511474609375}, "domain": "pixel"}, {"position": {"minX": -7.875, "minY": 155.0, "maxX": 113.375, "maxY": 264.75}, "class_id": 0, "box_caption": "lao 0.018", "scores": {"class_score": 0.0179443359375}, "domain": "pixel"}, {"position": {"minX": 535.5, "minY": 278.75, "maxX": 695.5, "maxY": 377.75}, "class_id": 1, "box_caption": "vn_1_line 0.018", "scores": {"class_score": 0.0179443359375}, "domain": "pixel"}, {"position": {"minX": 4.9375, "minY": 311.25, "maxX": 124.6875, "maxY": 390.25}, "class_id": 0, "box_caption": "lao 0.018", "scores": {"class_score": 0.0178985595703125}, "domain": "pixel"}, {"position": {"minX": 21.75, "minY": 63.28125, "maxX": 216.5, "maxY": 191.25}, "class_id": 1, "box_caption": "vn_1_line 0.018", "scores": {"class_score": 0.0178985595703125}, "domain": "pixel"}, {"position": {"minX": 396.5, "minY": 304.5, "maxX": 609.5, "maxY": 373.5}, "class_id": 0, "box_caption": "lao 0.018", "scores": {"class_score": 0.0177764892578125}, "domain": "pixel"}, {"position": {"minX": 56.34375, "minY": 292.5, "maxX": 178.125, "maxY": 390.5}, "class_id": 0, "box_caption": "lao 0.018", "scores": {"class_score": 0.0177459716796875}, "domain": "pixel"}, {"position": {"minX": 348.0, "minY": 313.0, "maxX": 466.5, "maxY": 379.0}, "class_id": 0, "box_caption": "lao 0.018", "scores": {"class_score": 0.017730712890625}, "domain": "pixel"}, {"position": {"minX": 39.3125, "minY": -4.75, "maxX": 127.9375, "maxY": 37.5625}, "class_id": 1, "box_caption": "vn_1_line 0.018", "scores": {"class_score": 0.0177154541015625}, "domain": "pixel"}, {"position": {"minX": 112.0625, "minY": 35.8125, "maxX": 315.5, "maxY": 159.0}, "class_id": 1, "box_caption": "vn_1_line 0.017", "scores": {"class_score": 0.0174407958984375}, "domain": "pixel"}, {"position": {"minX": 634.5, "minY": 8.0078125, "maxX": 673.5, "maxY": 36.96875}, "class_id": 0, "box_caption": "lao 0.017", "scores": {"class_score": 0.017425537109375}, "domain": "pixel"}, {"position": {"minX": 638.0, "minY": -2.625, "maxX": 669.0, "maxY": 52.125}, "class_id": 0, "box_caption": "lao 0.017", "scores": {"class_score": 0.017242431640625}, "domain": "pixel"}, {"position": {"minX": -0.5, "minY": -1.640625, "maxX": 65.375, "maxY": 57.0625}, "class_id": 2, "box_caption": "vn_2_line 0.017", "scores": {"class_score": 0.0171356201171875}, "domain": "pixel"}, {"position": {"minX": 55.4375, "minY": 295.5, "maxX": 237.0, "maxY": 362.0}, "class_id": 1, "box_caption": "vn_1_line 0.017", "scores": {"class_score": 0.01708984375}, "domain": "pixel"}, {"position": {"minX": 466.0, "minY": 319.5, "maxX": 595.0, "maxY": 389.0}, "class_id": 1, "box_caption": "vn_1_line 0.017", "scores": {"class_score": 0.01678466796875}, "domain": "pixel"}, {"position": {"minX": 34.3125, "minY": -1.71875, "maxX": 104.9375, "maxY": 33.3125}, "class_id": 1, "box_caption": "vn_1_line 0.017", "scores": {"class_score": 0.0166473388671875}, "domain": "pixel"}, {"position": {"minX": 29.5625, "minY": 52.4375, "maxX": 145.5, "maxY": 128.75}, "class_id": 1, "box_caption": "vn_1_line 0.017", "scores": {"class_score": 0.016571044921875}, "domain": "pixel"}, {"position": {"minX": 433.0, "minY": 284.75, "maxX": 566.0, "maxY": 375.25}, "class_id": 1, "box_caption": "vn_1_line 0.017", "scores": {"class_score": 0.0165557861328125}, "domain": "pixel"}, {"position": {"minX": 23.8125, "minY": 46.71875, "maxX": 212.75, "maxY": 134.25}, "class_id": 2, "box_caption": "vn_2_line 0.017", "scores": {"class_score": 0.0165557861328125}, "domain": "pixel"}, {"position": {"minX": 146.75, "minY": 74.0, "maxX": 318.0, "maxY": 173.125}, "class_id": 0, "box_caption": "lao 0.016", "scores": {"class_score": 0.0164642333984375}, "domain": "pixel"}, {"position": {"minX": 446.5, "minY": 87.9375, "maxX": 536.0, "maxY": 148.25}, "class_id": 1, "box_caption": "vn_1_line 0.016", "scores": {"class_score": 0.0164337158203125}, "domain": "pixel"}, {"position": {"minX": 251.5, "minY": 310.25, "maxX": 372.0, "maxY": 365.75}, "class_id": 1, "box_caption": "vn_1_line 0.016", "scores": {"class_score": 0.0162811279296875}, "domain": "pixel"}, {"position": {"minX": 582.0, "minY": 26.5625, "maxX": 652.0, "maxY": 108.0625}, "class_id": 2, "box_caption": "vn_2_line 0.016", "scores": {"class_score": 0.01611328125}, "domain": "pixel"}, {"position": {"minX": 82.5, "minY": 64.125, "maxX": 273.5, "maxY": 193.375}, "class_id": 2, "box_caption": "vn_2_line 0.016", "scores": {"class_score": 0.016021728515625}, "domain": "pixel"}, {"position": {"minX": 546.5, "minY": 314.25, "maxX": 637.5, "maxY": 377.25}, "class_id": 1, "box_caption": "vn_1_line 0.016", "scores": {"class_score": 0.015960693359375}, "domain": "pixel"}, {"position": {"minX": 637.0, "minY": -4.0859375, "maxX": 671.0, "maxY": 32.8125}, "class_id": 0, "box_caption": "lao 0.016", "scores": {"class_score": 0.01593017578125}, "domain": "pixel"}, {"position": {"minX": 101.5, "minY": -11.8125, "maxX": 217.5, "maxY": 100.1875}, "class_id": 2, "box_caption": "vn_2_line 0.016", "scores": {"class_score": 0.01568603515625}, "domain": "pixel"}, {"position": {"minX": 280.5, "minY": 314.25, "maxX": 404.5, "maxY": 380.25}, "class_id": 0, "box_caption": "lao 0.016", "scores": {"class_score": 0.0156402587890625}, "domain": "pixel"}, {"position": {"minX": 178.5, "minY": -10.90625, "maxX": 303.0, "maxY": 108.375}, "class_id": 2, "box_caption": "vn_2_line 0.015", "scores": {"class_score": 0.01544952392578125}, "domain": "pixel"}, {"position": {"minX": 386.5, "minY": 74.5, "maxX": 446.0, "maxY": 129.5}, "class_id": 1, "box_caption": "vn_1_line 0.015", "scores": {"class_score": 0.01537322998046875}, "domain": "pixel"}, {"position": {"minX": 17.6875, "minY": 89.9375, "maxX": 209.75, "maxY": 226.0}, "class_id": 1, "box_caption": "vn_1_line 0.015", "scores": {"class_score": 0.0151214599609375}, "domain": "pixel"}, {"position": {"minX": 247.5, "minY": 318.75, "maxX": 362.5, "maxY": 385.25}, "class_id": 0, "box_caption": "lao 0.015", "scores": {"class_score": 0.015106201171875}, "domain": "pixel"}, {"position": {"minX": 460.25, "minY": 283.75, "maxX": 668.0, "maxY": 369.75}, "class_id": 2, "box_caption": "vn_2_line 0.015", "scores": {"class_score": 0.0150909423828125}, "domain": "pixel"}, {"position": {"minX": 592.5, "minY": 184.0, "maxX": 695.5, "maxY": 281.75}, "class_id": 2, "box_caption": "vn_2_line 0.015", "scores": {"class_score": 0.0149383544921875}, "domain": "pixel"}, {"position": {"minX": -5.6875, "minY": -0.265625, "maxX": 76.875, "maxY": 56.3125}, "class_id": 0, "box_caption": "lao 0.015", "scores": {"class_score": 0.01490020751953125}, "domain": "pixel"}, {"position": {"minX": 273.0, "minY": 329.0, "maxX": 401.5, "maxY": 400.5}, "class_id": 1, "box_caption": "vn_1_line 0.015", "scores": {"class_score": 0.014862060546875}, "domain": "pixel"}, {"position": {"minX": 11.0625, "minY": 40.21875, "maxX": 103.0625, "maxY": 130.625}, "class_id": 2, "box_caption": "vn_2_line 0.015", "scores": {"class_score": 0.0148162841796875}, "domain": "pixel"}, {"position": {"minX": 201.125, "minY": 323.25, "maxX": 319.0, "maxY": 382.25}, "class_id": 0, "box_caption": "lao 0.015", "scores": {"class_score": 0.01480865478515625}, "domain": "pixel"}, {"position": {"minX": 595.5, "minY": 178.875, "maxX": 646.5, "maxY": 212.125}, "class_id": 2, "box_caption": "vn_2_line 0.015", "scores": {"class_score": 0.0147247314453125}, "domain": "pixel"}, {"position": {"minX": 420.5, "minY": 104.6875, "maxX": 508.0, "maxY": 138.75}, "class_id": 1, "box_caption": "vn_1_line 0.015", "scores": {"class_score": 0.01470184326171875}, "domain": "pixel"}, {"position": {"minX": 222.625, "minY": 341.25, "maxX": 330.5, "maxY": 388.75}, "class_id": 1, "box_caption": "vn_1_line 0.015", "scores": {"class_score": 0.014678955078125}, "domain": "pixel"}, {"position": {"minX": 1.4375, "minY": 31.5, "maxX": 168.0, "maxY": 137.75}, "class_id": 1, "box_caption": "vn_1_line 0.015", "scores": {"class_score": 0.0146636962890625}, "domain": "pixel"}, {"position": {"minX": 345.0, "minY": 309.25, "maxX": 426.5, "maxY": 352.75}, "class_id": 1, "box_caption": "vn_1_line 0.015", "scores": {"class_score": 0.0146331787109375}, "domain": "pixel"}, {"position": {"minX": 389.75, "minY": 57.875, "maxX": 465.25, "maxY": 127.75}, "class_id": 0, "box_caption": "lao 0.015", "scores": {"class_score": 0.01457977294921875}, "domain": "pixel"}, {"position": {"minX": 445.0, "minY": 322.0, "maxX": 551.5, "maxY": 385.0}, "class_id": 1, "box_caption": "vn_1_line 0.015", "scores": {"class_score": 0.01456451416015625}, "domain": "pixel"}, {"position": {"minX": 144.5, "minY": -17.34375, "maxX": 276.25, "maxY": 113.25}, "class_id": 0, "box_caption": "lao 0.014", "scores": {"class_score": 0.01442718505859375}, "domain": "pixel"}, {"position": {"minX": 197.625, "minY": -5.0625, "maxX": 310.5, "maxY": 97.8125}, "class_id": 1, "box_caption": "vn_1_line 0.014", "scores": {"class_score": 0.01439666748046875}, "domain": "pixel"}, {"position": {"minX": 570.5, "minY": 54.5625, "maxX": 665.5, "maxY": 152.0}, "class_id": 2, "box_caption": "vn_2_line 0.014", "scores": {"class_score": 0.0143890380859375}, "domain": "pixel"}, {"position": {"minX": 395.0, "minY": 68.0, "maxX": 453.0, "maxY": 121.5}, "class_id": 0, "box_caption": "lao 0.014", "scores": {"class_score": 0.014312744140625}, "domain": "pixel"}, {"position": {"minX": 602.0, "minY": 176.625, "maxX": 670.0, "maxY": 239.875}, "class_id": 2, "box_caption": "vn_2_line 0.014", "scores": {"class_score": 0.0142059326171875}, "domain": "pixel"}, {"position": {"minX": 26.15625, "minY": -6.9375, "maxX": 128.625, "maxY": 59.0625}, "class_id": 1, "box_caption": "vn_1_line 0.014", "scores": {"class_score": 0.0141754150390625}, "domain": "pixel"}, {"position": {"minX": 102.9375, "minY": 64.875, "maxX": 308.75, "maxY": 189.0}, "class_id": 1, "box_caption": "vn_1_line 0.014", "scores": {"class_score": 0.0141143798828125}, "domain": "pixel"}, {"position": {"minX": 147.625, "minY": 307.75, "maxX": 226.125, "maxY": 347.25}, "class_id": 1, "box_caption": "vn_1_line 0.014", "scores": {"class_score": 0.0140380859375}, "domain": "pixel"}, {"position": {"minX": 16.4375, "minY": 289.75, "maxX": 216.5, "maxY": 394.75}, "class_id": 2, "box_caption": "vn_2_line 0.014", "scores": {"class_score": 0.0139312744140625}, "domain": "pixel"}, {"position": {"minX": 99.25, "minY": 21.75, "maxX": 229.75, "maxY": 142.125}, "class_id": 2, "box_caption": "vn_2_line 0.014", "scores": {"class_score": 0.01392364501953125}, "domain": "pixel"}, {"position": {"minX": 417.0, "minY": 328.5, "maxX": 546.0, "maxY": 401.0}, "class_id": 1, "box_caption": "vn_1_line 0.014", "scores": {"class_score": 0.0139007568359375}, "domain": "pixel"}, {"position": {"minX": 458.5, "minY": 288.0, "maxX": 541.0, "maxY": 331.0}, "class_id": 1, "box_caption": "vn_1_line 0.014", "scores": {"class_score": 0.0137939453125}, "domain": "pixel"}, {"position": {"minX": 608.0, "minY": 1.21875, "maxX": 681.0, "maxY": 79.875}, "class_id": 0, "box_caption": "lao 0.014", "scores": {"class_score": 0.01377105712890625}, "domain": "pixel"}, {"position": {"minX": 105.9375, "minY": 301.0, "maxX": 201.0, "maxY": 356.0}, "class_id": 1, "box_caption": "vn_1_line 0.014", "scores": {"class_score": 0.013763427734375}, "domain": "pixel"}, {"position": {"minX": 513.0, "minY": 269.75, "maxX": 678.0, "maxY": 319.75}, "class_id": 1, "box_caption": "vn_1_line 0.014", "scores": {"class_score": 0.01373291015625}, "domain": "pixel"}, {"position": {"minX": 573.5, "minY": -2.21875, "maxX": 675.5, "maxY": 99.5}, "class_id": 0, "box_caption": "lao 0.014", "scores": {"class_score": 0.01372528076171875}, "domain": "pixel"}, {"position": {"minX": 583.0, "minY": 3.203125, "maxX": 620.0, "maxY": 31.421875}, "class_id": 0, "box_caption": "lao 0.014", "scores": {"class_score": 0.0137176513671875}, "domain": "pixel"}, {"position": {"minX": 354.0, "minY": 305.0, "maxX": 536.0, "maxY": 352.5}, "class_id": 1, "box_caption": "vn_1_line 0.014", "scores": {"class_score": 0.01363372802734375}, "domain": "pixel"}, {"position": {"minX": 67.625, "minY": 91.5, "maxX": 192.375, "maxY": 201.0}, "class_id": 0, "box_caption": "lao 0.014", "scores": {"class_score": 0.013519287109375}, "domain": "pixel"}, {"position": {"minX": 239.75, "minY": 327.75, "maxX": 371.75, "maxY": 401.25}, "class_id": 1, "box_caption": "vn_1_line 0.013", "scores": {"class_score": 0.01329803466796875}, "domain": "pixel"}, {"position": {"minX": -8.0, "minY": 93.125, "maxX": 115.5, "maxY": 202.875}, "class_id": 0, "box_caption": "lao 0.013", "scores": {"class_score": 0.013275146484375}, "domain": "pixel"}, {"position": {"minX": 127.3125, "minY": 326.0, "maxX": 260.75, "maxY": 403.0}, "class_id": 1, "box_caption": "vn_1_line 0.013", "scores": {"class_score": 0.0132598876953125}, "domain": "pixel"}, {"position": {"minX": 322.5, "minY": 330.0, "maxX": 450.0, "maxY": 399.5}, "class_id": 1, "box_caption": "vn_1_line 0.013", "scores": {"class_score": 0.0132293701171875}, "domain": "pixel"}, {"position": {"minX": 21.0, "minY": -1.28125, "maxX": 115.125, "maxY": 43.96875}, "class_id": 1, "box_caption": "vn_1_line 0.013", "scores": {"class_score": 0.01317596435546875}, "domain": "pixel"}, {"position": {"minX": 331.75, "minY": 319.0, "maxX": 552.0, "maxY": 377.0}, "class_id": 0, "box_caption": "lao 0.013", "scores": {"class_score": 0.01313018798828125}, "domain": "pixel"}, {"position": {"minX": 452.0, "minY": 309.5, "maxX": 562.0, "maxY": 373.0}, "class_id": 0, "box_caption": "lao 0.013", "scores": {"class_score": 0.0131072998046875}, "domain": "pixel"}, {"position": {"minX": 483.0, "minY": 300.5, "maxX": 592.0, "maxY": 368.0}, "class_id": 0, "box_caption": "lao 0.013", "scores": {"class_score": 0.01308441162109375}, "domain": "pixel"}, {"position": {"minX": 62.1875, "minY": 33.125, "maxX": 179.0, "maxY": 137.375}, "class_id": 1, "box_caption": "vn_1_line 0.013", "scores": {"class_score": 0.012847900390625}, "domain": "pixel"}, {"position": {"minX": 566.5, "minY": 264.5, "maxX": 668.5, "maxY": 337.0}, "class_id": 1, "box_caption": "vn_1_line 0.013", "scores": {"class_score": 0.01273345947265625}, "domain": "pixel"}, {"position": {"minX": 60.4375, "minY": -7.53125, "maxX": 169.25, "maxY": 60.03125}, "class_id": 1, "box_caption": "vn_1_line 0.013", "scores": {"class_score": 0.01265716552734375}, "domain": "pixel"}, {"position": {"minX": 124.75, "minY": 0.4375, "maxX": 244.75, "maxY": 87.125}, "class_id": 2, "box_caption": "vn_2_line 0.013", "scores": {"class_score": 0.0126495361328125}, "domain": "pixel"}, {"position": {"minX": 286.5, "minY": 341.25, "maxX": 394.0, "maxY": 389.25}, "class_id": 1, "box_caption": "vn_1_line 0.013", "scores": {"class_score": 0.0126190185546875}, "domain": "pixel"}, {"position": {"minX": 169.375, "minY": 319.25, "maxX": 284.75, "maxY": 384.75}, "class_id": 0, "box_caption": "lao 0.013", "scores": {"class_score": 0.0125885009765625}, "domain": "pixel"}, {"position": {"minX": 512.0, "minY": 292.25, "maxX": 625.0, "maxY": 363.75}, "class_id": 0, "box_caption": "lao 0.013", "scores": {"class_score": 0.0125732421875}, "domain": "pixel"}, {"position": {"minX": 500.25, "minY": 277.25, "maxX": 577.0, "maxY": 313.75}, "class_id": 1, "box_caption": "vn_1_line 0.013", "scores": {"class_score": 0.01255035400390625}, "domain": "pixel"}, {"position": {"minX": 66.875, "minY": 329.5, "maxX": 193.625, "maxY": 399.5}, "class_id": 1, "box_caption": "vn_1_line 0.013", "scores": {"class_score": 0.012542724609375}, "domain": "pixel"}, {"position": {"minX": 175.5, "minY": 327.0, "maxX": 309.25, "maxY": 401.5}, "class_id": 1, "box_caption": "vn_1_line 0.013", "scores": {"class_score": 0.01250457763671875}, "domain": "pixel"}, {"position": {"minX": 536.0, "minY": 268.25, "maxX": 630.0, "maxY": 310.75}, "class_id": 1, "box_caption": "vn_1_line 0.012", "scores": {"class_score": 0.01248931884765625}, "domain": "pixel"}, {"position": {"minX": 99.8125, "minY": 57.0625, "maxX": 226.5, "maxY": 172.0}, "class_id": 0, "box_caption": "lao 0.012", "scores": {"class_score": 0.0124664306640625}, "domain": "pixel"}, {"position": {"minX": 611.0, "minY": 4.34375, "maxX": 680.0, "maxY": 96.75}, "class_id": 2, "box_caption": "vn_2_line 0.012", "scores": {"class_score": 0.0123138427734375}, "domain": "pixel"}, {"position": {"minX": 513.5, "minY": 97.625, "maxX": 609.5, "maxY": 169.375}, "class_id": 1, "box_caption": "vn_1_line 0.012", "scores": {"class_score": 0.0123138427734375}, "domain": "pixel"}, {"position": {"minX": 16.5625, "minY": 125.625, "maxX": 186.5, "maxY": 253.125}, "class_id": 0, "box_caption": "lao 0.012", "scores": {"class_score": 0.0122833251953125}, "domain": "pixel"}, {"position": {"minX": -6.1875, "minY": 6.6875, "maxX": 159.5, "maxY": 105.6875}, "class_id": 1, "box_caption": "vn_1_line 0.012", "scores": {"class_score": 0.0122528076171875}, "domain": "pixel"}, {"position": {"minX": 451.0, "minY": 330.25, "maxX": 577.0, "maxY": 400.25}, "class_id": 1, "box_caption": "vn_1_line 0.012", "scores": {"class_score": 0.01222991943359375}, "domain": "pixel"}, {"position": {"minX": 513.5, "minY": 97.625, "maxX": 609.5, "maxY": 169.375}, "class_id": 0, "box_caption": "lao 0.012", "scores": {"class_score": 0.01218414306640625}, "domain": "pixel"}, {"position": {"minX": 490.5, "minY": 102.75, "maxX": 590.5, "maxY": 166.0}, "class_id": 1, "box_caption": "vn_1_line 0.012", "scores": {"class_score": 0.012176513671875}, "domain": "pixel"}, {"position": {"minX": 192.0, "minY": 330.5, "maxX": 422.0, "maxY": 379.5}, "class_id": 0, "box_caption": "lao 0.012", "scores": {"class_score": 0.0121612548828125}, "domain": "pixel"}, {"position": {"minX": 64.25, "minY": 342.75, "maxX": 169.625, "maxY": 388.25}, "class_id": 1, "box_caption": "vn_1_line 0.012", "scores": {"class_score": 0.0120849609375}, "domain": "pixel"}, {"position": {"minX": 119.9375, "minY": 308.25, "maxX": 244.75, "maxY": 383.75}, "class_id": 2, "box_caption": "vn_2_line 0.012", "scores": {"class_score": 0.01206207275390625}, "domain": "pixel"}, {"position": {"minX": 362.75, "minY": 304.25, "maxX": 444.25, "maxY": 345.75}, "class_id": 1, "box_caption": "vn_1_line 0.012", "scores": {"class_score": 0.01200103759765625}, "domain": "pixel"}, {"position": {"minX": -4.5625, "minY": 320.0, "maxX": 95.0625, "maxY": 387.0}, "class_id": 0, "box_caption": "lao 0.012", "scores": {"class_score": 0.01198577880859375}, "domain": "pixel"}, {"position": {"minX": 38.8125, "minY": 14.625, "maxX": 215.25, "maxY": 101.125}, "class_id": 1, "box_caption": "vn_1_line 0.012", "scores": {"class_score": 0.01194000244140625}, "domain": "pixel"}, {"position": {"minX": 206.75, "minY": -6.90625, "maxX": 284.75, "maxY": 43.78125}, "class_id": 0, "box_caption": "lao 0.012", "scores": {"class_score": 0.01190185546875}, "domain": "pixel"}, {"position": {"minX": 104.125, "minY": -0.75, "maxX": 215.875, "maxY": 74.5}, "class_id": 0, "box_caption": "lao 0.012", "scores": {"class_score": 0.01186370849609375}, "domain": "pixel"}, {"position": {"minX": 483.75, "minY": 259.0, "maxX": 610.5, "maxY": 385.5}, "class_id": 2, "box_caption": "vn_2_line 0.012", "scores": {"class_score": 0.0118408203125}, "domain": "pixel"}, {"position": {"minX": 15.625, "minY": 26.0625, "maxX": 155.625, "maxY": 144.25}, "class_id": 0, "box_caption": "lao 0.012", "scores": {"class_score": 0.011810302734375}, "domain": "pixel"}, {"position": {"minX": 37.0625, "minY": 89.75, "maxX": 162.0, "maxY": 204.0}, "class_id": 0, "box_caption": "lao 0.012", "scores": {"class_score": 0.01177978515625}, "domain": "pixel"}, {"position": {"minX": 446.5, "minY": 87.9375, "maxX": 536.0, "maxY": 148.25}, "class_id": 0, "box_caption": "lao 0.012", "scores": {"class_score": 0.0117645263671875}, "domain": "pixel"}, {"position": {"minX": 377.5, "minY": 302.5, "maxX": 498.0, "maxY": 385.5}, "class_id": 0, "box_caption": "lao 0.012", "scores": {"class_score": 0.01171112060546875}, "domain": "pixel"}, {"position": {"minX": 633.0, "minY": -1.8828125, "maxX": 666.0, "maxY": 22.625}, "class_id": 0, "box_caption": "lao 0.012", "scores": {"class_score": 0.01169586181640625}, "domain": "pixel"}, {"position": {"minX": 352.5, "minY": 328.0, "maxX": 482.5, "maxY": 402.0}, "class_id": 1, "box_caption": "vn_1_line 0.012", "scores": {"class_score": 0.01169586181640625}, "domain": "pixel"}, {"position": {"minX": 436.0, "minY": -5.4609375, "maxX": 472.5, "maxY": 13.3671875}, "class_id": 0, "box_caption": "lao 0.012", "scores": {"class_score": 0.01168060302734375}, "domain": "pixel"}, {"position": {"minX": 586.5, "minY": 56.1875, "maxX": 636.5, "maxY": 92.8125}, "class_id": 2, "box_caption": "vn_2_line 0.012", "scores": {"class_score": 0.01165008544921875}, "domain": "pixel"}, {"position": {"minX": 5.4375, "minY": 151.75, "maxX": 126.3125, "maxY": 267.5}, "class_id": 2, "box_caption": "vn_2_line 0.012", "scores": {"class_score": 0.01157379150390625}, "domain": "pixel"}, {"position": {"minX": 2.78125, "minY": 0.0625, "maxX": 95.875, "maxY": 54.6875}, "class_id": 1, "box_caption": "vn_1_line 0.012", "scores": {"class_score": 0.01153564453125}, "domain": "pixel"}, {"position": {"minX": 169.625, "minY": 306.75, "maxX": 251.375, "maxY": 346.75}, "class_id": 1, "box_caption": "vn_1_line 0.012", "scores": {"class_score": 0.0115203857421875}, "domain": "pixel"}, {"position": {"minX": 334.75, "minY": 342.5, "maxX": 441.75, "maxY": 389.0}, "class_id": 1, "box_caption": "vn_1_line 0.012", "scores": {"class_score": 0.01151275634765625}, "domain": "pixel"}, {"position": {"minX": 593.5, "minY": 38.125, "maxX": 645.5, "maxY": 101.5}, "class_id": 2, "box_caption": "vn_2_line 0.012", "scores": {"class_score": 0.011505126953125}, "domain": "pixel"}, {"position": {"minX": -6.375, "minY": 187.125, "maxX": 110.125, "maxY": 296.0}, "class_id": 0, "box_caption": "lao 0.011", "scores": {"class_score": 0.01146697998046875}, "domain": "pixel"}, {"position": {"minX": 432.0, "minY": 341.5, "maxX": 536.5, "maxY": 388.5}, "class_id": 1, "box_caption": "vn_1_line 0.011", "scores": {"class_score": 0.0114593505859375}, "domain": "pixel"}, {"position": {"minX": 609.0, "minY": 145.5, "maxX": 670.0, "maxY": 199.5}, "class_id": 0, "box_caption": "lao 0.011", "scores": {"class_score": 0.01143646240234375}, "domain": "pixel"}, {"position": {"minX": 104.125, "minY": -0.75, "maxX": 215.875, "maxY": 74.5}, "class_id": 1, "box_caption": "vn_1_line 0.011", "scores": {"class_score": 0.01141357421875}, "domain": "pixel"}, {"position": {"minX": 405.25, "minY": -5.765625, "maxX": 441.75, "maxY": 13.53125}, "class_id": 0, "box_caption": "lao 0.011", "scores": {"class_score": 0.011383056640625}, "domain": "pixel"}, {"position": {"minX": 421.0, "minY": -5.3984375, "maxX": 457.5, "maxY": 13.5234375}, "class_id": 0, "box_caption": "lao 0.011", "scores": {"class_score": 0.0113372802734375}, "domain": "pixel"}, {"position": {"minX": 631.5, "minY": 16.3125, "maxX": 674.5, "maxY": 54.75}, "class_id": 2, "box_caption": "vn_2_line 0.011", "scores": {"class_score": 0.01129913330078125}, "domain": "pixel"}, {"position": {"minX": 494.25, "minY": 276.0, "maxX": 674.5, "maxY": 340.0}, "class_id": 0, "box_caption": "lao 0.011", "scores": {"class_score": 0.01129150390625}, "domain": "pixel"}, {"position": {"minX": 528.0, "minY": 107.3125, "maxX": 601.0, "maxY": 160.375}, "class_id": 0, "box_caption": "lao 0.011", "scores": {"class_score": 0.0112152099609375}, "domain": "pixel"}, {"position": {"minX": 485.0, "minY": 331.75, "maxX": 607.0, "maxY": 398.25}, "class_id": 1, "box_caption": "vn_1_line 0.011", "scores": {"class_score": 0.011199951171875}, "domain": "pixel"}, {"position": {"minX": 534.0, "minY": 261.0, "maxX": 691.0, "maxY": 348.5}, "class_id": 0, "box_caption": "lao 0.011", "scores": {"class_score": 0.01111602783203125}, "domain": "pixel"}, {"position": {"minX": 313.0, "minY": 315.5, "maxX": 427.0, "maxY": 389.5}, "class_id": 0, "box_caption": "lao 0.011", "scores": {"class_score": 0.01105499267578125}, "domain": "pixel"}, {"position": {"minX": 389.25, "minY": -6.0859375, "maxX": 426.25, "maxY": 13.1484375}, "class_id": 0, "box_caption": "lao 0.011", "scores": {"class_score": 0.01092529296875}, "domain": "pixel"}, {"position": {"minX": 534.5, "minY": -11.6875, "maxX": 636.5, "maxY": 77.1875}, "class_id": 0, "box_caption": "lao 0.011", "scores": {"class_score": 0.0109100341796875}, "domain": "pixel"}, {"position": {"minX": 185.75, "minY": 50.0, "maxX": 323.0, "maxY": 154.125}, "class_id": 2, "box_caption": "vn_2_line 0.011", "scores": {"class_score": 0.0108489990234375}, "domain": "pixel"}, {"position": {"minX": -6.1875, "minY": 6.6875, "maxX": 159.5, "maxY": 105.6875}, "class_id": 2, "box_caption": "vn_2_line 0.011", "scores": {"class_score": 0.0108184814453125}, "domain": "pixel"}, {"position": {"minX": 398.25, "minY": 342.0, "maxX": 504.75, "maxY": 389.5}, "class_id": 1, "box_caption": "vn_1_line 0.011", "scores": {"class_score": 0.01080322265625}, "domain": "pixel"}, {"position": {"minX": 378.25, "minY": 254.0, "maxX": 436.25, "maxY": 302.5}, "class_id": 1, "box_caption": "vn_1_line 0.011", "scores": {"class_score": 0.01080322265625}, "domain": "pixel"}, {"position": {"minX": 423.25, "minY": 318.25, "maxX": 532.0, "maxY": 378.25}, "class_id": 0, "box_caption": "lao 0.011", "scores": {"class_score": 0.01076507568359375}, "domain": "pixel"}, {"position": {"minX": 141.75, "minY": 341.0, "maxX": 250.25, "maxY": 390.0}, "class_id": 1, "box_caption": "vn_1_line 0.011", "scores": {"class_score": 0.0106964111328125}, "domain": "pixel"}, {"position": {"minX": 173.0, "minY": 45.0, "maxX": 280.5, "maxY": 154.5}, "class_id": 0, "box_caption": "lao 0.011", "scores": {"class_score": 0.010650634765625}, "domain": "pixel"}, {"position": {"minX": 588.0, "minY": 45.125, "maxX": 639.0, "maxY": 118.625}, "class_id": 2, "box_caption": "vn_2_line 0.011", "scores": {"class_score": 0.01055908203125}, "domain": "pixel"}, {"position": {"minX": 33.9375, "minY": 328.75, "maxX": 163.25, "maxY": 400.25}, "class_id": 1, "box_caption": "vn_1_line 0.011", "scores": {"class_score": 0.01055908203125}, "domain": "pixel"}, {"position": {"minX": 635.0, "minY": 4.890625, "maxX": 669.0, "maxY": 29.296875}, "class_id": 1, "box_caption": "vn_1_line 0.011", "scores": {"class_score": 0.01055145263671875}, "domain": "pixel"}, {"position": {"minX": 181.125, "minY": 26.125, "maxX": 301.0, "maxY": 139.125}, "class_id": 2, "box_caption": "vn_2_line 0.011", "scores": {"class_score": 0.01050567626953125}, "domain": "pixel"}, {"position": {"minX": -7.1875, "minY": 219.5, "maxX": 109.125, "maxY": 329.5}, "class_id": 0, "box_caption": "lao 0.010", "scores": {"class_score": 0.01049041748046875}, "domain": "pixel"}, {"position": {"minX": 125.0625, "minY": 329.5, "maxX": 362.0, "maxY": 375.5}, "class_id": 0, "box_caption": "lao 0.010", "scores": {"class_score": 0.01049041748046875}, "domain": "pixel"}, {"position": {"minX": 596.5, "minY": 148.125, "maxX": 683.5, "maxY": 245.875}, "class_id": 0, "box_caption": "lao 0.010", "scores": {"class_score": 0.010467529296875}, "domain": "pixel"}, {"position": {"minX": 8.6875, "minY": 298.0, "maxX": 103.3125, "maxY": 378.0}, "class_id": 0, "box_caption": "lao 0.010", "scores": {"class_score": 0.01038360595703125}, "domain": "pixel"}], "class_labels": {"0": "lao", "1": "vn_1_line", "2": "vn_2_line"}}