{"box_data": [{"position": {"minX": -7.4375, "minY": 259.0, "maxX": 178.5, "maxY": 378.0}, "class_id": 0, "box_caption": "lao 0.308", "scores": {"class_score": 0.30810546875}, "domain": "pixel"}, {"position": {"minX": 160.5, "minY": 18.03125, "maxX": 257.0, "maxY": 99.0}, "class_id": 0, "box_caption": "lao 0.271", "scores": {"class_score": 0.271240234375}, "domain": "pixel"}, {"position": {"minX": 153.25, "minY": 17.25, "maxX": 273.5, "maxY": 89.125}, "class_id": 1, "box_caption": "vn_1_line 0.257", "scores": {"class_score": 0.25732421875}, "domain": "pixel"}, {"position": {"minX": 195.125, "minY": 284.5, "maxX": 359.0, "maxY": 385.5}, "class_id": 0, "box_caption": "lao 0.241", "scores": {"class_score": 0.2408447265625}, "domain": "pixel"}, {"position": {"minX": 343.0, "minY": 307.5, "maxX": 472.5, "maxY": 383.5}, "class_id": 1, "box_caption": "vn_1_line 0.241", "scores": {"class_score": 0.2406005859375}, "domain": "pixel"}, {"position": {"minX": 227.375, "minY": 290.0, "maxX": 393.5, "maxY": 392.5}, "class_id": 0, "box_caption": "lao 0.238", "scores": {"class_score": 0.238037109375}, "domain": "pixel"}, {"position": {"minX": 319.0, "minY": 30.625, "maxX": 424.5, "maxY": 105.25}, "class_id": 1, "box_caption": "vn_1_line 0.229", "scores": {"class_score": 0.2291259765625}, "domain": "pixel"}, {"position": {"minX": 416.25, "minY": 287.75, "maxX": 583.5, "maxY": 375.25}, "class_id": 0, "box_caption": "lao 0.216", "scores": {"class_score": 0.2158203125}, "domain": "pixel"}, {"position": {"minX": -13.84375, "minY": 287.5, "maxX": 115.625, "maxY": 392.5}, "class_id": 0, "box_caption": "lao 0.209", "scores": {"class_score": 0.20947265625}, "domain": "pixel"}, {"position": {"minX": 379.25, "minY": 306.0, "maxX": 495.75, "maxY": 394.5}, "class_id": 1, "box_caption": "vn_1_line 0.201", "scores": {"class_score": 0.2005615234375}, "domain": "pixel"}, {"position": {"minX": 495.25, "minY": 210.25, "maxX": 659.5, "maxY": 319.25}, "class_id": 0, "box_caption": "lao 0.194", "scores": {"class_score": 0.194091796875}, "domain": "pixel"}, {"position": {"minX": 280.5, "minY": 29.59375, "maxX": 405.0, "maxY": 98.375}, "class_id": 1, "box_caption": "vn_1_line 0.188", "scores": {"class_score": 0.1878662109375}, "domain": "pixel"}, {"position": {"minX": 243.625, "minY": 28.1875, "maxX": 323.75, "maxY": 95.5625}, "class_id": 2, "box_caption": "vn_2_line 0.185", "scores": {"class_score": 0.1849365234375}, "domain": "pixel"}, {"position": {"minX": 277.5, "minY": 308.0, "maxX": 407.0, "maxY": 383.0}, "class_id": 1, "box_caption": "vn_1_line 0.181", "scores": {"class_score": 0.1806640625}, "domain": "pixel"}, {"position": {"minX": 181.5, "minY": 11.46875, "maxX": 297.5, "maxY": 99.25}, "class_id": 1, "box_caption": "vn_1_line 0.169", "scores": {"class_score": 0.1690673828125}, "domain": "pixel"}, {"position": {"minX": 181.5, "minY": 11.46875, "maxX": 297.5, "maxY": 99.25}, "class_id": 0, "box_caption": "lao 0.168", "scores": {"class_score": 0.1683349609375}, "domain": "pixel"}, {"position": {"minX": 475.0, "minY": 255.75, "maxX": 654.0, "maxY": 378.75}, "class_id": 0, "box_caption": "lao 0.163", "scores": {"class_score": 0.1632080078125}, "domain": "pixel"}, {"position": {"minX": 310.25, "minY": 309.0, "maxX": 440.25, "maxY": 383.0}, "class_id": 1, "box_caption": "vn_1_line 0.162", "scores": {"class_score": 0.1624755859375}, "domain": "pixel"}, {"position": {"minX": 510.75, "minY": 165.25, "maxX": 675.0, "maxY": 287.0}, "class_id": 0, "box_caption": "lao 0.160", "scores": {"class_score": 0.159912109375}, "domain": "pixel"}, {"position": {"minX": -6.625, "minY": 67.0, "maxX": 175.75, "maxY": 185.125}, "class_id": 0, "box_caption": "lao 0.159", "scores": {"class_score": 0.1588134765625}, "domain": "pixel"}, {"position": {"minX": 122.75, "minY": 270.75, "maxX": 300.5, "maxY": 380.75}, "class_id": 0, "box_caption": "lao 0.156", "scores": {"class_score": 0.15625}, "domain": "pixel"}, {"position": {"minX": 640.0, "minY": 7.0625, "maxX": 674.0, "maxY": 39.6875}, "class_id": 0, "box_caption": "lao 0.155", "scores": {"class_score": 0.15478515625}, "domain": "pixel"}, {"position": {"minX": 33.5, "minY": 39.71875, "maxX": 195.25, "maxY": 152.25}, "class_id": 0, "box_caption": "lao 0.154", "scores": {"class_score": 0.15380859375}, "domain": "pixel"}, {"position": {"minX": 412.5, "minY": 300.0, "maxX": 529.5, "maxY": 391.0}, "class_id": 1, "box_caption": "vn_1_line 0.152", "scores": {"class_score": 0.151611328125}, "domain": "pixel"}, {"position": {"minX": 281.5, "minY": 304.75, "maxX": 469.5, "maxY": 396.25}, "class_id": 1, "box_caption": "vn_1_line 0.149", "scores": {"class_score": 0.1492919921875}, "domain": "pixel"}, {"position": {"minX": 51.125, "minY": 264.75, "maxX": 245.875, "maxY": 379.25}, "class_id": 0, "box_caption": "lao 0.147", "scores": {"class_score": 0.1473388671875}, "domain": "pixel"}, {"position": {"minX": -23.625, "minY": 263.0, "maxX": 159.375, "maxY": 379.0}, "class_id": 2, "box_caption": "vn_2_line 0.147", "scores": {"class_score": 0.1470947265625}, "domain": "pixel"}, {"position": {"minX": 250.5, "minY": 18.4375, "maxX": 373.5, "maxY": 103.625}, "class_id": 1, "box_caption": "vn_1_line 0.147", "scores": {"class_score": 0.1468505859375}, "domain": "pixel"}, {"position": {"minX": -19.5, "minY": 164.375, "maxX": 149.875, "maxY": 284.5}, "class_id": 2, "box_caption": "vn_2_line 0.145", "scores": {"class_score": 0.1448974609375}, "domain": "pixel"}, {"position": {"minX": 346.25, "minY": 305.5, "maxX": 528.0, "maxY": 390.5}, "class_id": 0, "box_caption": "lao 0.145", "scores": {"class_score": 0.144775390625}, "domain": "pixel"}, {"position": {"minX": -21.3125, "minY": 131.5, "maxX": 153.0, "maxY": 254.0}, "class_id": 2, "box_caption": "vn_2_line 0.142", "scores": {"class_score": 0.1422119140625}, "domain": "pixel"}, {"position": {"minX": 384.0, "minY": 299.0, "maxX": 561.5, "maxY": 384.5}, "class_id": 0, "box_caption": "lao 0.139", "scores": {"class_score": 0.1385498046875}, "domain": "pixel"}, {"position": {"minX": -22.75, "minY": 100.625, "maxX": 152.75, "maxY": 218.125}, "class_id": 2, "box_caption": "vn_2_line 0.138", "scores": {"class_score": 0.138427734375}, "domain": "pixel"}, {"position": {"minX": -21.125, "minY": 226.375, "maxX": 154.375, "maxY": 351.75}, "class_id": 2, "box_caption": "vn_2_line 0.132", "scores": {"class_score": 0.13232421875}, "domain": "pixel"}, {"position": {"minX": 353.5, "minY": 300.5, "maxX": 461.5, "maxY": 397.0}, "class_id": 0, "box_caption": "lao 0.132", "scores": {"class_score": 0.1318359375}, "domain": "pixel"}, {"position": {"minX": -13.875, "minY": 129.625, "maxX": 184.375, "maxY": 253.625}, "class_id": 0, "box_caption": "lao 0.127", "scores": {"class_score": 0.1270751953125}, "domain": "pixel"}, {"position": {"minX": 452.0, "minY": 287.25, "maxX": 561.0, "maxY": 360.25}, "class_id": 1, "box_caption": "vn_1_line 0.124", "scores": {"class_score": 0.1241455078125}, "domain": "pixel"}, {"position": {"minX": -16.0625, "minY": 161.375, "maxX": 184.5, "maxY": 285.0}, "class_id": 0, "box_caption": "lao 0.121", "scores": {"class_score": 0.121337890625}, "domain": "pixel"}, {"position": {"minX": -22.75, "minY": 100.625, "maxX": 152.75, "maxY": 218.125}, "class_id": 0, "box_caption": "lao 0.121", "scores": {"class_score": 0.12060546875}, "domain": "pixel"}, {"position": {"minX": 495.25, "minY": 210.25, "maxX": 659.5, "maxY": 319.25}, "class_id": 2, "box_caption": "vn_2_line 0.120", "scores": {"class_score": 0.1199951171875}, "domain": "pixel"}, {"position": {"minX": 288.5, "minY": 15.1875, "maxX": 445.0, "maxY": 105.75}, "class_id": 0, "box_caption": "lao 0.119", "scores": {"class_score": 0.119140625}, "domain": "pixel"}, {"position": {"minX": 281.5, "minY": 304.75, "maxX": 469.5, "maxY": 396.25}, "class_id": 0, "box_caption": "lao 0.118", "scores": {"class_score": 0.1175537109375}, "domain": "pixel"}, {"position": {"minX": -19.875, "minY": 193.75, "maxX": 148.125, "maxY": 316.25}, "class_id": 2, "box_caption": "vn_2_line 0.117", "scores": {"class_score": 0.11749267578125}, "domain": "pixel"}, {"position": {"minX": 175.75, "minY": 280.25, "maxX": 310.75, "maxY": 388.75}, "class_id": 0, "box_caption": "lao 0.117", "scores": {"class_score": 0.11669921875}, "domain": "pixel"}, {"position": {"minX": -21.125, "minY": 226.375, "maxX": 154.375, "maxY": 351.75}, "class_id": 0, "box_caption": "lao 0.114", "scores": {"class_score": 0.11383056640625}, "domain": "pixel"}, {"position": {"minX": -19.875, "minY": 193.75, "maxX": 148.125, "maxY": 316.25}, "class_id": 0, "box_caption": "lao 0.113", "scores": {"class_score": 0.113037109375}, "domain": "pixel"}, {"position": {"minX": 227.375, "minY": 290.0, "maxX": 393.5, "maxY": 392.5}, "class_id": 1, "box_caption": "vn_1_line 0.107", "scores": {"class_score": 0.10723876953125}, "domain": "pixel"}, {"position": {"minX": 416.25, "minY": 287.75, "maxX": 583.5, "maxY": 375.25}, "class_id": 1, "box_caption": "vn_1_line 0.107", "scores": {"class_score": 0.10662841796875}, "domain": "pixel"}, {"position": {"minX": 344.0, "minY": 31.46875, "maxX": 462.0, "maxY": 109.0}, "class_id": 1, "box_caption": "vn_1_line 0.106", "scores": {"class_score": 0.10595703125}, "domain": "pixel"}, {"position": {"minX": 206.375, "minY": 15.84375, "maxX": 331.0, "maxY": 97.5}, "class_id": 1, "box_caption": "vn_1_line 0.105", "scores": {"class_score": 0.104736328125}, "domain": "pixel"}, {"position": {"minX": 532.5, "minY": 195.0, "maxX": 645.5, "maxY": 300.75}, "class_id": 0, "box_caption": "lao 0.103", "scores": {"class_score": 0.102783203125}, "domain": "pixel"}, {"position": {"minX": 643.0, "minY": -2.28125, "maxX": 672.0, "maxY": 54.40625}, "class_id": 0, "box_caption": "lao 0.099", "scores": {"class_score": 0.09893798828125}, "domain": "pixel"}, {"position": {"minX": 274.0, "minY": 303.0, "maxX": 381.0, "maxY": 394.0}, "class_id": 0, "box_caption": "lao 0.099", "scores": {"class_score": 0.09881591796875}, "domain": "pixel"}, {"position": {"minX": 288.5, "minY": 15.1875, "maxX": 445.0, "maxY": 105.75}, "class_id": 1, "box_caption": "vn_1_line 0.097", "scores": {"class_score": 0.09735107421875}, "domain": "pixel"}, {"position": {"minX": 330.0, "minY": 314.5, "maxX": 457.0, "maxY": 382.0}, "class_id": 0, "box_caption": "lao 0.095", "scores": {"class_score": 0.09478759765625}, "domain": "pixel"}, {"position": {"minX": 510.75, "minY": 165.25, "maxX": 675.0, "maxY": 287.0}, "class_id": 2, "box_caption": "vn_2_line 0.093", "scores": {"class_score": 0.0928955078125}, "domain": "pixel"}, {"position": {"minX": -3.3125, "minY": 45.125, "maxX": 184.5, "maxY": 155.625}, "class_id": 2, "box_caption": "vn_2_line 0.092", "scores": {"class_score": 0.0924072265625}, "domain": "pixel"}, {"position": {"minX": 643.0, "minY": 3.7578125, "maxX": 670.0, "maxY": 30.65625}, "class_id": 0, "box_caption": "lao 0.090", "scores": {"class_score": 0.09033203125}, "domain": "pixel"}, {"position": {"minX": 320.5, "minY": 303.5, "maxX": 428.0, "maxY": 394.0}, "class_id": 0, "box_caption": "lao 0.088", "scores": {"class_score": 0.087646484375}, "domain": "pixel"}, {"position": {"minX": 280.5, "minY": 314.25, "maxX": 405.0, "maxY": 381.25}, "class_id": 0, "box_caption": "lao 0.088", "scores": {"class_score": 0.08758544921875}, "domain": "pixel"}, {"position": {"minX": 16.625, "minY": 277.25, "maxX": 146.125, "maxY": 399.75}, "class_id": 0, "box_caption": "lao 0.087", "scores": {"class_score": 0.08734130859375}, "domain": "pixel"}, {"position": {"minX": 223.5, "minY": 21.125, "maxX": 395.0, "maxY": 104.75}, "class_id": 0, "box_caption": "lao 0.085", "scores": {"class_score": 0.0849609375}, "domain": "pixel"}, {"position": {"minX": 155.625, "minY": 34.59375, "maxX": 257.5, "maxY": 100.0}, "class_id": 1, "box_caption": "vn_1_line 0.084", "scores": {"class_score": 0.08416748046875}, "domain": "pixel"}, {"position": {"minX": 638.5, "minY": 6.765625, "maxX": 677.5, "maxY": 51.1875}, "class_id": 2, "box_caption": "vn_2_line 0.084", "scores": {"class_score": 0.08380126953125}, "domain": "pixel"}, {"position": {"minX": 279.5, "minY": 26.6875, "maxX": 405.5, "maxY": 93.1875}, "class_id": 0, "box_caption": "lao 0.082", "scores": {"class_score": 0.082275390625}, "domain": "pixel"}, {"position": {"minX": 402.0, "minY": 282.25, "maxX": 532.0, "maxY": 394.25}, "class_id": 0, "box_caption": "lao 0.082", "scores": {"class_score": 0.08184814453125}, "domain": "pixel"}, {"position": {"minX": 23.375, "minY": 230.125, "maxX": 213.625, "maxY": 349.75}, "class_id": 0, "box_caption": "lao 0.081", "scores": {"class_score": 0.08111572265625}, "domain": "pixel"}, {"position": {"minX": 54.875, "minY": 134.5, "maxX": 232.625, "maxY": 252.75}, "class_id": 0, "box_caption": "lao 0.079", "scores": {"class_score": 0.07928466796875}, "domain": "pixel"}, {"position": {"minX": 195.125, "minY": 284.5, "maxX": 359.0, "maxY": 385.5}, "class_id": 1, "box_caption": "vn_1_line 0.077", "scores": {"class_score": 0.07672119140625}, "domain": "pixel"}, {"position": {"minX": 25.6875, "minY": 100.375, "maxX": 206.0, "maxY": 217.625}, "class_id": 0, "box_caption": "lao 0.076", "scores": {"class_score": 0.07574462890625}, "domain": "pixel"}, {"position": {"minX": 376.5, "minY": 18.40625, "maxX": 496.5, "maxY": 104.75}, "class_id": 1, "box_caption": "vn_1_line 0.075", "scores": {"class_score": 0.07489013671875}, "domain": "pixel"}, {"position": {"minX": 244.5, "minY": 317.75, "maxX": 376.0, "maxY": 387.75}, "class_id": 1, "box_caption": "vn_1_line 0.073", "scores": {"class_score": 0.07293701171875}, "domain": "pixel"}, {"position": {"minX": 462.5, "minY": 267.25, "maxX": 586.5, "maxY": 382.75}, "class_id": 0, "box_caption": "lao 0.073", "scores": {"class_score": 0.0728759765625}, "domain": "pixel"}, {"position": {"minX": 241.0, "minY": 297.75, "maxX": 345.5, "maxY": 389.75}, "class_id": 0, "box_caption": "lao 0.073", "scores": {"class_score": 0.07269287109375}, "domain": "pixel"}, {"position": {"minX": 542.5, "minY": 166.75, "maxX": 647.5, "maxY": 265.0}, "class_id": 0, "box_caption": "lao 0.072", "scores": {"class_score": 0.07208251953125}, "domain": "pixel"}, {"position": {"minX": 20.875, "minY": 23.84375, "maxX": 171.0, "maxY": 131.625}, "class_id": 0, "box_caption": "lao 0.069", "scores": {"class_score": 0.06939697265625}, "domain": "pixel"}, {"position": {"minX": 20.875, "minY": 23.84375, "maxX": 171.0, "maxY": 131.625}, "class_id": 2, "box_caption": "vn_2_line 0.069", "scores": {"class_score": 0.0689697265625}, "domain": "pixel"}, {"position": {"minX": 206.375, "minY": 15.84375, "maxX": 331.0, "maxY": 97.5}, "class_id": 0, "box_caption": "lao 0.069", "scores": {"class_score": 0.0687255859375}, "domain": "pixel"}, {"position": {"minX": -3.40625, "minY": 315.0, "maxX": 110.125, "maxY": 385.5}, "class_id": 1, "box_caption": "vn_1_line 0.068", "scores": {"class_score": 0.06805419921875}, "domain": "pixel"}, {"position": {"minX": 448.5, "minY": 270.75, "maxX": 619.5, "maxY": 357.25}, "class_id": 0, "box_caption": "lao 0.068", "scores": {"class_score": 0.06787109375}, "domain": "pixel"}, {"position": {"minX": 48.625, "minY": 284.0, "maxX": 178.625, "maxY": 393.0}, "class_id": 0, "box_caption": "lao 0.065", "scores": {"class_score": 0.064697265625}, "domain": "pixel"}, {"position": {"minX": 362.0, "minY": 21.21875, "maxX": 512.5, "maxY": 101.375}, "class_id": 0, "box_caption": "lao 0.065", "scores": {"class_score": 0.06451416015625}, "domain": "pixel"}, {"position": {"minX": 509.25, "minY": 223.0, "maxX": 643.0, "maxY": 352.5}, "class_id": 0, "box_caption": "lao 0.064", "scores": {"class_score": 0.06365966796875}, "domain": "pixel"}, {"position": {"minX": 54.6875, "minY": 166.125, "maxX": 239.25, "maxY": 284.0}, "class_id": 0, "box_caption": "lao 0.060", "scores": {"class_score": 0.060211181640625}, "domain": "pixel"}, {"position": {"minX": 3.125, "minY": 319.0, "maxX": 91.6875, "maxY": 385.5}, "class_id": 0, "box_caption": "lao 0.059", "scores": {"class_score": 0.058746337890625}, "domain": "pixel"}, {"position": {"minX": 43.3125, "minY": 8.1875, "maxX": 177.75, "maxY": 108.5625}, "class_id": 0, "box_caption": "lao 0.058", "scores": {"class_score": 0.057647705078125}, "domain": "pixel"}, {"position": {"minX": 379.75, "minY": 295.0, "maxX": 489.25, "maxY": 395.5}, "class_id": 0, "box_caption": "lao 0.057", "scores": {"class_score": 0.0565185546875}, "domain": "pixel"}, {"position": {"minX": 386.0, "minY": 13.375, "maxX": 529.5, "maxY": 122.625}, "class_id": 0, "box_caption": "lao 0.057", "scores": {"class_score": 0.0565185546875}, "domain": "pixel"}, {"position": {"minX": 53.75, "minY": 68.625, "maxX": 222.25, "maxY": 192.375}, "class_id": 0, "box_caption": "lao 0.056", "scores": {"class_score": 0.05560302734375}, "domain": "pixel"}, {"position": {"minX": 55.125, "minY": 197.625, "maxX": 238.375, "maxY": 315.0}, "class_id": 0, "box_caption": "lao 0.054", "scores": {"class_score": 0.054351806640625}, "domain": "pixel"}, {"position": {"minX": 480.75, "minY": 263.75, "maxX": 592.0, "maxY": 359.75}, "class_id": 1, "box_caption": "vn_1_line 0.054", "scores": {"class_score": 0.053741455078125}, "domain": "pixel"}, {"position": {"minX": 380.0, "minY": 73.75, "maxX": 519.0, "maxY": 184.5}, "class_id": 2, "box_caption": "vn_2_line 0.052", "scores": {"class_score": 0.052490234375}, "domain": "pixel"}, {"position": {"minX": 443.75, "minY": 280.0, "maxX": 552.0, "maxY": 393.0}, "class_id": 0, "box_caption": "lao 0.052", "scores": {"class_score": 0.05230712890625}, "domain": "pixel"}, {"position": {"minX": 382.5, "minY": 30.5, "maxX": 534.0, "maxY": 164.0}, "class_id": 2, "box_caption": "vn_2_line 0.051", "scores": {"class_score": 0.05059814453125}, "domain": "pixel"}, {"position": {"minX": 531.0, "minY": 279.5, "maxX": 655.0, "maxY": 396.0}, "class_id": 0, "box_caption": "lao 0.050", "scores": {"class_score": 0.049957275390625}, "domain": "pixel"}, {"position": {"minX": 148.25, "minY": 289.5, "maxX": 272.0, "maxY": 390.0}, "class_id": 0, "box_caption": "lao 0.049", "scores": {"class_score": 0.049285888671875}, "domain": "pixel"}, {"position": {"minX": 1.40625, "minY": 84.875, "maxX": 123.0, "maxY": 194.875}, "class_id": 0, "box_caption": "lao 0.049", "scores": {"class_score": 0.04888916015625}, "domain": "pixel"}, {"position": {"minX": 394.5, "minY": 58.46875, "maxX": 510.5, "maxY": 169.75}, "class_id": 0, "box_caption": "lao 0.048", "scores": {"class_score": 0.048095703125}, "domain": "pixel"}, {"position": {"minX": 91.5, "minY": 236.25, "maxX": 261.5, "maxY": 350.25}, "class_id": 0, "box_caption": "lao 0.048", "scores": {"class_score": 0.048004150390625}, "domain": "pixel"}, {"position": {"minX": 80.6875, "minY": 285.5, "maxX": 209.75, "maxY": 393.5}, "class_id": 0, "box_caption": "lao 0.048", "scores": {"class_score": 0.04791259765625}, "domain": "pixel"}, {"position": {"minX": 494.0, "minY": 277.75, "maxX": 628.0, "maxY": 396.25}, "class_id": 0, "box_caption": "lao 0.047", "scores": {"class_score": 0.047332763671875}, "domain": "pixel"}, {"position": {"minX": 413.25, "minY": 66.9375, "maxX": 514.0, "maxY": 162.75}, "class_id": 2, "box_caption": "vn_2_line 0.047", "scores": {"class_score": 0.046966552734375}, "domain": "pixel"}, {"position": {"minX": 115.625, "minY": 286.75, "maxX": 241.875, "maxY": 392.25}, "class_id": 0, "box_caption": "lao 0.046", "scores": {"class_score": 0.045562744140625}, "domain": "pixel"}, {"position": {"minX": 209.875, "minY": 289.5, "maxX": 320.5, "maxY": 376.0}, "class_id": 0, "box_caption": "lao 0.045", "scores": {"class_score": 0.044647216796875}, "domain": "pixel"}, {"position": {"minX": 643.0, "minY": 3.7578125, "maxX": 670.0, "maxY": 30.65625}, "class_id": 2, "box_caption": "vn_2_line 0.045", "scores": {"class_score": 0.044586181640625}, "domain": "pixel"}, {"position": {"minX": 475.0, "minY": 255.75, "maxX": 654.0, "maxY": 378.75}, "class_id": 1, "box_caption": "vn_1_line 0.045", "scores": {"class_score": 0.044525146484375}, "domain": "pixel"}, {"position": {"minX": -23.625, "minY": 263.0, "maxX": 159.375, "maxY": 379.0}, "class_id": 1, "box_caption": "vn_1_line 0.044", "scores": {"class_score": 0.0443115234375}, "domain": "pixel"}, {"position": {"minX": 531.5, "minY": 178.875, "maxX": 653.5, "maxY": 304.0}, "class_id": 2, "box_caption": "vn_2_line 0.044", "scores": {"class_score": 0.0440673828125}, "domain": "pixel"}, {"position": {"minX": -14.25, "minY": 124.1875, "maxX": 114.375, "maxY": 233.0}, "class_id": 0, "box_caption": "lao 0.044", "scores": {"class_score": 0.0438232421875}, "domain": "pixel"}, {"position": {"minX": 382.5, "minY": 30.5, "maxX": 534.0, "maxY": 164.0}, "class_id": 0, "box_caption": "lao 0.044", "scores": {"class_score": 0.04351806640625}, "domain": "pixel"}, {"position": {"minX": 151.0, "minY": 25.859375, "maxX": 244.5, "maxY": 83.0625}, "class_id": 0, "box_caption": "lao 0.043", "scores": {"class_score": 0.04345703125}, "domain": "pixel"}, {"position": {"minX": 352.5, "minY": 327.5, "maxX": 457.5, "maxY": 384.5}, "class_id": 1, "box_caption": "vn_1_line 0.043", "scores": {"class_score": 0.042633056640625}, "domain": "pixel"}, {"position": {"minX": 27.9375, "minY": 262.0, "maxX": 213.0, "maxY": 375.0}, "class_id": 2, "box_caption": "vn_2_line 0.041", "scores": {"class_score": 0.04107666015625}, "domain": "pixel"}, {"position": {"minX": 319.0, "minY": 30.625, "maxX": 424.5, "maxY": 105.25}, "class_id": 0, "box_caption": "lao 0.041", "scores": {"class_score": 0.04083251953125}, "domain": "pixel"}, {"position": {"minX": 69.4375, "minY": 318.5, "maxX": 193.0, "maxY": 388.0}, "class_id": 1, "box_caption": "vn_1_line 0.040", "scores": {"class_score": 0.040374755859375}, "domain": "pixel"}, {"position": {"minX": -4.125, "minY": -13.6875, "maxX": 130.5, "maxY": 100.3125}, "class_id": 0, "box_caption": "lao 0.040", "scores": {"class_score": 0.039520263671875}, "domain": "pixel"}, {"position": {"minX": 122.75, "minY": 270.75, "maxX": 300.5, "maxY": 380.75}, "class_id": 1, "box_caption": "vn_1_line 0.039", "scores": {"class_score": 0.039154052734375}, "domain": "pixel"}, {"position": {"minX": 27.9375, "minY": 262.0, "maxX": 213.0, "maxY": 375.0}, "class_id": 1, "box_caption": "vn_1_line 0.039", "scores": {"class_score": 0.03863525390625}, "domain": "pixel"}, {"position": {"minX": 646.5, "minY": 1.3125, "maxX": 670.5, "maxY": 49.4375}, "class_id": 2, "box_caption": "vn_2_line 0.038", "scores": {"class_score": 0.03839111328125}, "domain": "pixel"}, {"position": {"minX": 298.75, "minY": 46.875, "maxX": 401.25, "maxY": 101.75}, "class_id": 1, "box_caption": "vn_1_line 0.038", "scores": {"class_score": 0.038299560546875}, "domain": "pixel"}, {"position": {"minX": 48.0625, "minY": 57.75, "maxX": 178.0, "maxY": 172.75}, "class_id": 0, "box_caption": "lao 0.038", "scores": {"class_score": 0.037841796875}, "domain": "pixel"}, {"position": {"minX": 252.0, "minY": 35.6875, "maxX": 312.5, "maxY": 88.6875}, "class_id": 2, "box_caption": "vn_2_line 0.037", "scores": {"class_score": 0.03729248046875}, "domain": "pixel"}, {"position": {"minX": 495.25, "minY": 210.25, "maxX": 659.5, "maxY": 319.25}, "class_id": 1, "box_caption": "vn_1_line 0.037", "scores": {"class_score": 0.0369873046875}, "domain": "pixel"}, {"position": {"minX": 475.0, "minY": 255.75, "maxX": 654.0, "maxY": 378.75}, "class_id": 2, "box_caption": "vn_2_line 0.037", "scores": {"class_score": 0.036834716796875}, "domain": "pixel"}, {"position": {"minX": -19.5, "minY": 164.375, "maxX": 149.875, "maxY": 284.5}, "class_id": 1, "box_caption": "vn_1_line 0.036", "scores": {"class_score": 0.0362548828125}, "domain": "pixel"}, {"position": {"minX": 537.5, "minY": 151.25, "maxX": 651.5, "maxY": 272.75}, "class_id": 2, "box_caption": "vn_2_line 0.036", "scores": {"class_score": 0.036163330078125}, "domain": "pixel"}, {"position": {"minX": -21.3125, "minY": 131.5, "maxX": 153.0, "maxY": 254.0}, "class_id": 1, "box_caption": "vn_1_line 0.036", "scores": {"class_score": 0.036102294921875}, "domain": "pixel"}, {"position": {"minX": 257.0, "minY": 298.5, "maxX": 372.5, "maxY": 372.5}, "class_id": 0, "box_caption": "lao 0.036", "scores": {"class_score": 0.0360107421875}, "domain": "pixel"}, {"position": {"minX": -12.5625, "minY": 151.875, "maxX": 114.6875, "maxY": 269.5}, "class_id": 0, "box_caption": "lao 0.035", "scores": {"class_score": 0.035308837890625}, "domain": "pixel"}, {"position": {"minX": -22.75, "minY": 100.625, "maxX": 152.75, "maxY": 218.125}, "class_id": 1, "box_caption": "vn_1_line 0.035", "scores": {"class_score": 0.03509521484375}, "domain": "pixel"}, {"position": {"minX": 313.25, "minY": 29.625, "maxX": 477.75, "maxY": 114.75}, "class_id": 0, "box_caption": "lao 0.035", "scores": {"class_score": 0.0347900390625}, "domain": "pixel"}, {"position": {"minX": 22.875, "minY": 314.25, "maxX": 144.625, "maxY": 389.75}, "class_id": 1, "box_caption": "vn_1_line 0.035", "scores": {"class_score": 0.034759521484375}, "domain": "pixel"}, {"position": {"minX": 90.0625, "minY": 121.25, "maxX": 240.0, "maxY": 230.25}, "class_id": 0, "box_caption": "lao 0.034", "scores": {"class_score": 0.034454345703125}, "domain": "pixel"}, {"position": {"minX": 507.75, "minY": 188.0, "maxX": 660.0, "maxY": 291.5}, "class_id": 1, "box_caption": "vn_1_line 0.034", "scores": {"class_score": 0.03411865234375}, "domain": "pixel"}, {"position": {"minX": -19.875, "minY": 193.75, "maxX": 148.125, "maxY": 316.25}, "class_id": 1, "box_caption": "vn_1_line 0.034", "scores": {"class_score": 0.03387451171875}, "domain": "pixel"}, {"position": {"minX": 528.0, "minY": 215.75, "maxX": 629.0, "maxY": 316.25}, "class_id": 0, "box_caption": "lao 0.033", "scores": {"class_score": 0.033447265625}, "domain": "pixel"}, {"position": {"minX": 430.75, "minY": 0.90625, "maxX": 524.0, "maxY": 99.125}, "class_id": 0, "box_caption": "lao 0.033", "scores": {"class_score": 0.03338623046875}, "domain": "pixel"}, {"position": {"minX": 535.0, "minY": 190.25, "maxX": 678.0, "maxY": 325.25}, "class_id": 0, "box_caption": "lao 0.033", "scores": {"class_score": 0.03271484375}, "domain": "pixel"}, {"position": {"minX": -6.625, "minY": 67.0, "maxX": 175.75, "maxY": 185.125}, "class_id": 1, "box_caption": "vn_1_line 0.033", "scores": {"class_score": 0.032623291015625}, "domain": "pixel"}, {"position": {"minX": -21.125, "minY": 226.375, "maxX": 154.375, "maxY": 351.75}, "class_id": 1, "box_caption": "vn_1_line 0.033", "scores": {"class_score": 0.032562255859375}, "domain": "pixel"}, {"position": {"minX": 431.0, "minY": 296.25, "maxX": 534.0, "maxY": 360.25}, "class_id": 1, "box_caption": "vn_1_line 0.032", "scores": {"class_score": 0.03155517578125}, "domain": "pixel"}, {"position": {"minX": 213.25, "minY": 314.0, "maxX": 335.25, "maxY": 387.0}, "class_id": 1, "box_caption": "vn_1_line 0.031", "scores": {"class_score": 0.031402587890625}, "domain": "pixel"}, {"position": {"minX": 386.0, "minY": 13.375, "maxX": 529.5, "maxY": 122.625}, "class_id": 2, "box_caption": "vn_2_line 0.031", "scores": {"class_score": 0.0310821533203125}, "domain": "pixel"}, {"position": {"minX": 452.0, "minY": 287.25, "maxX": 561.0, "maxY": 360.25}, "class_id": 0, "box_caption": "lao 0.031", "scores": {"class_score": 0.0306396484375}, "domain": "pixel"}, {"position": {"minX": 30.375, "minY": 67.5625, "maxX": 200.375, "maxY": 186.25}, "class_id": 2, "box_caption": "vn_2_line 0.030", "scores": {"class_score": 0.0302886962890625}, "domain": "pixel"}, {"position": {"minX": -10.5, "minY": 217.875, "maxX": 112.5625, "maxY": 329.25}, "class_id": 0, "box_caption": "lao 0.030", "scores": {"class_score": 0.0297088623046875}, "domain": "pixel"}, {"position": {"minX": 23.375, "minY": 230.125, "maxX": 213.625, "maxY": 349.75}, "class_id": 2, "box_caption": "vn_2_line 0.029", "scores": {"class_score": 0.029205322265625}, "domain": "pixel"}, {"position": {"minX": 33.5, "minY": 39.71875, "maxX": 195.25, "maxY": 152.25}, "class_id": 1, "box_caption": "vn_1_line 0.029", "scores": {"class_score": 0.028839111328125}, "domain": "pixel"}, {"position": {"minX": 374.5, "minY": 307.75, "maxX": 473.5, "maxY": 378.75}, "class_id": 0, "box_caption": "lao 0.029", "scores": {"class_score": 0.028717041015625}, "domain": "pixel"}, {"position": {"minX": 291.0, "minY": 212.75, "maxX": 335.5, "maxY": 241.5}, "class_id": 1, "box_caption": "vn_1_line 0.028", "scores": {"class_score": 0.028167724609375}, "domain": "pixel"}, {"position": {"minX": 409.75, "minY": 28.0625, "maxX": 520.0, "maxY": 139.0}, "class_id": 0, "box_caption": "lao 0.028", "scores": {"class_score": 0.0279998779296875}, "domain": "pixel"}, {"position": {"minX": 119.8125, "minY": 20.875, "maxX": 275.25, "maxY": 102.625}, "class_id": 0, "box_caption": "lao 0.028", "scores": {"class_score": 0.0275421142578125}, "domain": "pixel"}, {"position": {"minX": 483.75, "minY": 311.75, "maxX": 607.0, "maxY": 389.75}, "class_id": 1, "box_caption": "vn_1_line 0.027", "scores": {"class_score": 0.027252197265625}, "domain": "pixel"}, {"position": {"minX": 532.0, "minY": 220.0, "maxX": 685.0, "maxY": 357.5}, "class_id": 2, "box_caption": "vn_2_line 0.027", "scores": {"class_score": 0.0271148681640625}, "domain": "pixel"}, {"position": {"minX": 119.75, "minY": 302.0, "maxX": 283.25, "maxY": 392.0}, "class_id": 1, "box_caption": "vn_1_line 0.027", "scores": {"class_score": 0.0270843505859375}, "domain": "pixel"}, {"position": {"minX": 532.0, "minY": 220.0, "maxX": 685.0, "maxY": 357.5}, "class_id": 0, "box_caption": "lao 0.027", "scores": {"class_score": 0.0270538330078125}, "domain": "pixel"}, {"position": {"minX": 104.0, "minY": 315.5, "maxX": 220.25, "maxY": 387.5}, "class_id": 1, "box_caption": "vn_1_line 0.027", "scores": {"class_score": 0.0269775390625}, "domain": "pixel"}, {"position": {"minX": 518.0, "minY": 312.75, "maxX": 637.0, "maxY": 389.25}, "class_id": 1, "box_caption": "vn_1_line 0.027", "scores": {"class_score": 0.02691650390625}, "domain": "pixel"}, {"position": {"minX": 25.625, "minY": 299.25, "maxX": 191.5, "maxY": 387.75}, "class_id": 1, "box_caption": "vn_1_line 0.027", "scores": {"class_score": 0.026611328125}, "domain": "pixel"}, {"position": {"minX": 22.75, "minY": 131.25, "maxX": 206.0, "maxY": 250.75}, "class_id": 2, "box_caption": "vn_2_line 0.026", "scores": {"class_score": 0.0264129638671875}, "domain": "pixel"}, {"position": {"minX": 14.875, "minY": 120.5, "maxX": 148.625, "maxY": 238.25}, "class_id": 0, "box_caption": "lao 0.026", "scores": {"class_score": 0.0263824462890625}, "domain": "pixel"}, {"position": {"minX": 640.0, "minY": 19.1875, "maxX": 678.0, "maxY": 69.1875}, "class_id": 2, "box_caption": "vn_2_line 0.026", "scores": {"class_score": 0.0262908935546875}, "domain": "pixel"}, {"position": {"minX": 449.25, "minY": 308.5, "maxX": 576.0, "maxY": 391.5}, "class_id": 1, "box_caption": "vn_1_line 0.026", "scores": {"class_score": 0.0262603759765625}, "domain": "pixel"}, {"position": {"minX": 85.3125, "minY": 268.0, "maxX": 276.75, "maxY": 378.0}, "class_id": 2, "box_caption": "vn_2_line 0.026", "scores": {"class_score": 0.0258026123046875}, "domain": "pixel"}, {"position": {"minX": 22.5625, "minY": 312.75, "maxX": 140.5, "maxY": 390.25}, "class_id": 0, "box_caption": "lao 0.025", "scores": {"class_score": 0.0254974365234375}, "domain": "pixel"}, {"position": {"minX": 30.53125, "minY": 57.1875, "maxX": 137.0, "maxY": 173.75}, "class_id": 0, "box_caption": "lao 0.025", "scores": {"class_score": 0.0254364013671875}, "domain": "pixel"}, {"position": {"minX": 25.6875, "minY": 100.375, "maxX": 206.0, "maxY": 217.625}, "class_id": 2, "box_caption": "vn_2_line 0.025", "scores": {"class_score": 0.025390625}, "domain": "pixel"}, {"position": {"minX": 135.25, "minY": 314.0, "maxX": 252.5, "maxY": 388.0}, "class_id": 1, "box_caption": "vn_1_line 0.025", "scores": {"class_score": 0.0250701904296875}, "domain": "pixel"}, {"position": {"minX": 367.75, "minY": 333.75, "maxX": 476.25, "maxY": 390.75}, "class_id": 1, "box_caption": "vn_1_line 0.025", "scores": {"class_score": 0.0249786376953125}, "domain": "pixel"}, {"position": {"minX": 640.5, "minY": 39.8125, "maxX": 676.5, "maxY": 80.5}, "class_id": 2, "box_caption": "vn_2_line 0.025", "scores": {"class_score": 0.02471923828125}, "domain": "pixel"}, {"position": {"minX": 22.75, "minY": 131.25, "maxX": 206.0, "maxY": 250.75}, "class_id": 1, "box_caption": "vn_1_line 0.025", "scores": {"class_score": 0.024566650390625}, "domain": "pixel"}, {"position": {"minX": 639.0, "minY": 11.65625, "maxX": 678.0, "maxY": 60.53125}, "class_id": 0, "box_caption": "lao 0.024", "scores": {"class_score": 0.0244140625}, "domain": "pixel"}, {"position": {"minX": 166.0, "minY": 47.65625, "maxX": 279.5, "maxY": 108.75}, "class_id": 1, "box_caption": "vn_1_line 0.024", "scores": {"class_score": 0.024383544921875}, "domain": "pixel"}, {"position": {"minX": 19.625, "minY": 161.5, "maxX": 210.625, "maxY": 284.0}, "class_id": 1, "box_caption": "vn_1_line 0.024", "scores": {"class_score": 0.0240631103515625}, "domain": "pixel"}, {"position": {"minX": 129.25, "minY": 219.625, "maxX": 259.25, "maxY": 314.5}, "class_id": 0, "box_caption": "lao 0.024", "scores": {"class_score": 0.024017333984375}, "domain": "pixel"}, {"position": {"minX": 1.40625, "minY": 84.875, "maxX": 123.0, "maxY": 194.875}, "class_id": 2, "box_caption": "vn_2_line 0.024", "scores": {"class_score": 0.023895263671875}, "domain": "pixel"}, {"position": {"minX": 524.5, "minY": 199.5, "maxX": 625.5, "maxY": 323.0}, "class_id": 2, "box_caption": "vn_2_line 0.024", "scores": {"class_score": 0.0238189697265625}, "domain": "pixel"}, {"position": {"minX": 532.0, "minY": 256.75, "maxX": 691.0, "maxY": 388.25}, "class_id": 2, "box_caption": "vn_2_line 0.024", "scores": {"class_score": 0.0238189697265625}, "domain": "pixel"}, {"position": {"minX": 438.25, "minY": 271.0, "maxX": 616.0, "maxY": 375.5}, "class_id": 2, "box_caption": "vn_2_line 0.024", "scores": {"class_score": 0.0237274169921875}, "domain": "pixel"}, {"position": {"minX": 19.625, "minY": 161.5, "maxX": 210.625, "maxY": 284.0}, "class_id": 2, "box_caption": "vn_2_line 0.024", "scores": {"class_score": 0.0236663818359375}, "domain": "pixel"}, {"position": {"minX": 257.0, "minY": 298.5, "maxX": 372.5, "maxY": 372.5}, "class_id": 1, "box_caption": "vn_1_line 0.023", "scores": {"class_score": 0.023345947265625}, "domain": "pixel"}, {"position": {"minX": -1.90625, "minY": 186.5, "maxX": 104.5, "maxY": 299.0}, "class_id": 0, "box_caption": "lao 0.023", "scores": {"class_score": 0.02325439453125}, "domain": "pixel"}, {"position": {"minX": 48.125, "minY": 88.0, "maxX": 178.0, "maxY": 204.75}, "class_id": 0, "box_caption": "lao 0.023", "scores": {"class_score": 0.02325439453125}, "domain": "pixel"}, {"position": {"minX": 409.75, "minY": 28.0625, "maxX": 520.0, "maxY": 139.0}, "class_id": 2, "box_caption": "vn_2_line 0.023", "scores": {"class_score": 0.023040771484375}, "domain": "pixel"}, {"position": {"minX": 509.25, "minY": 223.0, "maxX": 643.0, "maxY": 352.5}, "class_id": 2, "box_caption": "vn_2_line 0.023", "scores": {"class_score": 0.0230255126953125}, "domain": "pixel"}, {"position": {"minX": -13.84375, "minY": 287.5, "maxX": 115.625, "maxY": 392.5}, "class_id": 2, "box_caption": "vn_2_line 0.023", "scores": {"class_score": 0.02301025390625}, "domain": "pixel"}, {"position": {"minX": 175.75, "minY": 280.25, "maxX": 310.75, "maxY": 388.75}, "class_id": 1, "box_caption": "vn_1_line 0.023", "scores": {"class_score": 0.022979736328125}, "domain": "pixel"}, {"position": {"minX": 454.0, "minY": 285.75, "maxX": 545.0, "maxY": 337.75}, "class_id": 1, "box_caption": "vn_1_line 0.023", "scores": {"class_score": 0.0227203369140625}, "domain": "pixel"}, {"position": {"minX": 23.375, "minY": 230.125, "maxX": 213.625, "maxY": 349.75}, "class_id": 1, "box_caption": "vn_1_line 0.023", "scores": {"class_score": 0.0227203369140625}, "domain": "pixel"}, {"position": {"minX": 25.6875, "minY": 100.375, "maxX": 206.0, "maxY": 217.625}, "class_id": 1, "box_caption": "vn_1_line 0.022", "scores": {"class_score": 0.0221405029296875}, "domain": "pixel"}, {"position": {"minX": 127.4375, "minY": 187.375, "maxX": 248.25, "maxY": 286.0}, "class_id": 0, "box_caption": "lao 0.022", "scores": {"class_score": 0.0218658447265625}, "domain": "pixel"}, {"position": {"minX": 98.875, "minY": 31.78125, "maxX": 252.375, "maxY": 122.5}, "class_id": 1, "box_caption": "vn_1_line 0.022", "scores": {"class_score": 0.021728515625}, "domain": "pixel"}, {"position": {"minX": 397.75, "minY": 305.0, "maxX": 498.75, "maxY": 379.5}, "class_id": 0, "box_caption": "lao 0.022", "scores": {"class_score": 0.0216217041015625}, "domain": "pixel"}, {"position": {"minX": 641.5, "minY": -4.90625, "maxX": 677.5, "maxY": 76.75}, "class_id": 2, "box_caption": "vn_2_line 0.022", "scores": {"class_score": 0.02154541015625}, "domain": "pixel"}, {"position": {"minX": 89.0625, "minY": 164.5, "maxX": 253.25, "maxY": 289.75}, "class_id": 2, "box_caption": "vn_2_line 0.021", "scores": {"class_score": 0.02130126953125}, "domain": "pixel"}, {"position": {"minX": 20.375, "minY": -1.5625, "maxX": 160.875, "maxY": 108.5625}, "class_id": 2, "box_caption": "vn_2_line 0.021", "scores": {"class_score": 0.0212554931640625}, "domain": "pixel"}, {"position": {"minX": 20.875, "minY": 23.84375, "maxX": 171.0, "maxY": 131.625}, "class_id": 1, "box_caption": "vn_1_line 0.021", "scores": {"class_score": 0.0212249755859375}, "domain": "pixel"}, {"position": {"minX": 640.0, "minY": 55.1875, "maxX": 675.0, "maxY": 96.0625}, "class_id": 2, "box_caption": "vn_2_line 0.021", "scores": {"class_score": 0.021148681640625}, "domain": "pixel"}, {"position": {"minX": 81.875, "minY": 34.1875, "maxX": 203.875, "maxY": 141.0}, "class_id": 0, "box_caption": "lao 0.021", "scores": {"class_score": 0.0208740234375}, "domain": "pixel"}, {"position": {"minX": -14.9375, "minY": 243.25, "maxX": 115.5625, "maxY": 371.25}, "class_id": 0, "box_caption": "lao 0.021", "scores": {"class_score": 0.0206298828125}, "domain": "pixel"}, {"position": {"minX": 249.25, "minY": 317.5, "maxX": 366.75, "maxY": 384.0}, "class_id": 0, "box_caption": "lao 0.021", "scores": {"class_score": 0.0206298828125}, "domain": "pixel"}, {"position": {"minX": 21.25, "minY": 192.0, "maxX": 214.0, "maxY": 317.75}, "class_id": 1, "box_caption": "vn_1_line 0.020", "scores": {"class_score": 0.020355224609375}, "domain": "pixel"}, {"position": {"minX": 430.75, "minY": 296.5, "maxX": 530.0, "maxY": 380.0}, "class_id": 0, "box_caption": "lao 0.020", "scores": {"class_score": 0.0202178955078125}, "domain": "pixel"}, {"position": {"minX": 395.25, "minY": 8.46875, "maxX": 525.0, "maxY": 99.25}, "class_id": 1, "box_caption": "vn_1_line 0.020", "scores": {"class_score": 0.0197601318359375}, "domain": "pixel"}, {"position": {"minX": 160.5, "minY": 18.03125, "maxX": 257.0, "maxY": 99.0}, "class_id": 2, "box_caption": "vn_2_line 0.020", "scores": {"class_score": 0.0196685791015625}, "domain": "pixel"}, {"position": {"minX": 167.75, "minY": 315.0, "maxX": 287.75, "maxY": 390.5}, "class_id": 1, "box_caption": "vn_1_line 0.020", "scores": {"class_score": 0.0196685791015625}, "domain": "pixel"}, {"position": {"minX": 555.0, "minY": 164.25, "maxX": 646.0, "maxY": 244.25}, "class_id": 2, "box_caption": "vn_2_line 0.020", "scores": {"class_score": 0.01959228515625}, "domain": "pixel"}, {"position": {"minX": 86.375, "minY": 194.125, "maxX": 256.0, "maxY": 320.25}, "class_id": 2, "box_caption": "vn_2_line 0.020", "scores": {"class_score": 0.019561767578125}, "domain": "pixel"}, {"position": {"minX": 91.25, "minY": 139.5, "maxX": 243.75, "maxY": 259.25}, "class_id": 2, "box_caption": "vn_2_line 0.019", "scores": {"class_score": 0.019439697265625}, "domain": "pixel"}, {"position": {"minX": 422.75, "minY": 75.875, "maxX": 509.75, "maxY": 159.125}, "class_id": 0, "box_caption": "lao 0.019", "scores": {"class_score": 0.0193328857421875}, "domain": "pixel"}, {"position": {"minX": 321.0, "minY": 327.5, "maxX": 455.0, "maxY": 399.5}, "class_id": 1, "box_caption": "vn_1_line 0.019", "scores": {"class_score": 0.019256591796875}, "domain": "pixel"}, {"position": {"minX": 127.625, "minY": 163.25, "maxX": 243.875, "maxY": 251.0}, "class_id": 0, "box_caption": "lao 0.019", "scores": {"class_score": 0.0192108154296875}, "domain": "pixel"}, {"position": {"minX": 21.25, "minY": 192.0, "maxX": 214.0, "maxY": 317.75}, "class_id": 2, "box_caption": "vn_2_line 0.019", "scores": {"class_score": 0.019134521484375}, "domain": "pixel"}, {"position": {"minX": 339.0, "minY": 343.0, "maxX": 442.5, "maxY": 386.0}, "class_id": 1, "box_caption": "vn_1_line 0.019", "scores": {"class_score": 0.01910400390625}, "domain": "pixel"}, {"position": {"minX": -4.125, "minY": -13.6875, "maxX": 130.5, "maxY": 100.3125}, "class_id": 2, "box_caption": "vn_2_line 0.019", "scores": {"class_score": 0.01904296875}, "domain": "pixel"}, {"position": {"minX": 129.75, "minY": 255.25, "maxX": 281.75, "maxY": 358.25}, "class_id": 2, "box_caption": "vn_2_line 0.019", "scores": {"class_score": 0.018829345703125}, "domain": "pixel"}, {"position": {"minX": 91.5, "minY": 236.25, "maxX": 261.5, "maxY": 350.25}, "class_id": 2, "box_caption": "vn_2_line 0.019", "scores": {"class_score": 0.01873779296875}, "domain": "pixel"}, {"position": {"minX": 380.0, "minY": 73.75, "maxX": 519.0, "maxY": 184.5}, "class_id": 1, "box_caption": "vn_1_line 0.019", "scores": {"class_score": 0.018707275390625}, "domain": "pixel"}, {"position": {"minX": 554.0, "minY": 316.25, "maxX": 663.0, "maxY": 388.25}, "class_id": 1, "box_caption": "vn_1_line 0.019", "scores": {"class_score": 0.0185699462890625}, "domain": "pixel"}, {"position": {"minX": 98.875, "minY": 31.78125, "maxX": 252.375, "maxY": 122.5}, "class_id": 0, "box_caption": "lao 0.018", "scores": {"class_score": 0.0181732177734375}, "domain": "pixel"}, {"position": {"minX": 57.28125, "minY": 20.6875, "maxX": 145.375, "maxY": 97.4375}, "class_id": 0, "box_caption": "lao 0.018", "scores": {"class_score": 0.01806640625}, "domain": "pixel"}, {"position": {"minX": 428.75, "minY": 275.5, "maxX": 562.0, "maxY": 396.0}, "class_id": 2, "box_caption": "vn_2_line 0.018", "scores": {"class_score": 0.01800537109375}, "domain": "pixel"}, {"position": {"minX": 138.0, "minY": 253.5, "maxX": 274.0, "maxY": 357.5}, "class_id": 0, "box_caption": "lao 0.018", "scores": {"class_score": 0.017791748046875}, "domain": "pixel"}, {"position": {"minX": 66.9375, "minY": 119.25, "maxX": 191.0, "maxY": 239.0}, "class_id": 0, "box_caption": "lao 0.018", "scores": {"class_score": 0.0176849365234375}, "domain": "pixel"}, {"position": {"minX": 474.75, "minY": 0.5625, "maxX": 519.0, "maxY": 33.8125}, "class_id": 0, "box_caption": "lao 0.018", "scores": {"class_score": 0.01763916015625}, "domain": "pixel"}, {"position": {"minX": 16.625, "minY": 277.25, "maxX": 146.125, "maxY": 399.75}, "class_id": 2, "box_caption": "vn_2_line 0.018", "scores": {"class_score": 0.0176239013671875}, "domain": "pixel"}, {"position": {"minX": 53.75, "minY": 68.625, "maxX": 222.25, "maxY": 192.375}, "class_id": 1, "box_caption": "vn_1_line 0.017", "scores": {"class_score": 0.017303466796875}, "domain": "pixel"}, {"position": {"minX": 228.875, "minY": 16.28125, "maxX": 354.5, "maxY": 82.875}, "class_id": 1, "box_caption": "vn_1_line 0.017", "scores": {"class_score": 0.0172882080078125}, "domain": "pixel"}, {"position": {"minX": 25.53125, "minY": 36.59375, "maxX": 147.5, "maxY": 163.125}, "class_id": 2, "box_caption": "vn_2_line 0.017", "scores": {"class_score": 0.0172882080078125}, "domain": "pixel"}, {"position": {"minX": 96.375, "minY": 47.375, "maxX": 228.625, "maxY": 159.625}, "class_id": 0, "box_caption": "lao 0.017", "scores": {"class_score": 0.0169830322265625}, "domain": "pixel"}, {"position": {"minX": 528.0, "minY": 163.75, "maxX": 663.0, "maxY": 262.75}, "class_id": 1, "box_caption": "vn_1_line 0.017", "scores": {"class_score": 0.0169677734375}, "domain": "pixel"}, {"position": {"minX": 188.125, "minY": 28.90625, "maxX": 285.0, "maxY": 91.75}, "class_id": 0, "box_caption": "lao 0.017", "scores": {"class_score": 0.0168914794921875}, "domain": "pixel"}, {"position": {"minX": 29.9375, "minY": 152.0, "maxX": 164.25, "maxY": 269.5}, "class_id": 0, "box_caption": "lao 0.017", "scores": {"class_score": 0.016815185546875}, "domain": "pixel"}, {"position": {"minX": 72.0, "minY": 316.75, "maxX": 188.25, "maxY": 386.75}, "class_id": 0, "box_caption": "lao 0.017", "scores": {"class_score": 0.01678466796875}, "domain": "pixel"}, {"position": {"minX": 156.625, "minY": 278.5, "maxX": 328.0, "maxY": 383.5}, "class_id": 2, "box_caption": "vn_2_line 0.017", "scores": {"class_score": 0.01678466796875}, "domain": "pixel"}, {"position": {"minX": 65.1875, "minY": 153.75, "maxX": 193.75, "maxY": 267.25}, "class_id": 0, "box_caption": "lao 0.016", "scores": {"class_score": 0.0161895751953125}, "domain": "pixel"}, {"position": {"minX": 361.0, "minY": 54.0625, "maxX": 535.0, "maxY": 159.5}, "class_id": 1, "box_caption": "vn_1_line 0.016", "scores": {"class_score": 0.0161895751953125}, "domain": "pixel"}, {"position": {"minX": 494.25, "minY": 246.875, "maxX": 603.5, "maxY": 371.5}, "class_id": 0, "box_caption": "lao 0.016", "scores": {"class_score": 0.0161285400390625}, "domain": "pixel"}, {"position": {"minX": 26.15625, "minY": 87.875, "maxX": 152.625, "maxY": 184.875}, "class_id": 0, "box_caption": "lao 0.016", "scores": {"class_score": 0.0160369873046875}, "domain": "pixel"}, {"position": {"minX": 370.25, "minY": 32.125, "maxX": 501.25, "maxY": 137.375}, "class_id": 0, "box_caption": "lao 0.016", "scores": {"class_score": 0.0160369873046875}, "domain": "pixel"}, {"position": {"minX": 91.5, "minY": 236.25, "maxX": 261.5, "maxY": 350.25}, "class_id": 1, "box_caption": "vn_1_line 0.016", "scores": {"class_score": 0.016021728515625}, "domain": "pixel"}, {"position": {"minX": 12.0625, "minY": 184.375, "maxX": 134.25, "maxY": 282.5}, "class_id": 0, "box_caption": "lao 0.016", "scores": {"class_score": 0.0159759521484375}, "domain": "pixel"}, {"position": {"minX": 642.0, "minY": -4.4296875, "maxX": 670.0, "maxY": 24.03125}, "class_id": 0, "box_caption": "lao 0.016", "scores": {"class_score": 0.0157623291015625}, "domain": "pixel"}, {"position": {"minX": 48.25, "minY": 41.6875, "maxX": 157.0, "maxY": 136.0}, "class_id": 0, "box_caption": "lao 0.016", "scores": {"class_score": 0.0157623291015625}, "domain": "pixel"}, {"position": {"minX": 298.75, "minY": 325.25, "maxX": 401.75, "maxY": 385.75}, "class_id": 1, "box_caption": "vn_1_line 0.016", "scores": {"class_score": 0.01555633544921875}, "domain": "pixel"}, {"position": {"minX": 43.3125, "minY": 8.1875, "maxX": 177.75, "maxY": 108.5625}, "class_id": 1, "box_caption": "vn_1_line 0.015", "scores": {"class_score": 0.01546478271484375}, "domain": "pixel"}, {"position": {"minX": 31.0, "minY": 183.5, "maxX": 162.75, "maxY": 302.25}, "class_id": 0, "box_caption": "lao 0.015", "scores": {"class_score": 0.0153656005859375}, "domain": "pixel"}, {"position": {"minX": 430.75, "minY": 0.90625, "maxX": 524.0, "maxY": 99.125}, "class_id": 2, "box_caption": "vn_2_line 0.015", "scores": {"class_score": 0.0152130126953125}, "domain": "pixel"}, {"position": {"minX": 628.0, "minY": -1.5625, "maxX": 675.0, "maxY": 78.3125}, "class_id": 0, "box_caption": "lao 0.015", "scores": {"class_score": 0.01511383056640625}, "domain": "pixel"}, {"position": {"minX": 435.5, "minY": 299.25, "maxX": 607.5, "maxY": 388.75}, "class_id": 0, "box_caption": "lao 0.015", "scores": {"class_score": 0.014923095703125}, "domain": "pixel"}, {"position": {"minX": 22.375, "minY": 245.375, "maxX": 146.125, "maxY": 370.5}, "class_id": 0, "box_caption": "lao 0.015", "scores": {"class_score": 0.014892578125}, "domain": "pixel"}, {"position": {"minX": 558.0, "minY": 296.0, "maxX": 664.0, "maxY": 389.0}, "class_id": 0, "box_caption": "lao 0.015", "scores": {"class_score": 0.0147857666015625}, "domain": "pixel"}, {"position": {"minX": 91.25, "minY": 139.5, "maxX": 243.75, "maxY": 259.25}, "class_id": 1, "box_caption": "vn_1_line 0.015", "scores": {"class_score": 0.01461029052734375}, "domain": "pixel"}, {"position": {"minX": 86.375, "minY": 194.125, "maxX": 256.0, "maxY": 320.25}, "class_id": 1, "box_caption": "vn_1_line 0.014", "scores": {"class_score": 0.014495849609375}, "domain": "pixel"}, {"position": {"minX": 59.0, "minY": 45.15625, "maxX": 219.0, "maxY": 159.375}, "class_id": 2, "box_caption": "vn_2_line 0.014", "scores": {"class_score": 0.01441192626953125}, "domain": "pixel"}, {"position": {"minX": 641.0, "minY": 30.765625, "maxX": 675.0, "maxY": 74.0625}, "class_id": 0, "box_caption": "lao 0.014", "scores": {"class_score": 0.014251708984375}, "domain": "pixel"}, {"position": {"minX": 422.5, "minY": 91.625, "maxX": 508.5, "maxY": 172.125}, "class_id": 2, "box_caption": "vn_2_line 0.014", "scores": {"class_score": 0.014190673828125}, "domain": "pixel"}, {"position": {"minX": 3.125, "minY": -5.6875, "maxX": 102.75, "maxY": 72.1875}, "class_id": 0, "box_caption": "lao 0.014", "scores": {"class_score": 0.01409912109375}, "domain": "pixel"}, {"position": {"minX": 314.75, "minY": 334.0, "maxX": 418.25, "maxY": 390.0}, "class_id": 1, "box_caption": "vn_1_line 0.014", "scores": {"class_score": 0.01403045654296875}, "domain": "pixel"}, {"position": {"minX": 521.0, "minY": 240.125, "maxX": 614.0, "maxY": 322.5}, "class_id": 0, "box_caption": "lao 0.014", "scores": {"class_score": 0.0138092041015625}, "domain": "pixel"}, {"position": {"minX": 289.5, "minY": 208.25, "maxX": 340.5, "maxY": 235.0}, "class_id": 1, "box_caption": "vn_1_line 0.014", "scores": {"class_score": 0.01378631591796875}, "domain": "pixel"}, {"position": {"minX": -10.0625, "minY": 104.75, "maxX": 101.8125, "maxY": 226.75}, "class_id": 2, "box_caption": "vn_2_line 0.014", "scores": {"class_score": 0.01373291015625}, "domain": "pixel"}, {"position": {"minX": 315.75, "minY": 19.5, "maxX": 415.25, "maxY": 87.125}, "class_id": 0, "box_caption": "lao 0.014", "scores": {"class_score": 0.0135498046875}, "domain": "pixel"}, {"position": {"minX": 636.0, "minY": 0.0625, "maxX": 681.0, "maxY": 49.75}, "class_id": 0, "box_caption": "lao 0.014", "scores": {"class_score": 0.0135498046875}, "domain": "pixel"}, {"position": {"minX": 89.0625, "minY": 164.5, "maxX": 253.25, "maxY": 289.75}, "class_id": 1, "box_caption": "vn_1_line 0.013", "scores": {"class_score": 0.01349639892578125}, "domain": "pixel"}, {"position": {"minX": 24.6875, "minY": -4.5625, "maxX": 134.5, "maxY": 77.6875}, "class_id": 0, "box_caption": "lao 0.013", "scores": {"class_score": 0.01331329345703125}, "domain": "pixel"}, {"position": {"minX": 427.0, "minY": 4.90625, "maxX": 525.0, "maxY": 74.0}, "class_id": 1, "box_caption": "vn_1_line 0.013", "scores": {"class_score": 0.01324462890625}, "domain": "pixel"}, {"position": {"minX": 197.125, "minY": 0.71875, "maxX": 293.0, "maxY": 77.625}, "class_id": 1, "box_caption": "vn_1_line 0.013", "scores": {"class_score": 0.013214111328125}, "domain": "pixel"}, {"position": {"minX": 2.96875, "minY": 122.6875, "maxX": 95.125, "maxY": 213.5}, "class_id": 0, "box_caption": "lao 0.013", "scores": {"class_score": 0.0131988525390625}, "domain": "pixel"}, {"position": {"minX": 414.5, "minY": 17.59375, "maxX": 511.5, "maxY": 88.75}, "class_id": 0, "box_caption": "lao 0.013", "scores": {"class_score": 0.01316070556640625}, "domain": "pixel"}, {"position": {"minX": 532.0, "minY": 256.75, "maxX": 691.0, "maxY": 388.25}, "class_id": 1, "box_caption": "vn_1_line 0.013", "scores": {"class_score": 0.0130767822265625}, "domain": "pixel"}, {"position": {"minX": 518.0, "minY": 312.75, "maxX": 637.0, "maxY": 389.25}, "class_id": 0, "box_caption": "lao 0.013", "scores": {"class_score": 0.01302337646484375}, "domain": "pixel"}, {"position": {"minX": 88.5, "minY": 218.5, "maxX": 207.75, "maxY": 330.5}, "class_id": 0, "box_caption": "lao 0.013", "scores": {"class_score": 0.01279449462890625}, "domain": "pixel"}, {"position": {"minX": 552.0, "minY": 283.0, "maxX": 665.0, "maxY": 395.0}, "class_id": 2, "box_caption": "vn_2_line 0.013", "scores": {"class_score": 0.0127716064453125}, "domain": "pixel"}, {"position": {"minX": 101.0, "minY": 180.125, "maxX": 224.25, "maxY": 305.25}, "class_id": 0, "box_caption": "lao 0.013", "scores": {"class_score": 0.01268768310546875}, "domain": "pixel"}, {"position": {"minX": 441.5, "minY": 276.0, "maxX": 553.5, "maxY": 387.5}, "class_id": 1, "box_caption": "vn_1_line 0.013", "scores": {"class_score": 0.01267242431640625}, "domain": "pixel"}, {"position": {"minX": 349.0, "minY": 25.125, "maxX": 469.5, "maxY": 95.25}, "class_id": 0, "box_caption": "lao 0.013", "scores": {"class_score": 0.0126190185546875}, "domain": "pixel"}, {"position": {"minX": 453.5, "minY": -0.5, "maxX": 520.5, "maxY": 54.34375}, "class_id": 0, "box_caption": "lao 0.013", "scores": {"class_score": 0.01258087158203125}, "domain": "pixel"}, {"position": {"minX": 135.25, "minY": 314.0, "maxX": 252.5, "maxY": 388.0}, "class_id": 0, "box_caption": "lao 0.013", "scores": {"class_score": 0.01258087158203125}, "domain": "pixel"}, {"position": {"minX": -4.8125, "minY": 294.0, "maxX": 81.8125, "maxY": 372.0}, "class_id": 0, "box_caption": "lao 0.013", "scores": {"class_score": 0.01256561279296875}, "domain": "pixel"}, {"position": {"minX": -0.84375, "minY": 0.875, "maxX": 76.5, "maxY": 52.375}, "class_id": 0, "box_caption": "lao 0.013", "scores": {"class_score": 0.0125579833984375}, "domain": "pixel"}, {"position": {"minX": 96.375, "minY": 47.375, "maxX": 228.625, "maxY": 159.625}, "class_id": 1, "box_caption": "vn_1_line 0.012", "scores": {"class_score": 0.0124969482421875}, "domain": "pixel"}, {"position": {"minX": 127.4375, "minY": 187.375, "maxX": 248.25, "maxY": 286.0}, "class_id": 2, "box_caption": "vn_2_line 0.012", "scores": {"class_score": 0.01239013671875}, "domain": "pixel"}, {"position": {"minX": 559.5, "minY": 192.5, "maxX": 657.5, "maxY": 277.0}, "class_id": 2, "box_caption": "vn_2_line 0.012", "scores": {"class_score": 0.012298583984375}, "domain": "pixel"}, {"position": {"minX": -9.375, "minY": 184.625, "maxX": 100.875, "maxY": 306.5}, "class_id": 2, "box_caption": "vn_2_line 0.012", "scores": {"class_score": 0.012298583984375}, "domain": "pixel"}, {"position": {"minX": -8.5, "minY": 137.0, "maxX": 100.25, "maxY": 257.0}, "class_id": 2, "box_caption": "vn_2_line 0.012", "scores": {"class_score": 0.01214599609375}, "domain": "pixel"}, {"position": {"minX": 42.59375, "minY": 138.5, "maxX": 167.875, "maxY": 233.75}, "class_id": 0, "box_caption": "lao 0.012", "scores": {"class_score": 0.01210784912109375}, "domain": "pixel"}, {"position": {"minX": 104.0, "minY": 315.5, "maxX": 220.25, "maxY": 387.5}, "class_id": 0, "box_caption": "lao 0.012", "scores": {"class_score": 0.0120697021484375}, "domain": "pixel"}, {"position": {"minX": 81.875, "minY": 34.1875, "maxX": 203.875, "maxY": 141.0}, "class_id": 1, "box_caption": "vn_1_line 0.012", "scores": {"class_score": 0.0120697021484375}, "domain": "pixel"}, {"position": {"minX": 277.5, "minY": 306.25, "maxX": 358.5, "maxY": 365.75}, "class_id": 0, "box_caption": "lao 0.012", "scores": {"class_score": 0.0120391845703125}, "domain": "pixel"}, {"position": {"minX": 553.5, "minY": 157.125, "maxX": 648.5, "maxY": 237.875}, "class_id": 0, "box_caption": "lao 0.012", "scores": {"class_score": 0.0120086669921875}, "domain": "pixel"}, {"position": {"minX": 413.0, "minY": 7.1875, "maxX": 535.0, "maxY": 74.625}, "class_id": 0, "box_caption": "lao 0.012", "scores": {"class_score": 0.0120086669921875}, "domain": "pixel"}, {"position": {"minX": 232.375, "minY": 22.8125, "maxX": 316.25, "maxY": 73.5625}, "class_id": 1, "box_caption": "vn_1_line 0.012", "scores": {"class_score": 0.01198577880859375}, "domain": "pixel"}, {"position": {"minX": 129.25, "minY": 219.625, "maxX": 259.25, "maxY": 314.5}, "class_id": 2, "box_caption": "vn_2_line 0.012", "scores": {"class_score": 0.011962890625}, "domain": "pixel"}, {"position": {"minX": 397.75, "minY": 26.25, "maxX": 496.75, "maxY": 96.875}, "class_id": 0, "box_caption": "lao 0.012", "scores": {"class_score": 0.011932373046875}, "domain": "pixel"}, {"position": {"minX": 385.75, "minY": 328.75, "maxX": 513.0, "maxY": 399.75}, "class_id": 1, "box_caption": "vn_1_line 0.012", "scores": {"class_score": 0.0119171142578125}, "domain": "pixel"}, {"position": {"minX": 291.0, "minY": 212.75, "maxX": 335.5, "maxY": 241.5}, "class_id": 0, "box_caption": "lao 0.012", "scores": {"class_score": 0.01187896728515625}, "domain": "pixel"}, {"position": {"minX": 511.75, "minY": 279.5, "maxX": 642.0, "maxY": 395.5}, "class_id": 2, "box_caption": "vn_2_line 0.012", "scores": {"class_score": 0.0118255615234375}, "domain": "pixel"}, {"position": {"minX": 100.125, "minY": 155.0, "maxX": 224.375, "maxY": 268.0}, "class_id": 0, "box_caption": "lao 0.012", "scores": {"class_score": 0.011749267578125}, "domain": "pixel"}, {"position": {"minX": 19.1875, "minY": 212.25, "maxX": 145.75, "maxY": 334.75}, "class_id": 0, "box_caption": "lao 0.012", "scores": {"class_score": 0.01171112060546875}, "domain": "pixel"}], "class_labels": {"0": "lao", "1": "vn_1_line", "2": "vn_2_line"}}