{"box_data": [{"position": {"minX": 324.5, "minY": 79.375, "maxX": 395.5, "maxY": 109.25}, "class_id": 1, "box_caption": "vn_1_line 0.875", "scores": {"class_score": 0.87548828125}, "domain": "pixel"}, {"position": {"minX": 319.75, "minY": 71.5625, "maxX": 394.25, "maxY": 121.5625}, "class_id": 1, "box_caption": "vn_1_line 0.655", "scores": {"class_score": 0.6552734375}, "domain": "pixel"}, {"position": {"minX": 321.0, "minY": 83.6875, "maxX": 413.5, "maxY": 119.3125}, "class_id": 1, "box_caption": "vn_1_line 0.201", "scores": {"class_score": 0.201171875}, "domain": "pixel"}, {"position": {"minX": 307.5, "minY": 83.4375, "maxX": 374.5, "maxY": 109.3125}, "class_id": 1, "box_caption": "vn_1_line 0.194", "scores": {"class_score": 0.1943359375}, "domain": "pixel"}, {"position": {"minX": 1.0390625, "minY": -13.921875, "maxX": 15.9921875, "maxY": 57.5}, "class_id": 0, "box_caption": "lao 0.155", "scores": {"class_score": 0.15478515625}, "domain": "pixel"}, {"position": {"minX": 340.5, "minY": 76.9375, "maxX": 411.0, "maxY": 112.6875}, "class_id": 1, "box_caption": "vn_1_line 0.145", "scores": {"class_score": 0.145263671875}, "domain": "pixel"}, {"position": {"minX": 1.2890625, "minY": 3.484375, "maxX": 17.625, "maxY": 33.9375}, "class_id": 0, "box_caption": "lao 0.094", "scores": {"class_score": 0.0938720703125}, "domain": "pixel"}, {"position": {"minX": 655.5, "minY": -10.15625, "maxX": 669.5, "maxY": 58.03125}, "class_id": 0, "box_caption": "lao 0.090", "scores": {"class_score": 0.0899658203125}, "domain": "pixel"}, {"position": {"minX": 1.0390625, "minY": -13.921875, "maxX": 15.9921875, "maxY": 57.5}, "class_id": 2, "box_caption": "vn_2_line 0.066", "scores": {"class_score": 0.06646728515625}, "domain": "pixel"}, {"position": {"minX": 638.5, "minY": 13.046875, "maxX": 675.5, "maxY": 71.4375}, "class_id": 0, "box_caption": "lao 0.064", "scores": {"class_score": 0.064453125}, "domain": "pixel"}, {"position": {"minX": 272.25, "minY": 5.2890625, "maxX": 309.25, "maxY": 28.34375}, "class_id": 0, "box_caption": "lao 0.063", "scores": {"class_score": 0.0633544921875}, "domain": "pixel"}, {"position": {"minX": 344.5, "minY": 86.4375, "maxX": 418.5, "maxY": 116.1875}, "class_id": 1, "box_caption": "vn_1_line 0.063", "scores": {"class_score": 0.06268310546875}, "domain": "pixel"}, {"position": {"minX": 638.0, "minY": 265.75, "maxX": 677.0, "maxY": 330.25}, "class_id": 0, "box_caption": "lao 0.059", "scores": {"class_score": 0.0592041015625}, "domain": "pixel"}, {"position": {"minX": 638.5, "minY": 296.25, "maxX": 677.5, "maxY": 360.75}, "class_id": 0, "box_caption": "lao 0.057", "scores": {"class_score": 0.05731201171875}, "domain": "pixel"}, {"position": {"minX": 638.5, "minY": 170.375, "maxX": 676.5, "maxY": 232.875}, "class_id": 0, "box_caption": "lao 0.057", "scores": {"class_score": 0.05694580078125}, "domain": "pixel"}, {"position": {"minX": 638.5, "minY": 232.625, "maxX": 677.5, "maxY": 297.5}, "class_id": 0, "box_caption": "lao 0.057", "scores": {"class_score": 0.056640625}, "domain": "pixel"}, {"position": {"minX": 638.5, "minY": 74.375, "maxX": 676.5, "maxY": 136.875}, "class_id": 0, "box_caption": "lao 0.056", "scores": {"class_score": 0.056427001953125}, "domain": "pixel"}, {"position": {"minX": 638.5, "minY": 138.375, "maxX": 676.5, "maxY": 200.875}, "class_id": 0, "box_caption": "lao 0.056", "scores": {"class_score": 0.055877685546875}, "domain": "pixel"}, {"position": {"minX": 638.5, "minY": 106.25, "maxX": 676.5, "maxY": 168.75}, "class_id": 0, "box_caption": "lao 0.055", "scores": {"class_score": 0.05548095703125}, "domain": "pixel"}, {"position": {"minX": 638.5, "minY": 42.0625, "maxX": 676.5, "maxY": 104.3125}, "class_id": 0, "box_caption": "lao 0.055", "scores": {"class_score": 0.05535888671875}, "domain": "pixel"}, {"position": {"minX": 321.5, "minY": 81.3125, "maxX": 398.0, "maxY": 112.0625}, "class_id": 0, "box_caption": "lao 0.054", "scores": {"class_score": 0.054443359375}, "domain": "pixel"}, {"position": {"minX": 638.0, "minY": 201.75, "maxX": 677.0, "maxY": 265.25}, "class_id": 0, "box_caption": "lao 0.054", "scores": {"class_score": 0.053558349609375}, "domain": "pixel"}, {"position": {"minX": 655.5, "minY": 1.71875, "maxX": 674.5, "maxY": 41.34375}, "class_id": 0, "box_caption": "lao 0.049", "scores": {"class_score": 0.048858642578125}, "domain": "pixel"}, {"position": {"minX": -2.65625, "minY": 0.6875, "maxX": 21.4375, "maxY": 31.15625}, "class_id": 0, "box_caption": "lao 0.046", "scores": {"class_score": 0.046173095703125}, "domain": "pixel"}, {"position": {"minX": 313.25, "minY": 80.5625, "maxX": 385.75, "maxY": 111.3125}, "class_id": 2, "box_caption": "vn_2_line 0.046", "scores": {"class_score": 0.045684814453125}, "domain": "pixel"}, {"position": {"minX": 319.75, "minY": 71.5625, "maxX": 394.25, "maxY": 121.5625}, "class_id": 0, "box_caption": "lao 0.043", "scores": {"class_score": 0.04266357421875}, "domain": "pixel"}, {"position": {"minX": 1.4609375, "minY": 314.5, "maxX": 16.65625, "maxY": 390.5}, "class_id": 0, "box_caption": "lao 0.042", "scores": {"class_score": 0.04217529296875}, "domain": "pixel"}, {"position": {"minX": 2.2578125, "minY": 274.25, "maxX": 16.46875, "maxY": 372.75}, "class_id": 0, "box_caption": "lao 0.041", "scores": {"class_score": 0.040985107421875}, "domain": "pixel"}, {"position": {"minX": 340.5, "minY": 76.9375, "maxX": 411.0, "maxY": 112.6875}, "class_id": 0, "box_caption": "lao 0.040", "scores": {"class_score": 0.040374755859375}, "domain": "pixel"}, {"position": {"minX": 2.30859375, "minY": 194.25, "maxX": 16.34375, "maxY": 292.5}, "class_id": 0, "box_caption": "lao 0.040", "scores": {"class_score": 0.040008544921875}, "domain": "pixel"}, {"position": {"minX": -7.5, "minY": 303.75, "maxX": 29.40625, "maxY": 360.75}, "class_id": 0, "box_caption": "lao 0.040", "scores": {"class_score": 0.039642333984375}, "domain": "pixel"}, {"position": {"minX": 2.3671875, "minY": 162.125, "maxX": 16.34375, "maxY": 260.5}, "class_id": 0, "box_caption": "lao 0.039", "scores": {"class_score": 0.03948974609375}, "domain": "pixel"}, {"position": {"minX": 2.26171875, "minY": 242.25, "maxX": 16.484375, "maxY": 340.25}, "class_id": 0, "box_caption": "lao 0.039", "scores": {"class_score": 0.039459228515625}, "domain": "pixel"}, {"position": {"minX": 2.3125, "minY": 18.15625, "maxX": 16.3125, "maxY": 116.375}, "class_id": 0, "box_caption": "lao 0.039", "scores": {"class_score": 0.039154052734375}, "domain": "pixel"}, {"position": {"minX": 2.375, "minY": 130.125, "maxX": 16.375, "maxY": 228.375}, "class_id": 0, "box_caption": "lao 0.039", "scores": {"class_score": 0.03912353515625}, "domain": "pixel"}, {"position": {"minX": 2.27734375, "minY": 66.25, "maxX": 16.375, "maxY": 164.25}, "class_id": 0, "box_caption": "lao 0.039", "scores": {"class_score": 0.039093017578125}, "domain": "pixel"}, {"position": {"minX": 2.24609375, "minY": 98.25, "maxX": 16.34375, "maxY": 196.5}, "class_id": 0, "box_caption": "lao 0.039", "scores": {"class_score": 0.03900146484375}, "domain": "pixel"}, {"position": {"minX": -1.5703125, "minY": 9.078125, "maxX": 16.84375, "maxY": 43.9375}, "class_id": 0, "box_caption": "lao 0.036", "scores": {"class_score": 0.03582763671875}, "domain": "pixel"}, {"position": {"minX": 652.0, "minY": -6.203125, "maxX": 671.0, "maxY": 37.6875}, "class_id": 0, "box_caption": "lao 0.036", "scores": {"class_score": 0.035797119140625}, "domain": "pixel"}, {"position": {"minX": 655.5, "minY": -10.15625, "maxX": 669.5, "maxY": 58.03125}, "class_id": 2, "box_caption": "vn_2_line 0.035", "scores": {"class_score": 0.035430908203125}, "domain": "pixel"}, {"position": {"minX": -7.625, "minY": 271.75, "maxX": 29.71875, "maxY": 330.25}, "class_id": 0, "box_caption": "lao 0.035", "scores": {"class_score": 0.035430908203125}, "domain": "pixel"}, {"position": {"minX": -7.53125, "minY": 239.375, "maxX": 29.8125, "maxY": 297.5}, "class_id": 0, "box_caption": "lao 0.035", "scores": {"class_score": 0.0350341796875}, "domain": "pixel"}, {"position": {"minX": -7.734375, "minY": 111.8125, "maxX": 30.140625, "maxY": 169.625}, "class_id": 0, "box_caption": "lao 0.035", "scores": {"class_score": 0.03485107421875}, "domain": "pixel"}, {"position": {"minX": -7.4375, "minY": 143.875, "maxX": 30.09375, "maxY": 201.625}, "class_id": 0, "box_caption": "lao 0.035", "scores": {"class_score": 0.03485107421875}, "domain": "pixel"}, {"position": {"minX": -7.625, "minY": 175.625, "maxX": 30.0, "maxY": 233.375}, "class_id": 0, "box_caption": "lao 0.035", "scores": {"class_score": 0.03466796875}, "domain": "pixel"}, {"position": {"minX": -7.453125, "minY": 207.75, "maxX": 29.953125, "maxY": 265.75}, "class_id": 0, "box_caption": "lao 0.035", "scores": {"class_score": 0.034637451171875}, "domain": "pixel"}, {"position": {"minX": -7.8125, "minY": 79.75, "maxX": 30.09375, "maxY": 137.375}, "class_id": 0, "box_caption": "lao 0.034", "scores": {"class_score": 0.0343017578125}, "domain": "pixel"}, {"position": {"minX": 332.0, "minY": 73.875, "maxX": 393.0, "maxY": 121.875}, "class_id": 2, "box_caption": "vn_2_line 0.034", "scores": {"class_score": 0.034027099609375}, "domain": "pixel"}, {"position": {"minX": -8.0625, "minY": 48.96875, "maxX": 29.34375, "maxY": 105.75}, "class_id": 0, "box_caption": "lao 0.034", "scores": {"class_score": 0.03363037109375}, "domain": "pixel"}, {"position": {"minX": -7.859375, "minY": 19.6875, "maxX": 28.890625, "maxY": 73.875}, "class_id": 0, "box_caption": "lao 0.033", "scores": {"class_score": 0.03314208984375}, "domain": "pixel"}, {"position": {"minX": 308.5, "minY": 79.375, "maxX": 378.0, "maxY": 109.25}, "class_id": 0, "box_caption": "lao 0.033", "scores": {"class_score": 0.0325927734375}, "domain": "pixel"}, {"position": {"minX": 1.4609375, "minY": 314.5, "maxX": 16.65625, "maxY": 390.5}, "class_id": 2, "box_caption": "vn_2_line 0.031", "scores": {"class_score": 0.0305938720703125}, "domain": "pixel"}, {"position": {"minX": -7.1875, "minY": 5.1875, "maxX": 31.375, "maxY": 50.125}, "class_id": 0, "box_caption": "lao 0.030", "scores": {"class_score": 0.0301666259765625}, "domain": "pixel"}, {"position": {"minX": 656.0, "minY": 7.046875, "maxX": 674.0, "maxY": 48.5625}, "class_id": 2, "box_caption": "vn_2_line 0.029", "scores": {"class_score": 0.02947998046875}, "domain": "pixel"}, {"position": {"minX": 2.2578125, "minY": 274.25, "maxX": 16.46875, "maxY": 372.75}, "class_id": 2, "box_caption": "vn_2_line 0.029", "scores": {"class_score": 0.02935791015625}, "domain": "pixel"}, {"position": {"minX": 2.30859375, "minY": 194.25, "maxX": 16.34375, "maxY": 292.5}, "class_id": 2, "box_caption": "vn_2_line 0.029", "scores": {"class_score": 0.028839111328125}, "domain": "pixel"}, {"position": {"minX": 2.3359375, "minY": 34.0, "maxX": 16.3125, "maxY": 132.5}, "class_id": 2, "box_caption": "vn_2_line 0.028", "scores": {"class_score": 0.0284271240234375}, "domain": "pixel"}, {"position": {"minX": 2.375, "minY": 130.125, "maxX": 16.375, "maxY": 228.375}, "class_id": 2, "box_caption": "vn_2_line 0.028", "scores": {"class_score": 0.028411865234375}, "domain": "pixel"}, {"position": {"minX": 2.3203125, "minY": 226.25, "maxX": 16.46875, "maxY": 324.25}, "class_id": 2, "box_caption": "vn_2_line 0.028", "scores": {"class_score": 0.028411865234375}, "domain": "pixel"}, {"position": {"minX": 2.3671875, "minY": 162.125, "maxX": 16.34375, "maxY": 260.5}, "class_id": 2, "box_caption": "vn_2_line 0.028", "scores": {"class_score": 0.0283203125}, "domain": "pixel"}, {"position": {"minX": 2.27734375, "minY": 66.25, "maxX": 16.375, "maxY": 164.25}, "class_id": 2, "box_caption": "vn_2_line 0.028", "scores": {"class_score": 0.0282440185546875}, "domain": "pixel"}, {"position": {"minX": 2.24609375, "minY": 98.25, "maxX": 16.34375, "maxY": 196.5}, "class_id": 2, "box_caption": "vn_2_line 0.028", "scores": {"class_score": 0.028167724609375}, "domain": "pixel"}, {"position": {"minX": 2.23046875, "minY": 2.0, "maxX": 16.046875, "maxY": 100.75}, "class_id": 2, "box_caption": "vn_2_line 0.028", "scores": {"class_score": 0.02789306640625}, "domain": "pixel"}, {"position": {"minX": 323.75, "minY": 83.625, "maxX": 401.25, "maxY": 116.25}, "class_id": 2, "box_caption": "vn_2_line 0.028", "scores": {"class_score": 0.0275726318359375}, "domain": "pixel"}, {"position": {"minX": 311.25, "minY": 70.125, "maxX": 370.75, "maxY": 115.0}, "class_id": 1, "box_caption": "vn_1_line 0.027", "scores": {"class_score": 0.0266876220703125}, "domain": "pixel"}, {"position": {"minX": -3.015625, "minY": 343.5, "maxX": 15.546875, "maxY": 378.5}, "class_id": 0, "box_caption": "lao 0.026", "scores": {"class_score": 0.0263519287109375}, "domain": "pixel"}, {"position": {"minX": 653.5, "minY": 16.71875, "maxX": 674.5, "maxY": 53.40625}, "class_id": 0, "box_caption": "lao 0.026", "scores": {"class_score": 0.0255126953125}, "domain": "pixel"}, {"position": {"minX": -1.546875, "minY": -1.234375, "maxX": 22.40625, "maxY": 19.171875}, "class_id": 0, "box_caption": "lao 0.025", "scores": {"class_score": 0.024658203125}, "domain": "pixel"}, {"position": {"minX": 1.734375, "minY": 333.0, "maxX": 16.078125, "maxY": 378.5}, "class_id": 0, "box_caption": "lao 0.025", "scores": {"class_score": 0.0245513916015625}, "domain": "pixel"}, {"position": {"minX": 2.96484375, "minY": 297.0, "maxX": 16.21875, "maxY": 358.5}, "class_id": 2, "box_caption": "vn_2_line 0.024", "scores": {"class_score": 0.0244598388671875}, "domain": "pixel"}, {"position": {"minX": 3.23046875, "minY": 7.21875, "maxX": 15.640625, "maxY": 70.75}, "class_id": 2, "box_caption": "vn_2_line 0.024", "scores": {"class_score": 0.0238800048828125}, "domain": "pixel"}, {"position": {"minX": 2.87890625, "minY": 217.5, "maxX": 16.0625, "maxY": 278.0}, "class_id": 2, "box_caption": "vn_2_line 0.024", "scores": {"class_score": 0.023651123046875}, "domain": "pixel"}, {"position": {"minX": 2.8515625, "minY": 281.5, "maxX": 16.25, "maxY": 342.0}, "class_id": 2, "box_caption": "vn_2_line 0.024", "scores": {"class_score": 0.0235137939453125}, "domain": "pixel"}, {"position": {"minX": 2.91015625, "minY": 201.5, "maxX": 16.125, "maxY": 262.0}, "class_id": 2, "box_caption": "vn_2_line 0.023", "scores": {"class_score": 0.0234832763671875}, "domain": "pixel"}, {"position": {"minX": 2.88671875, "minY": 233.5, "maxX": 16.140625, "maxY": 294.0}, "class_id": 2, "box_caption": "vn_2_line 0.023", "scores": {"class_score": 0.0234832763671875}, "domain": "pixel"}, {"position": {"minX": 2.86328125, "minY": 57.53125, "maxX": 16.046875, "maxY": 117.875}, "class_id": 2, "box_caption": "vn_2_line 0.023", "scores": {"class_score": 0.023468017578125}, "domain": "pixel"}, {"position": {"minX": 637.0, "minY": -0.828125, "maxX": 678.0, "maxY": 44.1875}, "class_id": 0, "box_caption": "lao 0.023", "scores": {"class_score": 0.0233917236328125}, "domain": "pixel"}, {"position": {"minX": 2.80078125, "minY": 41.6875, "maxX": 16.015625, "maxY": 101.8125}, "class_id": 2, "box_caption": "vn_2_line 0.023", "scores": {"class_score": 0.02337646484375}, "domain": "pixel"}, {"position": {"minX": 2.859375, "minY": 249.25, "maxX": 16.203125, "maxY": 309.75}, "class_id": 2, "box_caption": "vn_2_line 0.023", "scores": {"class_score": 0.023345947265625}, "domain": "pixel"}, {"position": {"minX": 2.87890625, "minY": 153.5, "maxX": 16.09375, "maxY": 213.75}, "class_id": 2, "box_caption": "vn_2_line 0.023", "scores": {"class_score": 0.023284912109375}, "domain": "pixel"}, {"position": {"minX": 2.80078125, "minY": 89.5625, "maxX": 16.078125, "maxY": 149.75}, "class_id": 2, "box_caption": "vn_2_line 0.023", "scores": {"class_score": 0.02325439453125}, "domain": "pixel"}, {"position": {"minX": 2.89453125, "minY": 185.5, "maxX": 16.078125, "maxY": 245.75}, "class_id": 2, "box_caption": "vn_2_line 0.023", "scores": {"class_score": 0.023223876953125}, "domain": "pixel"}, {"position": {"minX": 2.84765625, "minY": 265.5, "maxX": 16.25, "maxY": 326.0}, "class_id": 2, "box_caption": "vn_2_line 0.023", "scores": {"class_score": 0.0232086181640625}, "domain": "pixel"}, {"position": {"minX": 2.87890625, "minY": 73.4375, "maxX": 16.09375, "maxY": 133.75}, "class_id": 2, "box_caption": "vn_2_line 0.023", "scores": {"class_score": 0.023193359375}, "domain": "pixel"}, {"position": {"minX": 2.89453125, "minY": 169.5, "maxX": 16.109375, "maxY": 229.75}, "class_id": 2, "box_caption": "vn_2_line 0.023", "scores": {"class_score": 0.023193359375}, "domain": "pixel"}, {"position": {"minX": 2.87109375, "minY": 137.5, "maxX": 16.09375, "maxY": 197.75}, "class_id": 2, "box_caption": "vn_2_line 0.023", "scores": {"class_score": 0.023040771484375}, "domain": "pixel"}, {"position": {"minX": 2.79296875, "minY": 121.5, "maxX": 16.109375, "maxY": 181.75}, "class_id": 2, "box_caption": "vn_2_line 0.023", "scores": {"class_score": 0.022918701171875}, "domain": "pixel"}, {"position": {"minX": 2.8828125, "minY": 105.5, "maxX": 16.125, "maxY": 165.75}, "class_id": 2, "box_caption": "vn_2_line 0.023", "scores": {"class_score": 0.02288818359375}, "domain": "pixel"}, {"position": {"minX": 2.7578125, "minY": 25.578125, "maxX": 15.8046875, "maxY": 86.125}, "class_id": 2, "box_caption": "vn_2_line 0.022", "scores": {"class_score": 0.022491455078125}, "domain": "pixel"}, {"position": {"minX": 658.0, "minY": 2.96875, "maxX": 670.0, "maxY": 95.625}, "class_id": 0, "box_caption": "lao 0.022", "scores": {"class_score": 0.022308349609375}, "domain": "pixel"}, {"position": {"minX": -1.6484375, "minY": 3.203125, "maxX": 17.34375, "maxY": 36.875}, "class_id": 2, "box_caption": "vn_2_line 0.022", "scores": {"class_score": 0.0218658447265625}, "domain": "pixel"}, {"position": {"minX": 1.734375, "minY": 333.0, "maxX": 16.078125, "maxY": 378.5}, "class_id": 2, "box_caption": "vn_2_line 0.022", "scores": {"class_score": 0.0218658447265625}, "domain": "pixel"}, {"position": {"minX": 2.96484375, "minY": 297.0, "maxX": 16.21875, "maxY": 358.5}, "class_id": 0, "box_caption": "lao 0.021", "scores": {"class_score": 0.0208892822265625}, "domain": "pixel"}, {"position": {"minX": 658.0, "minY": 35.53125, "maxX": 670.0, "maxY": 127.375}, "class_id": 0, "box_caption": "lao 0.021", "scores": {"class_score": 0.020782470703125}, "domain": "pixel"}, {"position": {"minX": 438.75, "minY": 0.4375, "maxX": 501.75, "maxY": 54.75}, "class_id": 1, "box_caption": "vn_1_line 0.021", "scores": {"class_score": 0.0206451416015625}, "domain": "pixel"}, {"position": {"minX": 656.5, "minY": 18.78125, "maxX": 673.5, "maxY": 68.75}, "class_id": 0, "box_caption": "lao 0.020", "scores": {"class_score": 0.0204925537109375}, "domain": "pixel"}, {"position": {"minX": 656.5, "minY": 18.78125, "maxX": 673.5, "maxY": 68.75}, "class_id": 2, "box_caption": "vn_2_line 0.020", "scores": {"class_score": 0.0204315185546875}, "domain": "pixel"}, {"position": {"minX": -5.96875, "minY": 325.5, "maxX": 29.46875, "maxY": 379.0}, "class_id": 0, "box_caption": "lao 0.020", "scores": {"class_score": 0.020355224609375}, "domain": "pixel"}, {"position": {"minX": 638.0, "minY": 323.5, "maxX": 681.0, "maxY": 377.5}, "class_id": 0, "box_caption": "lao 0.020", "scores": {"class_score": 0.020263671875}, "domain": "pixel"}, {"position": {"minX": 2.8515625, "minY": 281.5, "maxX": 16.25, "maxY": 342.0}, "class_id": 0, "box_caption": "lao 0.020", "scores": {"class_score": 0.0202178955078125}, "domain": "pixel"}, {"position": {"minX": 2.87890625, "minY": 217.5, "maxX": 16.0625, "maxY": 278.0}, "class_id": 0, "box_caption": "lao 0.020", "scores": {"class_score": 0.0201873779296875}, "domain": "pixel"}, {"position": {"minX": 2.91015625, "minY": 201.5, "maxX": 16.125, "maxY": 262.0}, "class_id": 0, "box_caption": "lao 0.020", "scores": {"class_score": 0.020111083984375}, "domain": "pixel"}, {"position": {"minX": 2.88671875, "minY": 233.5, "maxX": 16.140625, "maxY": 294.0}, "class_id": 0, "box_caption": "lao 0.020", "scores": {"class_score": 0.0200042724609375}, "domain": "pixel"}, {"position": {"minX": 658.0, "minY": 67.375, "maxX": 670.0, "maxY": 159.375}, "class_id": 0, "box_caption": "lao 0.020", "scores": {"class_score": 0.019989013671875}, "domain": "pixel"}, {"position": {"minX": 2.84765625, "minY": 265.5, "maxX": 16.25, "maxY": 326.0}, "class_id": 0, "box_caption": "lao 0.020", "scores": {"class_score": 0.0199737548828125}, "domain": "pixel"}, {"position": {"minX": 410.25, "minY": 154.75, "maxX": 520.0, "maxY": 222.25}, "class_id": 1, "box_caption": "vn_1_line 0.020", "scores": {"class_score": 0.01995849609375}, "domain": "pixel"}, {"position": {"minX": 2.89453125, "minY": 185.5, "maxX": 16.078125, "maxY": 245.75}, "class_id": 0, "box_caption": "lao 0.020", "scores": {"class_score": 0.01995849609375}, "domain": "pixel"}, {"position": {"minX": 2.80078125, "minY": 89.5625, "maxX": 16.078125, "maxY": 149.75}, "class_id": 0, "box_caption": "lao 0.020", "scores": {"class_score": 0.0199432373046875}, "domain": "pixel"}, {"position": {"minX": 2.859375, "minY": 249.25, "maxX": 16.203125, "maxY": 309.75}, "class_id": 0, "box_caption": "lao 0.020", "scores": {"class_score": 0.0199432373046875}, "domain": "pixel"}, {"position": {"minX": 2.80078125, "minY": 41.6875, "maxX": 16.015625, "maxY": 101.8125}, "class_id": 0, "box_caption": "lao 0.020", "scores": {"class_score": 0.0198974609375}, "domain": "pixel"}, {"position": {"minX": 2.87890625, "minY": 153.5, "maxX": 16.09375, "maxY": 213.75}, "class_id": 0, "box_caption": "lao 0.020", "scores": {"class_score": 0.0198516845703125}, "domain": "pixel"}, {"position": {"minX": 3.23046875, "minY": 7.21875, "maxX": 15.640625, "maxY": 70.75}, "class_id": 0, "box_caption": "lao 0.020", "scores": {"class_score": 0.01983642578125}, "domain": "pixel"}, {"position": {"minX": 2.86328125, "minY": 57.53125, "maxX": 16.046875, "maxY": 117.875}, "class_id": 0, "box_caption": "lao 0.020", "scores": {"class_score": 0.01983642578125}, "domain": "pixel"}, {"position": {"minX": 658.0, "minY": 99.25, "maxX": 670.0, "maxY": 191.5}, "class_id": 0, "box_caption": "lao 0.020", "scores": {"class_score": 0.019805908203125}, "domain": "pixel"}, {"position": {"minX": 2.87890625, "minY": 73.4375, "maxX": 16.09375, "maxY": 133.75}, "class_id": 0, "box_caption": "lao 0.020", "scores": {"class_score": 0.019775390625}, "domain": "pixel"}, {"position": {"minX": 2.89453125, "minY": 169.5, "maxX": 16.109375, "maxY": 229.75}, "class_id": 0, "box_caption": "lao 0.020", "scores": {"class_score": 0.019744873046875}, "domain": "pixel"}, {"position": {"minX": 658.0, "minY": 147.375, "maxX": 670.0, "maxY": 239.375}, "class_id": 0, "box_caption": "lao 0.020", "scores": {"class_score": 0.01971435546875}, "domain": "pixel"}, {"position": {"minX": 2.87109375, "minY": 137.5, "maxX": 16.09375, "maxY": 197.75}, "class_id": 0, "box_caption": "lao 0.020", "scores": {"class_score": 0.01971435546875}, "domain": "pixel"}, {"position": {"minX": 2.79296875, "minY": 121.5, "maxX": 16.109375, "maxY": 181.75}, "class_id": 0, "box_caption": "lao 0.020", "scores": {"class_score": 0.019622802734375}, "domain": "pixel"}, {"position": {"minX": 658.0, "minY": 178.75, "maxX": 670.0, "maxY": 271.75}, "class_id": 0, "box_caption": "lao 0.019", "scores": {"class_score": 0.01947021484375}, "domain": "pixel"}, {"position": {"minX": 2.8828125, "minY": 105.5, "maxX": 16.125, "maxY": 165.75}, "class_id": 0, "box_caption": "lao 0.019", "scores": {"class_score": 0.01947021484375}, "domain": "pixel"}, {"position": {"minX": 340.75, "minY": 89.25, "maxX": 400.25, "maxY": 112.625}, "class_id": 1, "box_caption": "vn_1_line 0.019", "scores": {"class_score": 0.0191650390625}, "domain": "pixel"}, {"position": {"minX": 657.5, "minY": 292.0, "maxX": 670.5, "maxY": 381.5}, "class_id": 0, "box_caption": "lao 0.019", "scores": {"class_score": 0.018951416015625}, "domain": "pixel"}, {"position": {"minX": 2.7578125, "minY": 25.578125, "maxX": 15.8046875, "maxY": 86.125}, "class_id": 0, "box_caption": "lao 0.019", "scores": {"class_score": 0.018890380859375}, "domain": "pixel"}, {"position": {"minX": 58.3125, "minY": -2.80859375, "maxX": 91.6875, "maxY": 10.34375}, "class_id": 0, "box_caption": "lao 0.018", "scores": {"class_score": 0.0184173583984375}, "domain": "pixel"}, {"position": {"minX": -7.5, "minY": 303.75, "maxX": 29.40625, "maxY": 360.75}, "class_id": 2, "box_caption": "vn_2_line 0.018", "scores": {"class_score": 0.0182037353515625}, "domain": "pixel"}, {"position": {"minX": 74.5, "minY": -2.765625, "maxX": 107.625, "maxY": 10.390625}, "class_id": 0, "box_caption": "lao 0.018", "scores": {"class_score": 0.0180206298828125}, "domain": "pixel"}, {"position": {"minX": 658.0, "minY": 226.25, "maxX": 670.0, "maxY": 320.25}, "class_id": 0, "box_caption": "lao 0.018", "scores": {"class_score": 0.0176544189453125}, "domain": "pixel"}, {"position": {"minX": 90.625, "minY": -2.71484375, "maxX": 123.375, "maxY": 10.515625}, "class_id": 0, "box_caption": "lao 0.017", "scores": {"class_score": 0.017425537109375}, "domain": "pixel"}, {"position": {"minX": 653.0, "minY": 2.96875, "maxX": 675.0, "maxY": 38.53125}, "class_id": 2, "box_caption": "vn_2_line 0.017", "scores": {"class_score": 0.017303466796875}, "domain": "pixel"}, {"position": {"minX": 656.0, "minY": 34.125, "maxX": 674.0, "maxY": 85.5625}, "class_id": 2, "box_caption": "vn_2_line 0.017", "scores": {"class_score": 0.01727294921875}, "domain": "pixel"}, {"position": {"minX": 658.0, "minY": 36.5, "maxX": 675.0, "maxY": 84.5}, "class_id": 0, "box_caption": "lao 0.017", "scores": {"class_score": 0.0172271728515625}, "domain": "pixel"}, {"position": {"minX": 42.6875, "minY": -2.74609375, "maxX": 75.5, "maxY": 10.40625}, "class_id": 0, "box_caption": "lao 0.017", "scores": {"class_score": 0.017120361328125}, "domain": "pixel"}, {"position": {"minX": 658.0, "minY": 258.0, "maxX": 670.0, "maxY": 352.5}, "class_id": 0, "box_caption": "lao 0.017", "scores": {"class_score": 0.0171051025390625}, "domain": "pixel"}, {"position": {"minX": 657.5, "minY": 52.40625, "maxX": 674.5, "maxY": 100.5}, "class_id": 0, "box_caption": "lao 0.017", "scores": {"class_score": 0.01708984375}, "domain": "pixel"}, {"position": {"minX": 657.5, "minY": 68.375, "maxX": 674.5, "maxY": 116.5}, "class_id": 0, "box_caption": "lao 0.017", "scores": {"class_score": 0.0170440673828125}, "domain": "pixel"}, {"position": {"minX": 657.5, "minY": 204.375, "maxX": 674.5, "maxY": 252.625}, "class_id": 0, "box_caption": "lao 0.017", "scores": {"class_score": 0.0169677734375}, "domain": "pixel"}, {"position": {"minX": -7.625, "minY": 271.75, "maxX": 29.71875, "maxY": 330.25}, "class_id": 2, "box_caption": "vn_2_line 0.017", "scores": {"class_score": 0.0168914794921875}, "domain": "pixel"}, {"position": {"minX": 657.0, "minY": 7.9375, "maxX": 669.0, "maxY": 70.9375}, "class_id": 2, "box_caption": "vn_2_line 0.017", "scores": {"class_score": 0.016876220703125}, "domain": "pixel"}, {"position": {"minX": 658.0, "minY": 132.375, "maxX": 674.0, "maxY": 180.625}, "class_id": 0, "box_caption": "lao 0.017", "scores": {"class_score": 0.0167999267578125}, "domain": "pixel"}, {"position": {"minX": 658.0, "minY": 172.375, "maxX": 674.0, "maxY": 220.625}, "class_id": 0, "box_caption": "lao 0.017", "scores": {"class_score": 0.0167999267578125}, "domain": "pixel"}, {"position": {"minX": 657.5, "minY": 84.375, "maxX": 674.5, "maxY": 132.5}, "class_id": 0, "box_caption": "lao 0.017", "scores": {"class_score": 0.01678466796875}, "domain": "pixel"}, {"position": {"minX": 656.0, "minY": 50.0625, "maxX": 674.0, "maxY": 101.5625}, "class_id": 2, "box_caption": "vn_2_line 0.017", "scores": {"class_score": 0.016754150390625}, "domain": "pixel"}, {"position": {"minX": 338.75, "minY": 81.8125, "maxX": 397.75, "maxY": 107.3125}, "class_id": 2, "box_caption": "vn_2_line 0.017", "scores": {"class_score": 0.016754150390625}, "domain": "pixel"}, {"position": {"minX": 657.0, "minY": 332.25, "maxX": 675.0, "maxY": 378.25}, "class_id": 0, "box_caption": "lao 0.017", "scores": {"class_score": 0.0167236328125}, "domain": "pixel"}, {"position": {"minX": 657.5, "minY": 108.3125, "maxX": 674.5, "maxY": 156.5}, "class_id": 0, "box_caption": "lao 0.017", "scores": {"class_score": 0.016693115234375}, "domain": "pixel"}, {"position": {"minX": 652.5, "minY": 337.25, "maxX": 673.5, "maxY": 372.75}, "class_id": 0, "box_caption": "lao 0.017", "scores": {"class_score": 0.0166168212890625}, "domain": "pixel"}, {"position": {"minX": 1.39453125, "minY": 188.625, "maxX": 14.125, "maxY": 271.0}, "class_id": 2, "box_caption": "vn_2_line 0.017", "scores": {"class_score": 0.0166168212890625}, "domain": "pixel"}, {"position": {"minX": 1.359375, "minY": 220.625, "maxX": 14.171875, "maxY": 303.0}, "class_id": 2, "box_caption": "vn_2_line 0.017", "scores": {"class_score": 0.0166168212890625}, "domain": "pixel"}, {"position": {"minX": 656.0, "minY": 66.125, "maxX": 674.0, "maxY": 117.5}, "class_id": 2, "box_caption": "vn_2_line 0.017", "scores": {"class_score": 0.0165863037109375}, "domain": "pixel"}, {"position": {"minX": 1.43359375, "minY": 268.5, "maxX": 14.1875, "maxY": 351.0}, "class_id": 2, "box_caption": "vn_2_line 0.017", "scores": {"class_score": 0.0165863037109375}, "domain": "pixel"}, {"position": {"minX": 1.390625, "minY": 28.78125, "maxX": 14.109375, "maxY": 110.75}, "class_id": 2, "box_caption": "vn_2_line 0.017", "scores": {"class_score": 0.0165252685546875}, "domain": "pixel"}, {"position": {"minX": 656.0, "minY": 170.125, "maxX": 674.0, "maxY": 221.625}, "class_id": 2, "box_caption": "vn_2_line 0.017", "scores": {"class_score": 0.016510009765625}, "domain": "pixel"}, {"position": {"minX": 657.5, "minY": 148.375, "maxX": 674.5, "maxY": 196.625}, "class_id": 0, "box_caption": "lao 0.017", "scores": {"class_score": 0.016510009765625}, "domain": "pixel"}, {"position": {"minX": 656.0, "minY": 130.125, "maxX": 674.0, "maxY": 181.625}, "class_id": 2, "box_caption": "vn_2_line 0.016", "scores": {"class_score": 0.0164642333984375}, "domain": "pixel"}, {"position": {"minX": 1.40234375, "minY": 156.5, "maxX": 14.15625, "maxY": 238.75}, "class_id": 2, "box_caption": "vn_2_line 0.016", "scores": {"class_score": 0.0164642333984375}, "domain": "pixel"}, {"position": {"minX": -7.53125, "minY": 239.375, "maxX": 29.8125, "maxY": 297.5}, "class_id": 2, "box_caption": "vn_2_line 0.016", "scores": {"class_score": 0.01641845703125}, "domain": "pixel"}, {"position": {"minX": 656.0, "minY": 202.0, "maxX": 674.0, "maxY": 253.75}, "class_id": 2, "box_caption": "vn_2_line 0.016", "scores": {"class_score": 0.0164031982421875}, "domain": "pixel"}, {"position": {"minX": 656.0, "minY": 82.125, "maxX": 674.0, "maxY": 133.5}, "class_id": 2, "box_caption": "vn_2_line 0.016", "scores": {"class_score": 0.016387939453125}, "domain": "pixel"}, {"position": {"minX": 656.0, "minY": 114.125, "maxX": 674.0, "maxY": 165.625}, "class_id": 2, "box_caption": "vn_2_line 0.016", "scores": {"class_score": 0.016357421875}, "domain": "pixel"}, {"position": {"minX": 1.38671875, "minY": 124.625, "maxX": 14.140625, "maxY": 206.625}, "class_id": 2, "box_caption": "vn_2_line 0.016", "scores": {"class_score": 0.016357421875}, "domain": "pixel"}, {"position": {"minX": 655.5, "minY": 332.0, "maxX": 674.5, "maxY": 378.0}, "class_id": 2, "box_caption": "vn_2_line 0.016", "scores": {"class_score": 0.0163421630859375}, "domain": "pixel"}, {"position": {"minX": 657.5, "minY": 220.375, "maxX": 674.5, "maxY": 268.5}, "class_id": 0, "box_caption": "lao 0.016", "scores": {"class_score": 0.016326904296875}, "domain": "pixel"}, {"position": {"minX": 656.0, "minY": 98.125, "maxX": 674.0, "maxY": 149.5}, "class_id": 2, "box_caption": "vn_2_line 0.016", "scores": {"class_score": 0.0163116455078125}, "domain": "pixel"}, {"position": {"minX": 656.0, "minY": 146.125, "maxX": 674.0, "maxY": 197.625}, "class_id": 2, "box_caption": "vn_2_line 0.016", "scores": {"class_score": 0.0162506103515625}, "domain": "pixel"}, {"position": {"minX": 1.0390625, "minY": -13.921875, "maxX": 15.9921875, "maxY": 57.5}, "class_id": 1, "box_caption": "vn_1_line 0.016", "scores": {"class_score": 0.016204833984375}, "domain": "pixel"}, {"position": {"minX": 657.5, "minY": 188.375, "maxX": 674.5, "maxY": 236.625}, "class_id": 0, "box_caption": "lao 0.016", "scores": {"class_score": 0.0161895751953125}, "domain": "pixel"}, {"position": {"minX": -7.453125, "minY": 207.75, "maxX": 29.953125, "maxY": 265.75}, "class_id": 2, "box_caption": "vn_2_line 0.016", "scores": {"class_score": 0.0161895751953125}, "domain": "pixel"}, {"position": {"minX": -7.8125, "minY": 79.75, "maxX": 30.09375, "maxY": 137.375}, "class_id": 2, "box_caption": "vn_2_line 0.016", "scores": {"class_score": 0.016143798828125}, "domain": "pixel"}, {"position": {"minX": 655.5, "minY": 313.75, "maxX": 673.5, "maxY": 366.25}, "class_id": 0, "box_caption": "lao 0.016", "scores": {"class_score": 0.0160980224609375}, "domain": "pixel"}, {"position": {"minX": -7.734375, "minY": 111.8125, "maxX": 30.140625, "maxY": 169.625}, "class_id": 2, "box_caption": "vn_2_line 0.016", "scores": {"class_score": 0.016021728515625}, "domain": "pixel"}, {"position": {"minX": 656.0, "minY": 186.125, "maxX": 674.0, "maxY": 237.625}, "class_id": 2, "box_caption": "vn_2_line 0.016", "scores": {"class_score": 0.015960693359375}, "domain": "pixel"}, {"position": {"minX": -7.625, "minY": 175.625, "maxX": 30.0, "maxY": 233.375}, "class_id": 2, "box_caption": "vn_2_line 0.016", "scores": {"class_score": 0.0159454345703125}, "domain": "pixel"}, {"position": {"minX": -7.4375, "minY": 143.875, "maxX": 30.09375, "maxY": 201.625}, "class_id": 2, "box_caption": "vn_2_line 0.016", "scores": {"class_score": 0.01593017578125}, "domain": "pixel"}, {"position": {"minX": 602.5, "minY": -2.76953125, "maxX": 635.5, "maxY": 10.578125}, "class_id": 0, "box_caption": "lao 0.016", "scores": {"class_score": 0.0159149169921875}, "domain": "pixel"}, {"position": {"minX": 595.0, "minY": -2.70703125, "maxX": 627.0, "maxY": 10.65625}, "class_id": 0, "box_caption": "lao 0.016", "scores": {"class_score": 0.0158538818359375}, "domain": "pixel"}, {"position": {"minX": 657.5, "minY": 21.84375, "maxX": 669.5, "maxY": 88.125}, "class_id": 2, "box_caption": "vn_2_line 0.016", "scores": {"class_score": 0.015655517578125}, "domain": "pixel"}, {"position": {"minX": 652.5, "minY": 41.0, "maxX": 673.5, "maxY": 77.8125}, "class_id": 0, "box_caption": "lao 0.016", "scores": {"class_score": 0.015625}, "domain": "pixel"}, {"position": {"minX": 656.0, "minY": 217.875, "maxX": 674.0, "maxY": 269.75}, "class_id": 2, "box_caption": "vn_2_line 0.016", "scores": {"class_score": 0.015594482421875}, "domain": "pixel"}, {"position": {"minX": 657.5, "minY": 252.375, "maxX": 674.5, "maxY": 300.75}, "class_id": 0, "box_caption": "lao 0.016", "scores": {"class_score": 0.01558685302734375}, "domain": "pixel"}, {"position": {"minX": 656.0, "minY": 234.0, "maxX": 674.0, "maxY": 286.0}, "class_id": 0, "box_caption": "lao 0.016", "scores": {"class_score": 0.01556396484375}, "domain": "pixel"}, {"position": {"minX": 656.0, "minY": 282.0, "maxX": 674.0, "maxY": 334.0}, "class_id": 0, "box_caption": "lao 0.016", "scores": {"class_score": 0.0155487060546875}, "domain": "pixel"}, {"position": {"minX": 656.0, "minY": 266.0, "maxX": 674.0, "maxY": 318.0}, "class_id": 0, "box_caption": "lao 0.015", "scores": {"class_score": 0.015411376953125}, "domain": "pixel"}, {"position": {"minX": 106.375, "minY": -2.9609375, "maxX": 139.125, "maxY": 10.484375}, "class_id": 0, "box_caption": "lao 0.015", "scores": {"class_score": 0.01538848876953125}, "domain": "pixel"}, {"position": {"minX": 35.5, "minY": -2.671875, "maxX": 66.8125, "maxY": 10.484375}, "class_id": 0, "box_caption": "lao 0.015", "scores": {"class_score": 0.0153656005859375}, "domain": "pixel"}, {"position": {"minX": 657.0, "minY": 7.9375, "maxX": 669.0, "maxY": 70.9375}, "class_id": 0, "box_caption": "lao 0.015", "scores": {"class_score": 0.01532745361328125}, "domain": "pixel"}, {"position": {"minX": 652.5, "minY": 65.0, "maxX": 673.5, "maxY": 101.75}, "class_id": 0, "box_caption": "lao 0.015", "scores": {"class_score": 0.0153045654296875}, "domain": "pixel"}, {"position": {"minX": 656.0, "minY": 298.0, "maxX": 674.0, "maxY": 350.0}, "class_id": 0, "box_caption": "lao 0.015", "scores": {"class_score": 0.0152435302734375}, "domain": "pixel"}, {"position": {"minX": 638.0, "minY": 265.75, "maxX": 677.0, "maxY": 330.25}, "class_id": 2, "box_caption": "vn_2_line 0.015", "scores": {"class_score": 0.01512908935546875}, "domain": "pixel"}, {"position": {"minX": 652.5, "minY": 81.0, "maxX": 673.5, "maxY": 117.75}, "class_id": 0, "box_caption": "lao 0.015", "scores": {"class_score": 0.0150909423828125}, "domain": "pixel"}, {"position": {"minX": 652.5, "minY": 208.875, "maxX": 673.5, "maxY": 245.875}, "class_id": 0, "box_caption": "lao 0.015", "scores": {"class_score": 0.01506805419921875}, "domain": "pixel"}, {"position": {"minX": 652.5, "minY": 177.0, "maxX": 673.5, "maxY": 213.75}, "class_id": 0, "box_caption": "lao 0.015", "scores": {"class_score": 0.0150299072265625}, "domain": "pixel"}, {"position": {"minX": 658.0, "minY": 38.21875, "maxX": 670.0, "maxY": 103.875}, "class_id": 2, "box_caption": "vn_2_line 0.015", "scores": {"class_score": 0.014984130859375}, "domain": "pixel"}, {"position": {"minX": -8.0625, "minY": 48.96875, "maxX": 29.34375, "maxY": 105.75}, "class_id": 2, "box_caption": "vn_2_line 0.015", "scores": {"class_score": 0.014923095703125}, "domain": "pixel"}, {"position": {"minX": 652.5, "minY": 97.0, "maxX": 673.5, "maxY": 133.75}, "class_id": 0, "box_caption": "lao 0.015", "scores": {"class_score": 0.01488494873046875}, "domain": "pixel"}, {"position": {"minX": 652.5, "minY": 153.0, "maxX": 673.5, "maxY": 189.75}, "class_id": 0, "box_caption": "lao 0.015", "scores": {"class_score": 0.014862060546875}, "domain": "pixel"}, {"position": {"minX": 652.5, "minY": 137.0, "maxX": 673.5, "maxY": 173.75}, "class_id": 0, "box_caption": "lao 0.015", "scores": {"class_score": 0.01485443115234375}, "domain": "pixel"}, {"position": {"minX": 652.5, "minY": 121.0, "maxX": 673.5, "maxY": 157.75}, "class_id": 0, "box_caption": "lao 0.015", "scores": {"class_score": 0.01480865478515625}, "domain": "pixel"}, {"position": {"minX": 651.0, "minY": 1.421875, "maxX": 674.0, "maxY": 29.6875}, "class_id": 0, "box_caption": "lao 0.015", "scores": {"class_score": 0.01476287841796875}, "domain": "pixel"}, {"position": {"minX": 1.43359375, "minY": 268.5, "maxX": 14.1875, "maxY": 351.0}, "class_id": 0, "box_caption": "lao 0.015", "scores": {"class_score": 0.01476287841796875}, "domain": "pixel"}, {"position": {"minX": 1.39453125, "minY": 188.625, "maxX": 14.125, "maxY": 271.0}, "class_id": 0, "box_caption": "lao 0.015", "scores": {"class_score": 0.01471710205078125}, "domain": "pixel"}, {"position": {"minX": 656.0, "minY": 234.0, "maxX": 674.0, "maxY": 286.0}, "class_id": 2, "box_caption": "vn_2_line 0.015", "scores": {"class_score": 0.01470184326171875}, "domain": "pixel"}, {"position": {"minX": 1.3984375, "minY": 236.75, "maxX": 14.1953125, "maxY": 318.75}, "class_id": 0, "box_caption": "lao 0.015", "scores": {"class_score": 0.01464080810546875}, "domain": "pixel"}, {"position": {"minX": 652.5, "minY": 192.875, "maxX": 673.5, "maxY": 229.875}, "class_id": 0, "box_caption": "lao 0.015", "scores": {"class_score": 0.01462554931640625}, "domain": "pixel"}, {"position": {"minX": -2.6796875, "minY": 328.0, "maxX": 16.21875, "maxY": 365.0}, "class_id": 0, "box_caption": "lao 0.015", "scores": {"class_score": 0.01462554931640625}, "domain": "pixel"}, {"position": {"minX": -2.8125, "minY": 312.0, "maxX": 16.34375, "maxY": 349.0}, "class_id": 0, "box_caption": "lao 0.015", "scores": {"class_score": 0.01454925537109375}, "domain": "pixel"}, {"position": {"minX": 656.0, "minY": 250.0, "maxX": 674.0, "maxY": 302.0}, "class_id": 2, "box_caption": "vn_2_line 0.015", "scores": {"class_score": 0.01454925537109375}, "domain": "pixel"}, {"position": {"minX": 1.45703125, "minY": 44.5625, "maxX": 14.1875, "maxY": 126.8125}, "class_id": 0, "box_caption": "lao 0.015", "scores": {"class_score": 0.0145416259765625}, "domain": "pixel"}, {"position": {"minX": 658.0, "minY": 166.375, "maxX": 670.0, "maxY": 231.875}, "class_id": 2, "box_caption": "vn_2_line 0.015", "scores": {"class_score": 0.01451873779296875}, "domain": "pixel"}, {"position": {"minX": 638.5, "minY": 232.625, "maxX": 677.5, "maxY": 297.5}, "class_id": 2, "box_caption": "vn_2_line 0.014", "scores": {"class_score": 0.014495849609375}, "domain": "pixel"}, {"position": {"minX": 1.40234375, "minY": 156.5, "maxX": 14.15625, "maxY": 238.75}, "class_id": 0, "box_caption": "lao 0.014", "scores": {"class_score": 0.01448822021484375}, "domain": "pixel"}, {"position": {"minX": -2.984375, "minY": -2.15625, "maxX": 21.25, "maxY": 32.125}, "class_id": 2, "box_caption": "vn_2_line 0.014", "scores": {"class_score": 0.01447296142578125}, "domain": "pixel"}, {"position": {"minX": 1.38671875, "minY": 124.625, "maxX": 14.140625, "maxY": 206.625}, "class_id": 0, "box_caption": "lao 0.014", "scores": {"class_score": 0.01444244384765625}, "domain": "pixel"}, {"position": {"minX": 658.0, "minY": 86.5, "maxX": 670.0, "maxY": 151.75}, "class_id": 2, "box_caption": "vn_2_line 0.014", "scores": {"class_score": 0.0144195556640625}, "domain": "pixel"}, {"position": {"minX": 658.0, "minY": 118.4375, "maxX": 670.0, "maxY": 183.75}, "class_id": 2, "box_caption": "vn_2_line 0.014", "scores": {"class_score": 0.014404296875}, "domain": "pixel"}, {"position": {"minX": 652.5, "minY": 224.875, "maxX": 673.5, "maxY": 262.0}, "class_id": 0, "box_caption": "lao 0.014", "scores": {"class_score": 0.0143890380859375}, "domain": "pixel"}, {"position": {"minX": 327.0, "minY": 75.1875, "maxX": 362.5, "maxY": 106.0625}, "class_id": 0, "box_caption": "lao 0.014", "scores": {"class_score": 0.01438140869140625}, "domain": "pixel"}, {"position": {"minX": -7.859375, "minY": 19.6875, "maxX": 28.890625, "maxY": 73.875}, "class_id": 2, "box_caption": "vn_2_line 0.014", "scores": {"class_score": 0.0143585205078125}, "domain": "pixel"}, {"position": {"minX": 656.0, "minY": 266.0, "maxX": 674.0, "maxY": 318.0}, "class_id": 2, "box_caption": "vn_2_line 0.014", "scores": {"class_score": 0.01432037353515625}, "domain": "pixel"}, {"position": {"minX": 638.5, "minY": 296.25, "maxX": 677.5, "maxY": 360.75}, "class_id": 2, "box_caption": "vn_2_line 0.014", "scores": {"class_score": 0.01427459716796875}, "domain": "pixel"}, {"position": {"minX": 658.0, "minY": 198.5, "maxX": 670.0, "maxY": 263.75}, "class_id": 2, "box_caption": "vn_2_line 0.014", "scores": {"class_score": 0.01425933837890625}, "domain": "pixel"}, {"position": {"minX": 638.5, "minY": 170.375, "maxX": 676.5, "maxY": 232.875}, "class_id": 2, "box_caption": "vn_2_line 0.014", "scores": {"class_score": 0.014251708984375}, "domain": "pixel"}, {"position": {"minX": 1.19921875, "minY": 13.03125, "maxX": 13.953125, "maxY": 94.875}, "class_id": 0, "box_caption": "lao 0.014", "scores": {"class_score": 0.01422119140625}, "domain": "pixel"}, {"position": {"minX": 656.0, "minY": 282.0, "maxX": 674.0, "maxY": 334.0}, "class_id": 2, "box_caption": "vn_2_line 0.014", "scores": {"class_score": 0.0142059326171875}, "domain": "pixel"}, {"position": {"minX": 655.5, "minY": 313.75, "maxX": 673.5, "maxY": 366.25}, "class_id": 2, "box_caption": "vn_2_line 0.014", "scores": {"class_score": 0.014190673828125}, "domain": "pixel"}, {"position": {"minX": -2.7421875, "minY": 103.9375, "maxX": 16.21875, "maxY": 140.75}, "class_id": 0, "box_caption": "lao 0.014", "scores": {"class_score": 0.0141448974609375}, "domain": "pixel"}, {"position": {"minX": -2.8359375, "minY": 296.0, "maxX": 16.3125, "maxY": 333.0}, "class_id": 0, "box_caption": "lao 0.014", "scores": {"class_score": 0.01412200927734375}, "domain": "pixel"}, {"position": {"minX": -2.765625, "minY": 231.875, "maxX": 16.25, "maxY": 268.75}, "class_id": 0, "box_caption": "lao 0.014", "scores": {"class_score": 0.0140838623046875}, "domain": "pixel"}, {"position": {"minX": 658.0, "minY": 51.46875, "maxX": 670.0, "maxY": 143.25}, "class_id": 2, "box_caption": "vn_2_line 0.014", "scores": {"class_score": 0.0140838623046875}, "domain": "pixel"}, {"position": {"minX": 658.0, "minY": 311.5, "maxX": 670.0, "maxY": 374.0}, "class_id": 2, "box_caption": "vn_2_line 0.014", "scores": {"class_score": 0.01404571533203125}, "domain": "pixel"}, {"position": {"minX": -2.6484375, "minY": 32.0, "maxX": 16.3125, "maxY": 68.875}, "class_id": 0, "box_caption": "lao 0.014", "scores": {"class_score": 0.014007568359375}, "domain": "pixel"}, {"position": {"minX": 652.0, "minY": 248.875, "maxX": 673.0, "maxY": 286.0}, "class_id": 0, "box_caption": "lao 0.014", "scores": {"class_score": 0.01397705078125}, "domain": "pixel"}, {"position": {"minX": -2.828125, "minY": 248.0, "maxX": 16.25, "maxY": 285.0}, "class_id": 0, "box_caption": "lao 0.014", "scores": {"class_score": 0.01392364501953125}, "domain": "pixel"}, {"position": {"minX": 656.0, "minY": 298.0, "maxX": 674.0, "maxY": 350.0}, "class_id": 2, "box_caption": "vn_2_line 0.014", "scores": {"class_score": 0.01387786865234375}, "domain": "pixel"}, {"position": {"minX": -2.7890625, "minY": 191.875, "maxX": 16.25, "maxY": 228.875}, "class_id": 0, "box_caption": "lao 0.014", "scores": {"class_score": 0.01386260986328125}, "domain": "pixel"}, {"position": {"minX": -2.7578125, "minY": 215.875, "maxX": 16.25, "maxY": 252.875}, "class_id": 0, "box_caption": "lao 0.014", "scores": {"class_score": 0.01385498046875}, "domain": "pixel"}, {"position": {"minX": -2.8515625, "minY": 280.0, "maxX": 16.34375, "maxY": 317.0}, "class_id": 0, "box_caption": "lao 0.014", "scores": {"class_score": 0.01385498046875}, "domain": "pixel"}, {"position": {"minX": 652.0, "minY": 265.0, "maxX": 673.0, "maxY": 302.0}, "class_id": 0, "box_caption": "lao 0.014", "scores": {"class_score": 0.0138397216796875}, "domain": "pixel"}, {"position": {"minX": 658.0, "minY": 131.375, "maxX": 670.0, "maxY": 223.375}, "class_id": 2, "box_caption": "vn_2_line 0.014", "scores": {"class_score": 0.01381683349609375}, "domain": "pixel"}, {"position": {"minX": -2.703125, "minY": 71.875, "maxX": 16.234375, "maxY": 108.875}, "class_id": 0, "box_caption": "lao 0.014", "scores": {"class_score": 0.01380157470703125}, "domain": "pixel"}, {"position": {"minX": -2.8359375, "minY": 264.0, "maxX": 16.25, "maxY": 301.0}, "class_id": 0, "box_caption": "lao 0.014", "scores": {"class_score": 0.01378631591796875}, "domain": "pixel"}, {"position": {"minX": -2.7265625, "minY": 87.9375, "maxX": 16.21875, "maxY": 124.8125}, "class_id": 0, "box_caption": "lao 0.014", "scores": {"class_score": 0.013763427734375}, "domain": "pixel"}, {"position": {"minX": 638.5, "minY": 74.375, "maxX": 676.5, "maxY": 136.875}, "class_id": 2, "box_caption": "vn_2_line 0.014", "scores": {"class_score": 0.01375579833984375}, "domain": "pixel"}, {"position": {"minX": -6.3125, "minY": -1.5, "maxX": 30.09375, "maxY": 32.96875}, "class_id": 0, "box_caption": "lao 0.014", "scores": {"class_score": 0.01374053955078125}, "domain": "pixel"}, {"position": {"minX": -2.765625, "minY": 143.875, "maxX": 16.21875, "maxY": 180.875}, "class_id": 0, "box_caption": "lao 0.014", "scores": {"class_score": 0.01372528076171875}, "domain": "pixel"}, {"position": {"minX": -2.7734375, "minY": 175.875, "maxX": 16.25, "maxY": 212.875}, "class_id": 0, "box_caption": "lao 0.014", "scores": {"class_score": 0.01372528076171875}, "domain": "pixel"}, {"position": {"minX": -2.765625, "minY": 159.875, "maxX": 16.21875, "maxY": 196.875}, "class_id": 0, "box_caption": "lao 0.014", "scores": {"class_score": 0.0137176513671875}, "domain": "pixel"}, {"position": {"minX": 652.0, "minY": 288.75, "maxX": 673.0, "maxY": 326.25}, "class_id": 0, "box_caption": "lao 0.014", "scores": {"class_score": 0.01371002197265625}, "domain": "pixel"}, {"position": {"minX": 638.5, "minY": 138.375, "maxX": 676.5, "maxY": 200.875}, "class_id": 2, "box_caption": "vn_2_line 0.014", "scores": {"class_score": 0.01369476318359375}, "domain": "pixel"}, {"position": {"minX": 652.0, "minY": 312.75, "maxX": 673.0, "maxY": 350.25}, "class_id": 0, "box_caption": "lao 0.014", "scores": {"class_score": 0.0136871337890625}, "domain": "pixel"}, {"position": {"minX": -2.71875, "minY": 55.90625, "maxX": 16.25, "maxY": 92.875}, "class_id": 0, "box_caption": "lao 0.014", "scores": {"class_score": 0.01366424560546875}, "domain": "pixel"}, {"position": {"minX": 638.5, "minY": 42.0625, "maxX": 676.5, "maxY": 104.3125}, "class_id": 2, "box_caption": "vn_2_line 0.014", "scores": {"class_score": 0.01366424560546875}, "domain": "pixel"}, {"position": {"minX": 638.0, "minY": 201.75, "maxX": 677.0, "maxY": 265.25}, "class_id": 2, "box_caption": "vn_2_line 0.014", "scores": {"class_score": 0.01366424560546875}, "domain": "pixel"}, {"position": {"minX": 638.5, "minY": 106.25, "maxX": 676.5, "maxY": 168.75}, "class_id": 2, "box_caption": "vn_2_line 0.014", "scores": {"class_score": 0.013641357421875}, "domain": "pixel"}, {"position": {"minX": -2.765625, "minY": 127.9375, "maxX": 16.203125, "maxY": 164.875}, "class_id": 0, "box_caption": "lao 0.014", "scores": {"class_score": 0.01361846923828125}, "domain": "pixel"}, {"position": {"minX": 610.5, "minY": -2.99609375, "maxX": 643.5, "maxY": 10.390625}, "class_id": 0, "box_caption": "lao 0.013", "scores": {"class_score": 0.013275146484375}, "domain": "pixel"}, {"position": {"minX": 658.0, "minY": 230.25, "maxX": 670.0, "maxY": 295.75}, "class_id": 2, "box_caption": "vn_2_line 0.013", "scores": {"class_score": 0.01326751708984375}, "domain": "pixel"}, {"position": {"minX": 658.0, "minY": 262.5, "maxX": 670.0, "maxY": 328.0}, "class_id": 2, "box_caption": "vn_2_line 0.013", "scores": {"class_score": 0.0129547119140625}, "domain": "pixel"}, {"position": {"minX": 56.5, "minY": -0.72265625, "maxX": 80.75, "maxY": 11.96875}, "class_id": 0, "box_caption": "lao 0.013", "scores": {"class_score": 0.0128936767578125}, "domain": "pixel"}, {"position": {"minX": 64.5, "minY": -0.671875, "maxX": 88.75, "maxY": 12.0}, "class_id": 0, "box_caption": "lao 0.013", "scores": {"class_score": 0.012786865234375}, "domain": "pixel"}, {"position": {"minX": 68.75, "minY": -5.1015625, "maxX": 102.75, "maxY": 13.6953125}, "class_id": 0, "box_caption": "lao 0.013", "scores": {"class_score": 0.012786865234375}, "domain": "pixel"}, {"position": {"minX": 615.0, "minY": -8.875, "maxX": 664.0, "maxY": 27.0625}, "class_id": 0, "box_caption": "lao 0.013", "scores": {"class_score": 0.01275634765625}, "domain": "pixel"}, {"position": {"minX": 85.0, "minY": -4.9765625, "maxX": 118.25, "maxY": 14.0859375}, "class_id": 0, "box_caption": "lao 0.013", "scores": {"class_score": 0.01274871826171875}, "domain": "pixel"}, {"position": {"minX": 80.5, "minY": -0.6640625, "maxX": 104.75, "maxY": 12.0703125}, "class_id": 0, "box_caption": "lao 0.013", "scores": {"class_score": 0.01261138916015625}, "domain": "pixel"}, {"position": {"minX": 638.5, "minY": 13.046875, "maxX": 675.5, "maxY": 71.4375}, "class_id": 2, "box_caption": "vn_2_line 0.013", "scores": {"class_score": 0.01261138916015625}, "domain": "pixel"}, {"position": {"minX": 72.5, "minY": -0.671875, "maxX": 96.75, "maxY": 12.0625}, "class_id": 0, "box_caption": "lao 0.013", "scores": {"class_score": 0.01251220703125}, "domain": "pixel"}, {"position": {"minX": 344.0, "minY": 45.4375, "maxX": 392.5, "maxY": 86.8125}, "class_id": 1, "box_caption": "vn_1_line 0.012", "scores": {"class_score": 0.01248931884765625}, "domain": "pixel"}, {"position": {"minX": 410.25, "minY": 154.75, "maxX": 520.0, "maxY": 222.25}, "class_id": 0, "box_caption": "lao 0.012", "scores": {"class_score": 0.0124359130859375}, "domain": "pixel"}, {"position": {"minX": 291.5, "minY": 71.875, "maxX": 343.5, "maxY": 109.125}, "class_id": 1, "box_caption": "vn_1_line 0.012", "scores": {"class_score": 0.01220703125}, "domain": "pixel"}, {"position": {"minX": 88.5, "minY": -0.58203125, "maxX": 112.625, "maxY": 12.125}, "class_id": 0, "box_caption": "lao 0.012", "scores": {"class_score": 0.012054443359375}, "domain": "pixel"}, {"position": {"minX": 655.5, "minY": -10.15625, "maxX": 669.5, "maxY": 58.03125}, "class_id": 1, "box_caption": "vn_1_line 0.012", "scores": {"class_score": 0.0120391845703125}, "domain": "pixel"}, {"position": {"minX": 48.625, "minY": -0.64453125, "maxX": 72.6875, "maxY": 12.03125}, "class_id": 0, "box_caption": "lao 0.012", "scores": {"class_score": 0.01202392578125}, "domain": "pixel"}, {"position": {"minX": 53.1875, "minY": -5.140625, "maxX": 86.8125, "maxY": 13.765625}, "class_id": 0, "box_caption": "lao 0.012", "scores": {"class_score": 0.01189422607421875}, "domain": "pixel"}, {"position": {"minX": 96.375, "minY": -0.625, "maxX": 120.625, "maxY": 12.21875}, "class_id": 0, "box_caption": "lao 0.012", "scores": {"class_score": 0.01177978515625}, "domain": "pixel"}, {"position": {"minX": 139.25, "minY": -2.5625, "maxX": 171.25, "maxY": 10.03125}, "class_id": 0, "box_caption": "lao 0.012", "scores": {"class_score": 0.01165771484375}, "domain": "pixel"}, {"position": {"minX": 122.9375, "minY": -2.89453125, "maxX": 155.125, "maxY": 10.078125}, "class_id": 0, "box_caption": "lao 0.011", "scores": {"class_score": 0.01142120361328125}, "domain": "pixel"}, {"position": {"minX": 658.0, "minY": 134.5, "maxX": 670.0, "maxY": 199.75}, "class_id": 0, "box_caption": "lao 0.011", "scores": {"class_score": 0.01140594482421875}, "domain": "pixel"}, {"position": {"minX": 100.75, "minY": -4.8359375, "maxX": 133.5, "maxY": 13.8359375}, "class_id": 0, "box_caption": "lao 0.011", "scores": {"class_score": 0.011383056640625}, "domain": "pixel"}, {"position": {"minX": 652.5, "minY": 169.0, "maxX": 673.5, "maxY": 205.75}, "class_id": 2, "box_caption": "vn_2_line 0.011", "scores": {"class_score": 0.01132965087890625}, "domain": "pixel"}, {"position": {"minX": 104.4375, "minY": -0.546875, "maxX": 128.5, "maxY": 12.265625}, "class_id": 0, "box_caption": "lao 0.011", "scores": {"class_score": 0.01129913330078125}, "domain": "pixel"}, {"position": {"minX": 62.09375, "minY": -12.28125, "maxX": 108.375, "maxY": 19.8125}, "class_id": 0, "box_caption": "lao 0.011", "scores": {"class_score": 0.01129913330078125}, "domain": "pixel"}, {"position": {"minX": 656.0, "minY": 120.0, "maxX": 674.0, "maxY": 172.5}, "class_id": 0, "box_caption": "lao 0.011", "scores": {"class_score": 0.01129150390625}, "domain": "pixel"}, {"position": {"minX": 91.375, "minY": -12.828125, "maxX": 137.875, "maxY": 17.765625}, "class_id": 0, "box_caption": "lao 0.011", "scores": {"class_score": 0.011260986328125}, "domain": "pixel"}, {"position": {"minX": 114.4375, "minY": -2.83203125, "maxX": 147.5, "maxY": 10.21875}, "class_id": 0, "box_caption": "lao 0.011", "scores": {"class_score": 0.01123046875}, "domain": "pixel"}, {"position": {"minX": 658.0, "minY": 274.0, "maxX": 670.0, "maxY": 368.5}, "class_id": 2, "box_caption": "vn_2_line 0.011", "scores": {"class_score": 0.01123046875}, "domain": "pixel"}, {"position": {"minX": 40.75, "minY": -0.53125, "maxX": 64.75, "maxY": 11.953125}, "class_id": 0, "box_caption": "lao 0.011", "scores": {"class_score": 0.01120758056640625}, "domain": "pixel"}, {"position": {"minX": 656.0, "minY": 159.875, "maxX": 674.0, "maxY": 212.625}, "class_id": 0, "box_caption": "lao 0.011", "scores": {"class_score": 0.0111846923828125}, "domain": "pixel"}, {"position": {"minX": 600.5, "minY": -0.46484375, "maxX": 624.5, "maxY": 12.3125}, "class_id": 0, "box_caption": "lao 0.011", "scores": {"class_score": 0.01105499267578125}, "domain": "pixel"}, {"position": {"minX": 299.25, "minY": 74.4375, "maxX": 408.75, "maxY": 141.75}, "class_id": 1, "box_caption": "vn_1_line 0.011", "scores": {"class_score": 0.0109710693359375}, "domain": "pixel"}, {"position": {"minX": 658.0, "minY": 214.375, "maxX": 670.0, "maxY": 279.5}, "class_id": 0, "box_caption": "lao 0.011", "scores": {"class_score": 0.010894775390625}, "domain": "pixel"}, {"position": {"minX": 0.875, "minY": 338.75, "maxX": 20.25, "maxY": 384.25}, "class_id": 2, "box_caption": "vn_2_line 0.011", "scores": {"class_score": 0.01088714599609375}, "domain": "pixel"}, {"position": {"minX": 412.0, "minY": 1.5625, "maxX": 469.5, "maxY": 41.9375}, "class_id": 1, "box_caption": "vn_1_line 0.011", "scores": {"class_score": 0.0108642578125}, "domain": "pixel"}, {"position": {"minX": 0.875, "minY": 338.75, "maxX": 20.25, "maxY": 384.25}, "class_id": 0, "box_caption": "lao 0.011", "scores": {"class_score": 0.0108489990234375}, "domain": "pixel"}, {"position": {"minX": 587.0, "minY": -2.6875, "maxX": 619.0, "maxY": 10.5}, "class_id": 0, "box_caption": "lao 0.011", "scores": {"class_score": 0.01080322265625}, "domain": "pixel"}, {"position": {"minX": 270.0, "minY": -2.4140625, "maxX": 317.5, "maxY": 29.15625}, "class_id": 0, "box_caption": "lao 0.011", "scores": {"class_score": 0.0107879638671875}, "domain": "pixel"}, {"position": {"minX": -4.6953125, "minY": 352.5, "maxX": 16.59375, "maxY": 383.0}, "class_id": 0, "box_caption": "lao 0.011", "scores": {"class_score": 0.01078033447265625}, "domain": "pixel"}, {"position": {"minX": 608.5, "minY": -0.53515625, "maxX": 632.5, "maxY": 12.28125}, "class_id": 0, "box_caption": "lao 0.011", "scores": {"class_score": 0.01064300537109375}, "domain": "pixel"}, {"position": {"minX": 652.0, "minY": 248.875, "maxX": 673.0, "maxY": 286.0}, "class_id": 2, "box_caption": "vn_2_line 0.011", "scores": {"class_score": 0.01059722900390625}, "domain": "pixel"}, {"position": {"minX": 652.0, "minY": 232.75, "maxX": 673.0, "maxY": 270.0}, "class_id": 2, "box_caption": "vn_2_line 0.011", "scores": {"class_score": 0.010589599609375}, "domain": "pixel"}, {"position": {"minX": 258.25, "minY": -2.078125, "maxX": 323.75, "maxY": 41.3125}, "class_id": 1, "box_caption": "vn_1_line 0.011", "scores": {"class_score": 0.010528564453125}, "domain": "pixel"}], "class_labels": {"0": "lao", "1": "vn_1_line", "2": "vn_2_line"}}