{"box_data": [{"position": {"minX": 358.75, "minY": 74.125, "maxX": 416.25, "maxY": 118.75}, "class_id": 0, "box_caption": "lao 0.401", "scores": {"class_score": 0.400634765625}, "domain": "pixel"}, {"position": {"minX": 455.25, "minY": 280.5, "maxX": 554.0, "maxY": 341.5}, "class_id": 1, "box_caption": "vn_1_line 0.387", "scores": {"class_score": 0.387451171875}, "domain": "pixel"}, {"position": {"minX": 484.25, "minY": 274.75, "maxX": 581.5, "maxY": 341.25}, "class_id": 1, "box_caption": "vn_1_line 0.378", "scores": {"class_score": 0.378173828125}, "domain": "pixel"}, {"position": {"minX": 425.25, "minY": 281.25, "maxX": 525.0, "maxY": 340.75}, "class_id": 1, "box_caption": "vn_1_line 0.373", "scores": {"class_score": 0.372802734375}, "domain": "pixel"}, {"position": {"minX": 393.0, "minY": 279.25, "maxX": 493.5, "maxY": 341.25}, "class_id": 1, "box_caption": "vn_1_line 0.313", "scores": {"class_score": 0.313232421875}, "domain": "pixel"}, {"position": {"minX": 361.0, "minY": 275.0, "maxX": 460.0, "maxY": 342.5}, "class_id": 1, "box_caption": "vn_1_line 0.248", "scores": {"class_score": 0.248046875}, "domain": "pixel"}, {"position": {"minX": 115.25, "minY": 256.25, "maxX": 323.5, "maxY": 373.75}, "class_id": 0, "box_caption": "lao 0.218", "scores": {"class_score": 0.21826171875}, "domain": "pixel"}, {"position": {"minX": -3.8125, "minY": 254.75, "maxX": 179.75, "maxY": 380.25}, "class_id": 0, "box_caption": "lao 0.212", "scores": {"class_score": 0.2119140625}, "domain": "pixel"}, {"position": {"minX": 514.0, "minY": 260.25, "maxX": 611.0, "maxY": 341.75}, "class_id": 1, "box_caption": "vn_1_line 0.198", "scores": {"class_score": 0.198486328125}, "domain": "pixel"}, {"position": {"minX": 156.125, "minY": 54.78125, "maxX": 269.0, "maxY": 128.25}, "class_id": 1, "box_caption": "vn_1_line 0.181", "scores": {"class_score": 0.1805419921875}, "domain": "pixel"}, {"position": {"minX": 428.0, "minY": 273.5, "maxX": 622.0, "maxY": 338.5}, "class_id": 1, "box_caption": "vn_1_line 0.179", "scores": {"class_score": 0.178955078125}, "domain": "pixel"}, {"position": {"minX": 364.5, "minY": 281.5, "maxX": 566.0, "maxY": 339.0}, "class_id": 1, "box_caption": "vn_1_line 0.172", "scores": {"class_score": 0.1722412109375}, "domain": "pixel"}, {"position": {"minX": 395.5, "minY": 67.625, "maxX": 480.5, "maxY": 114.625}, "class_id": 1, "box_caption": "vn_1_line 0.158", "scores": {"class_score": 0.158203125}, "domain": "pixel"}, {"position": {"minX": 323.0, "minY": 267.0, "maxX": 430.5, "maxY": 346.5}, "class_id": 1, "box_caption": "vn_1_line 0.148", "scores": {"class_score": 0.148193359375}, "domain": "pixel"}, {"position": {"minX": 465.0, "minY": 259.25, "maxX": 647.0, "maxY": 341.75}, "class_id": 1, "box_caption": "vn_1_line 0.138", "scores": {"class_score": 0.138427734375}, "domain": "pixel"}, {"position": {"minX": 302.0, "minY": 275.25, "maxX": 500.5, "maxY": 337.25}, "class_id": 1, "box_caption": "vn_1_line 0.136", "scores": {"class_score": 0.136474609375}, "domain": "pixel"}, {"position": {"minX": 35.6875, "minY": 49.78125, "maxX": 210.5, "maxY": 160.25}, "class_id": 0, "box_caption": "lao 0.128", "scores": {"class_score": 0.1282958984375}, "domain": "pixel"}, {"position": {"minX": -18.5, "minY": 259.0, "maxX": 159.25, "maxY": 384.5}, "class_id": 2, "box_caption": "vn_2_line 0.126", "scores": {"class_score": 0.1258544921875}, "domain": "pixel"}, {"position": {"minX": 176.625, "minY": 265.0, "maxX": 381.0, "maxY": 377.5}, "class_id": 0, "box_caption": "lao 0.117", "scores": {"class_score": 0.11676025390625}, "domain": "pixel"}, {"position": {"minX": 146.0, "minY": 224.875, "maxX": 339.5, "maxY": 348.5}, "class_id": 0, "box_caption": "lao 0.113", "scores": {"class_score": 0.11297607421875}, "domain": "pixel"}, {"position": {"minX": 7.84375, "minY": 281.0, "maxX": 127.75, "maxY": 396.5}, "class_id": 0, "box_caption": "lao 0.107", "scores": {"class_score": 0.10723876953125}, "domain": "pixel"}, {"position": {"minX": 415.75, "minY": 268.75, "maxX": 559.0, "maxY": 337.25}, "class_id": 1, "box_caption": "vn_1_line 0.107", "scores": {"class_score": 0.10675048828125}, "domain": "pixel"}, {"position": {"minX": -15.125, "minY": 131.375, "maxX": 151.375, "maxY": 257.0}, "class_id": 2, "box_caption": "vn_2_line 0.106", "scores": {"class_score": 0.1060791015625}, "domain": "pixel"}, {"position": {"minX": -16.375, "minY": 160.75, "maxX": 153.375, "maxY": 292.25}, "class_id": 2, "box_caption": "vn_2_line 0.105", "scores": {"class_score": 0.1046142578125}, "domain": "pixel"}, {"position": {"minX": 543.0, "minY": 7.296875, "maxX": 590.0, "maxY": 53.625}, "class_id": 0, "box_caption": "lao 0.102", "scores": {"class_score": 0.10162353515625}, "domain": "pixel"}, {"position": {"minX": -15.375, "minY": 106.9375, "maxX": 148.375, "maxY": 220.75}, "class_id": 0, "box_caption": "lao 0.101", "scores": {"class_score": 0.10101318359375}, "domain": "pixel"}, {"position": {"minX": 539.5, "minY": 241.5, "maxX": 646.5, "maxY": 320.0}, "class_id": 1, "box_caption": "vn_1_line 0.099", "scores": {"class_score": 0.09918212890625}, "domain": "pixel"}, {"position": {"minX": 53.75, "minY": 259.75, "maxX": 258.5, "maxY": 382.75}, "class_id": 0, "box_caption": "lao 0.099", "scores": {"class_score": 0.09906005859375}, "domain": "pixel"}, {"position": {"minX": 334.0, "minY": 69.625, "maxX": 429.0, "maxY": 127.625}, "class_id": 1, "box_caption": "vn_1_line 0.099", "scores": {"class_score": 0.0986328125}, "domain": "pixel"}, {"position": {"minX": 357.0, "minY": 67.1875, "maxX": 449.5, "maxY": 130.5}, "class_id": 1, "box_caption": "vn_1_line 0.096", "scores": {"class_score": 0.0958251953125}, "domain": "pixel"}, {"position": {"minX": 234.0, "minY": 272.0, "maxX": 453.0, "maxY": 379.0}, "class_id": 0, "box_caption": "lao 0.093", "scores": {"class_score": 0.0926513671875}, "domain": "pixel"}, {"position": {"minX": 357.0, "minY": 67.1875, "maxX": 449.5, "maxY": 130.5}, "class_id": 0, "box_caption": "lao 0.091", "scores": {"class_score": 0.0914306640625}, "domain": "pixel"}, {"position": {"minX": 476.25, "minY": 255.75, "maxX": 602.0, "maxY": 322.75}, "class_id": 1, "box_caption": "vn_1_line 0.090", "scores": {"class_score": 0.09039306640625}, "domain": "pixel"}, {"position": {"minX": 414.0, "minY": -4.65625, "maxX": 483.0, "maxY": 46.71875}, "class_id": 0, "box_caption": "lao 0.089", "scores": {"class_score": 0.08929443359375}, "domain": "pixel"}, {"position": {"minX": -3.4375, "minY": 82.875, "maxX": 165.75, "maxY": 191.625}, "class_id": 0, "box_caption": "lao 0.089", "scores": {"class_score": 0.089111328125}, "domain": "pixel"}, {"position": {"minX": 153.75, "minY": 197.25, "maxX": 331.5, "maxY": 318.25}, "class_id": 0, "box_caption": "lao 0.086", "scores": {"class_score": 0.085693359375}, "domain": "pixel"}, {"position": {"minX": 85.875, "minY": 225.5, "maxX": 287.0, "maxY": 351.0}, "class_id": 0, "box_caption": "lao 0.081", "scores": {"class_score": 0.081298828125}, "domain": "pixel"}, {"position": {"minX": -14.375, "minY": 127.9375, "maxX": 192.375, "maxY": 256.0}, "class_id": 0, "box_caption": "lao 0.080", "scores": {"class_score": 0.0797119140625}, "domain": "pixel"}, {"position": {"minX": 370.75, "minY": 269.5, "maxX": 508.25, "maxY": 336.0}, "class_id": 1, "box_caption": "vn_1_line 0.080", "scores": {"class_score": 0.07958984375}, "domain": "pixel"}, {"position": {"minX": 357.75, "minY": -3.875, "maxX": 457.75, "maxY": 54.125}, "class_id": 1, "box_caption": "vn_1_line 0.080", "scores": {"class_score": 0.07952880859375}, "domain": "pixel"}, {"position": {"minX": 327.5, "minY": -1.890625, "maxX": 425.5, "maxY": 54.6875}, "class_id": 1, "box_caption": "vn_1_line 0.079", "scores": {"class_score": 0.0789794921875}, "domain": "pixel"}, {"position": {"minX": 493.25, "minY": 267.5, "maxX": 594.5, "maxY": 316.5}, "class_id": 1, "box_caption": "vn_1_line 0.076", "scores": {"class_score": 0.076171875}, "domain": "pixel"}, {"position": {"minX": -15.375, "minY": 106.9375, "maxX": 148.375, "maxY": 220.75}, "class_id": 2, "box_caption": "vn_2_line 0.076", "scores": {"class_score": 0.07550048828125}, "domain": "pixel"}, {"position": {"minX": 51.625, "minY": 67.25, "maxX": 249.375, "maxY": 191.75}, "class_id": 0, "box_caption": "lao 0.075", "scores": {"class_score": 0.07470703125}, "domain": "pixel"}, {"position": {"minX": 158.75, "minY": 283.0, "maxX": 291.25, "maxY": 393.0}, "class_id": 0, "box_caption": "lao 0.073", "scores": {"class_score": 0.0733642578125}, "domain": "pixel"}, {"position": {"minX": 344.0, "minY": 281.5, "maxX": 597.5, "maxY": 380.5}, "class_id": 1, "box_caption": "vn_1_line 0.073", "scores": {"class_score": 0.0726318359375}, "domain": "pixel"}, {"position": {"minX": 114.5625, "minY": 72.0, "maxX": 311.5, "maxY": 188.75}, "class_id": 0, "box_caption": "lao 0.072", "scores": {"class_score": 0.07220458984375}, "domain": "pixel"}, {"position": {"minX": 242.75, "minY": 261.5, "maxX": 439.75, "maxY": 348.0}, "class_id": 1, "box_caption": "vn_1_line 0.070", "scores": {"class_score": 0.070068359375}, "domain": "pixel"}, {"position": {"minX": 18.75, "minY": 97.0, "maxX": 219.25, "maxY": 224.25}, "class_id": 0, "box_caption": "lao 0.069", "scores": {"class_score": 0.06927490234375}, "domain": "pixel"}, {"position": {"minX": 89.375, "minY": 62.25, "maxX": 270.5, "maxY": 154.25}, "class_id": 1, "box_caption": "vn_1_line 0.069", "scores": {"class_score": 0.069091796875}, "domain": "pixel"}, {"position": {"minX": 133.0, "minY": 278.25, "maxX": 258.0, "maxY": 396.25}, "class_id": 0, "box_caption": "lao 0.068", "scores": {"class_score": 0.0684814453125}, "domain": "pixel"}, {"position": {"minX": 503.25, "minY": 238.0, "maxX": 675.0, "maxY": 319.0}, "class_id": 1, "box_caption": "vn_1_line 0.068", "scores": {"class_score": 0.0679931640625}, "domain": "pixel"}, {"position": {"minX": -17.1875, "minY": 222.5, "maxX": 153.75, "maxY": 360.0}, "class_id": 0, "box_caption": "lao 0.068", "scores": {"class_score": 0.06781005859375}, "domain": "pixel"}, {"position": {"minX": 215.25, "minY": 250.375, "maxX": 401.75, "maxY": 354.25}, "class_id": 0, "box_caption": "lao 0.067", "scores": {"class_score": 0.0665283203125}, "domain": "pixel"}, {"position": {"minX": 387.0, "minY": -4.15625, "maxX": 484.0, "maxY": 55.84375}, "class_id": 0, "box_caption": "lao 0.066", "scores": {"class_score": 0.06634521484375}, "domain": "pixel"}, {"position": {"minX": 312.5, "minY": -1.796875, "maxX": 405.5, "maxY": 46.25}, "class_id": 1, "box_caption": "vn_1_line 0.066", "scores": {"class_score": 0.06597900390625}, "domain": "pixel"}, {"position": {"minX": 89.375, "minY": 62.25, "maxX": 270.5, "maxY": 154.25}, "class_id": 0, "box_caption": "lao 0.062", "scores": {"class_score": 0.0621337890625}, "domain": "pixel"}, {"position": {"minX": 278.5, "minY": 281.5, "maxX": 536.5, "maxY": 381.5}, "class_id": 1, "box_caption": "vn_1_line 0.062", "scores": {"class_score": 0.06201171875}, "domain": "pixel"}, {"position": {"minX": 394.0, "minY": -4.71875, "maxX": 478.5, "maxY": 45.59375}, "class_id": 1, "box_caption": "vn_1_line 0.062", "scores": {"class_score": 0.0616455078125}, "domain": "pixel"}, {"position": {"minX": 287.0, "minY": 258.0, "maxX": 403.0, "maxY": 353.5}, "class_id": 1, "box_caption": "vn_1_line 0.061", "scores": {"class_score": 0.06121826171875}, "domain": "pixel"}, {"position": {"minX": -16.375, "minY": 160.75, "maxX": 153.375, "maxY": 292.25}, "class_id": 0, "box_caption": "lao 0.061", "scores": {"class_score": 0.06103515625}, "domain": "pixel"}, {"position": {"minX": 115.25, "minY": 256.25, "maxX": 323.5, "maxY": 373.75}, "class_id": 2, "box_caption": "vn_2_line 0.061", "scores": {"class_score": 0.06085205078125}, "domain": "pixel"}, {"position": {"minX": 297.0, "minY": 259.5, "maxX": 420.0, "maxY": 313.5}, "class_id": 1, "box_caption": "vn_1_line 0.060", "scores": {"class_score": 0.06005859375}, "domain": "pixel"}, {"position": {"minX": 84.125, "minY": 194.625, "maxX": 289.0, "maxY": 319.0}, "class_id": 0, "box_caption": "lao 0.059", "scores": {"class_score": 0.059478759765625}, "domain": "pixel"}, {"position": {"minX": 234.0, "minY": 272.0, "maxX": 453.0, "maxY": 379.0}, "class_id": 1, "box_caption": "vn_1_line 0.059", "scores": {"class_score": 0.058837890625}, "domain": "pixel"}, {"position": {"minX": 402.5, "minY": 275.75, "maxX": 658.5, "maxY": 381.25}, "class_id": 1, "box_caption": "vn_1_line 0.058", "scores": {"class_score": 0.05828857421875}, "domain": "pixel"}, {"position": {"minX": -16.8125, "minY": 183.5, "maxX": 192.75, "maxY": 324.5}, "class_id": 0, "box_caption": "lao 0.058", "scores": {"class_score": 0.05816650390625}, "domain": "pixel"}, {"position": {"minX": 406.75, "minY": 70.9375, "maxX": 491.25, "maxY": 105.6875}, "class_id": 1, "box_caption": "vn_1_line 0.058", "scores": {"class_score": 0.05810546875}, "domain": "pixel"}, {"position": {"minX": 355.5, "minY": 268.75, "maxX": 462.5, "maxY": 318.75}, "class_id": 1, "box_caption": "vn_1_line 0.057", "scores": {"class_score": 0.05657958984375}, "domain": "pixel"}, {"position": {"minX": -3.4375, "minY": 82.875, "maxX": 165.75, "maxY": 191.625}, "class_id": 1, "box_caption": "vn_1_line 0.055", "scores": {"class_score": 0.054931640625}, "domain": "pixel"}, {"position": {"minX": 18.25, "minY": 155.125, "maxX": 222.25, "maxY": 289.0}, "class_id": 0, "box_caption": "lao 0.055", "scores": {"class_score": 0.054718017578125}, "domain": "pixel"}, {"position": {"minX": 500.5, "minY": 242.125, "maxX": 671.5, "maxY": 346.0}, "class_id": 0, "box_caption": "lao 0.054", "scores": {"class_score": 0.054107666015625}, "domain": "pixel"}, {"position": {"minX": 465.0, "minY": 259.25, "maxX": 647.0, "maxY": 341.75}, "class_id": 0, "box_caption": "lao 0.054", "scores": {"class_score": 0.053741455078125}, "domain": "pixel"}, {"position": {"minX": 124.5625, "minY": 55.5625, "maxX": 239.5, "maxY": 160.25}, "class_id": 1, "box_caption": "vn_1_line 0.053", "scores": {"class_score": 0.053192138671875}, "domain": "pixel"}, {"position": {"minX": 411.0, "minY": 285.75, "maxX": 542.0, "maxY": 368.75}, "class_id": 1, "box_caption": "vn_1_line 0.052", "scores": {"class_score": 0.051788330078125}, "domain": "pixel"}, {"position": {"minX": -16.8125, "minY": 183.5, "maxX": 192.75, "maxY": 324.5}, "class_id": 2, "box_caption": "vn_2_line 0.051", "scores": {"class_score": 0.0506591796875}, "domain": "pixel"}, {"position": {"minX": -19.1875, "minY": 213.5, "maxX": 199.0, "maxY": 363.5}, "class_id": 2, "box_caption": "vn_2_line 0.051", "scores": {"class_score": 0.050506591796875}, "domain": "pixel"}, {"position": {"minX": 358.75, "minY": 74.125, "maxX": 416.25, "maxY": 118.75}, "class_id": 1, "box_caption": "vn_1_line 0.050", "scores": {"class_score": 0.04986572265625}, "domain": "pixel"}, {"position": {"minX": 265.25, "minY": 260.75, "maxX": 463.75, "maxY": 324.25}, "class_id": 1, "box_caption": "vn_1_line 0.050", "scores": {"class_score": 0.04962158203125}, "domain": "pixel"}, {"position": {"minX": 88.375, "minY": 288.0, "maxX": 207.625, "maxY": 395.5}, "class_id": 0, "box_caption": "lao 0.049", "scores": {"class_score": 0.049468994140625}, "domain": "pixel"}, {"position": {"minX": 14.75, "minY": 215.75, "maxX": 229.75, "maxY": 358.75}, "class_id": 0, "box_caption": "lao 0.047", "scores": {"class_score": 0.047119140625}, "domain": "pixel"}, {"position": {"minX": 375.5, "minY": 287.0, "maxX": 513.0, "maxY": 370.0}, "class_id": 1, "box_caption": "vn_1_line 0.047", "scores": {"class_score": 0.04656982421875}, "domain": "pixel"}, {"position": {"minX": 357.75, "minY": -3.875, "maxX": 457.75, "maxY": 54.125}, "class_id": 0, "box_caption": "lao 0.046", "scores": {"class_score": 0.046234130859375}, "domain": "pixel"}, {"position": {"minX": 114.9375, "minY": 167.75, "maxX": 314.5, "maxY": 286.5}, "class_id": 0, "box_caption": "lao 0.046", "scores": {"class_score": 0.045928955078125}, "domain": "pixel"}, {"position": {"minX": 49.6875, "minY": 128.375, "maxX": 248.75, "maxY": 259.0}, "class_id": 0, "box_caption": "lao 0.045", "scores": {"class_score": 0.04547119140625}, "domain": "pixel"}, {"position": {"minX": 514.0, "minY": 24.90625, "maxX": 610.0, "maxY": 123.125}, "class_id": 2, "box_caption": "vn_2_line 0.045", "scores": {"class_score": 0.0445556640625}, "domain": "pixel"}, {"position": {"minX": 115.25, "minY": 256.25, "maxX": 323.5, "maxY": 373.75}, "class_id": 1, "box_caption": "vn_1_line 0.044", "scores": {"class_score": 0.04425048828125}, "domain": "pixel"}, {"position": {"minX": 549.0, "minY": 4.015625, "maxX": 592.0, "maxY": 40.8125}, "class_id": 0, "box_caption": "lao 0.044", "scores": {"class_score": 0.043609619140625}, "domain": "pixel"}, {"position": {"minX": 142.5, "minY": 246.125, "maxX": 276.0, "maxY": 368.0}, "class_id": 0, "box_caption": "lao 0.043", "scores": {"class_score": 0.042633056640625}, "domain": "pixel"}, {"position": {"minX": 85.875, "minY": 225.5, "maxX": 287.0, "maxY": 351.0}, "class_id": 2, "box_caption": "vn_2_line 0.042", "scores": {"class_score": 0.0416259765625}, "domain": "pixel"}, {"position": {"minX": 176.625, "minY": 265.0, "maxX": 381.0, "maxY": 377.5}, "class_id": 1, "box_caption": "vn_1_line 0.041", "scores": {"class_score": 0.041473388671875}, "domain": "pixel"}, {"position": {"minX": 434.5, "minY": 0.671875, "maxX": 490.0, "maxY": 46.1875}, "class_id": 0, "box_caption": "lao 0.041", "scores": {"class_score": 0.041168212890625}, "domain": "pixel"}, {"position": {"minX": 458.0, "minY": 273.25, "maxX": 562.5, "maxY": 316.25}, "class_id": 1, "box_caption": "vn_1_line 0.041", "scores": {"class_score": 0.04095458984375}, "domain": "pixel"}, {"position": {"minX": 470.5, "minY": 284.0, "maxX": 603.5, "maxY": 366.5}, "class_id": 1, "box_caption": "vn_1_line 0.041", "scores": {"class_score": 0.040924072265625}, "domain": "pixel"}, {"position": {"minX": 80.625, "minY": 72.25, "maxX": 285.0, "maxY": 186.0}, "class_id": 1, "box_caption": "vn_1_line 0.041", "scores": {"class_score": 0.04083251953125}, "domain": "pixel"}, {"position": {"minX": 188.875, "minY": 173.0, "maxX": 349.0, "maxY": 295.5}, "class_id": 0, "box_caption": "lao 0.041", "scores": {"class_score": 0.04083251953125}, "domain": "pixel"}, {"position": {"minX": 26.6875, "minY": 68.875, "maxX": 210.25, "maxY": 188.625}, "class_id": 1, "box_caption": "vn_1_line 0.041", "scores": {"class_score": 0.040771484375}, "domain": "pixel"}, {"position": {"minX": 124.4375, "minY": 57.09375, "maxX": 291.75, "maxY": 126.625}, "class_id": 0, "box_caption": "lao 0.041", "scores": {"class_score": 0.04071044921875}, "domain": "pixel"}, {"position": {"minX": 105.5, "minY": 317.0, "maxX": 223.75, "maxY": 388.0}, "class_id": 1, "box_caption": "vn_1_line 0.040", "scores": {"class_score": 0.040252685546875}, "domain": "pixel"}, {"position": {"minX": 514.0, "minY": 260.25, "maxX": 611.0, "maxY": 341.75}, "class_id": 0, "box_caption": "lao 0.040", "scores": {"class_score": 0.04010009765625}, "domain": "pixel"}, {"position": {"minX": 522.0, "minY": -4.40625, "maxX": 613.0, "maxY": 99.0}, "class_id": 2, "box_caption": "vn_2_line 0.040", "scores": {"class_score": 0.039947509765625}, "domain": "pixel"}, {"position": {"minX": 483.5, "minY": 274.25, "maxX": 698.5, "maxY": 384.75}, "class_id": 1, "box_caption": "vn_1_line 0.040", "scores": {"class_score": 0.039642333984375}, "domain": "pixel"}, {"position": {"minX": 52.25, "minY": 285.0, "maxX": 178.0, "maxY": 394.5}, "class_id": 0, "box_caption": "lao 0.040", "scores": {"class_score": 0.039581298828125}, "domain": "pixel"}, {"position": {"minX": 25.4375, "minY": 256.25, "maxX": 216.0, "maxY": 382.25}, "class_id": 2, "box_caption": "vn_2_line 0.039", "scores": {"class_score": 0.039459228515625}, "domain": "pixel"}, {"position": {"minX": 149.5, "minY": 105.4375, "maxX": 328.25, "maxY": 225.75}, "class_id": 0, "box_caption": "lao 0.039", "scores": {"class_score": 0.039398193359375}, "domain": "pixel"}, {"position": {"minX": 20.0625, "minY": 56.28125, "maxX": 178.5, "maxY": 166.75}, "class_id": 2, "box_caption": "vn_2_line 0.039", "scores": {"class_score": 0.039337158203125}, "domain": "pixel"}, {"position": {"minX": 5.0625, "minY": 104.5625, "maxX": 122.875, "maxY": 198.5}, "class_id": 0, "box_caption": "lao 0.039", "scores": {"class_score": 0.039031982421875}, "domain": "pixel"}, {"position": {"minX": 60.75, "minY": 41.71875, "maxX": 242.75, "maxY": 151.5}, "class_id": 1, "box_caption": "vn_1_line 0.039", "scores": {"class_score": 0.03875732421875}, "domain": "pixel"}, {"position": {"minX": 151.125, "minY": 51.1875, "maxX": 304.0, "maxY": 157.75}, "class_id": 0, "box_caption": "lao 0.038", "scores": {"class_score": 0.037994384765625}, "domain": "pixel"}, {"position": {"minX": 210.125, "minY": 282.5, "maxX": 338.0, "maxY": 394.0}, "class_id": 0, "box_caption": "lao 0.038", "scores": {"class_score": 0.037811279296875}, "domain": "pixel"}, {"position": {"minX": 328.5, "minY": 261.5, "maxX": 451.5, "maxY": 313.0}, "class_id": 1, "box_caption": "vn_1_line 0.038", "scores": {"class_score": 0.0377197265625}, "domain": "pixel"}, {"position": {"minX": 425.25, "minY": 274.75, "maxX": 529.5, "maxY": 317.25}, "class_id": 1, "box_caption": "vn_1_line 0.038", "scores": {"class_score": 0.03753662109375}, "domain": "pixel"}, {"position": {"minX": 327.5, "minY": -1.890625, "maxX": 425.5, "maxY": 54.6875}, "class_id": 0, "box_caption": "lao 0.037", "scores": {"class_score": 0.03717041015625}, "domain": "pixel"}, {"position": {"minX": 303.0, "minY": 66.5, "maxX": 387.5, "maxY": 108.75}, "class_id": 1, "box_caption": "vn_1_line 0.037", "scores": {"class_score": 0.03680419921875}, "domain": "pixel"}, {"position": {"minX": 386.5, "minY": -3.703125, "maxX": 486.0, "maxY": 66.0}, "class_id": 1, "box_caption": "vn_1_line 0.037", "scores": {"class_score": 0.036590576171875}, "domain": "pixel"}, {"position": {"minX": 386.0, "minY": 259.0, "maxX": 520.5, "maxY": 358.5}, "class_id": 1, "box_caption": "vn_1_line 0.036", "scores": {"class_score": 0.036041259765625}, "domain": "pixel"}, {"position": {"minX": 483.5, "minY": 274.25, "maxX": 698.5, "maxY": 384.75}, "class_id": 0, "box_caption": "lao 0.035", "scores": {"class_score": 0.0350341796875}, "domain": "pixel"}, {"position": {"minX": 501.25, "minY": 279.25, "maxX": 638.0, "maxY": 370.75}, "class_id": 1, "box_caption": "vn_1_line 0.035", "scores": {"class_score": 0.034912109375}, "domain": "pixel"}, {"position": {"minX": 307.0, "minY": 0.203125, "maxX": 387.5, "maxY": 46.5}, "class_id": 0, "box_caption": "lao 0.035", "scores": {"class_score": 0.034820556640625}, "domain": "pixel"}, {"position": {"minX": 166.5, "minY": 316.25, "maxX": 289.25, "maxY": 387.75}, "class_id": 1, "box_caption": "vn_1_line 0.035", "scores": {"class_score": 0.03466796875}, "domain": "pixel"}, {"position": {"minX": 79.0625, "minY": 101.6875, "maxX": 285.0, "maxY": 222.75}, "class_id": 0, "box_caption": "lao 0.034", "scores": {"class_score": 0.034332275390625}, "domain": "pixel"}, {"position": {"minX": 178.625, "minY": 42.46875, "maxX": 279.0, "maxY": 124.125}, "class_id": 0, "box_caption": "lao 0.034", "scores": {"class_score": 0.034210205078125}, "domain": "pixel"}, {"position": {"minX": 18.25, "minY": 155.125, "maxX": 222.25, "maxY": 289.0}, "class_id": 2, "box_caption": "vn_2_line 0.034", "scores": {"class_score": 0.033843994140625}, "domain": "pixel"}, {"position": {"minX": 146.0, "minY": 224.875, "maxX": 339.5, "maxY": 348.5}, "class_id": 2, "box_caption": "vn_2_line 0.034", "scores": {"class_score": 0.03369140625}, "domain": "pixel"}, {"position": {"minX": 263.75, "minY": 314.5, "maxX": 380.75, "maxY": 387.0}, "class_id": 1, "box_caption": "vn_1_line 0.034", "scores": {"class_score": 0.033538818359375}, "domain": "pixel"}, {"position": {"minX": -15.375, "minY": 106.9375, "maxX": 148.375, "maxY": 220.75}, "class_id": 1, "box_caption": "vn_1_line 0.034", "scores": {"class_score": 0.033538818359375}, "domain": "pixel"}, {"position": {"minX": 84.125, "minY": 194.625, "maxX": 289.0, "maxY": 319.0}, "class_id": 2, "box_caption": "vn_2_line 0.033", "scores": {"class_score": 0.033294677734375}, "domain": "pixel"}, {"position": {"minX": 344.0, "minY": 281.5, "maxX": 597.5, "maxY": 380.5}, "class_id": 0, "box_caption": "lao 0.033", "scores": {"class_score": 0.0330810546875}, "domain": "pixel"}, {"position": {"minX": 391.75, "minY": 272.5, "maxX": 496.25, "maxY": 318.5}, "class_id": 1, "box_caption": "vn_1_line 0.033", "scores": {"class_score": 0.032928466796875}, "domain": "pixel"}, {"position": {"minX": 18.75, "minY": 97.0, "maxX": 219.25, "maxY": 224.25}, "class_id": 1, "box_caption": "vn_1_line 0.033", "scores": {"class_score": 0.032745361328125}, "domain": "pixel"}, {"position": {"minX": 358.75, "minY": 74.125, "maxX": 416.25, "maxY": 118.75}, "class_id": 2, "box_caption": "vn_2_line 0.033", "scores": {"class_score": 0.03271484375}, "domain": "pixel"}, {"position": {"minX": 346.0, "minY": 319.25, "maxX": 460.0, "maxY": 383.75}, "class_id": 1, "box_caption": "vn_1_line 0.033", "scores": {"class_score": 0.032623291015625}, "domain": "pixel"}, {"position": {"minX": -15.125, "minY": 131.375, "maxX": 151.375, "maxY": 257.0}, "class_id": 1, "box_caption": "vn_1_line 0.033", "scores": {"class_score": 0.032501220703125}, "domain": "pixel"}, {"position": {"minX": 541.5, "minY": -6.125, "maxX": 612.5, "maxY": 55.71875}, "class_id": 0, "box_caption": "lao 0.032", "scores": {"class_score": 0.0322265625}, "domain": "pixel"}, {"position": {"minX": 382.0, "minY": 312.5, "maxX": 486.0, "maxY": 380.5}, "class_id": 1, "box_caption": "vn_1_line 0.032", "scores": {"class_score": 0.032196044921875}, "domain": "pixel"}, {"position": {"minX": 217.25, "minY": 227.125, "maxX": 389.75, "maxY": 332.25}, "class_id": 1, "box_caption": "vn_1_line 0.032", "scores": {"class_score": 0.032012939453125}, "domain": "pixel"}, {"position": {"minX": 407.5, "minY": 316.5, "maxX": 524.5, "maxY": 385.5}, "class_id": 1, "box_caption": "vn_1_line 0.032", "scores": {"class_score": 0.0318603515625}, "domain": "pixel"}, {"position": {"minX": -18.5, "minY": 259.0, "maxX": 159.25, "maxY": 384.5}, "class_id": 1, "box_caption": "vn_1_line 0.032", "scores": {"class_score": 0.03167724609375}, "domain": "pixel"}, {"position": {"minX": 512.5, "minY": 240.5, "maxX": 633.5, "maxY": 306.5}, "class_id": 1, "box_caption": "vn_1_line 0.031", "scores": {"class_score": 0.031280517578125}, "domain": "pixel"}, {"position": {"minX": 175.875, "minY": 214.75, "maxX": 306.0, "maxY": 334.25}, "class_id": 0, "box_caption": "lao 0.031", "scores": {"class_score": 0.031097412109375}, "domain": "pixel"}, {"position": {"minX": 539.5, "minY": 241.5, "maxX": 646.5, "maxY": 320.0}, "class_id": 0, "box_caption": "lao 0.031", "scores": {"class_score": 0.031036376953125}, "domain": "pixel"}, {"position": {"minX": 346.0, "minY": 65.75, "maxX": 421.0, "maxY": 124.25}, "class_id": 0, "box_caption": "lao 0.030", "scores": {"class_score": 0.030426025390625}, "domain": "pixel"}, {"position": {"minX": -9.21875, "minY": 121.875, "maxX": 114.5, "maxY": 235.875}, "class_id": 0, "box_caption": "lao 0.030", "scores": {"class_score": 0.0304107666015625}, "domain": "pixel"}, {"position": {"minX": 124.5625, "minY": 55.5625, "maxX": 239.5, "maxY": 160.25}, "class_id": 0, "box_caption": "lao 0.030", "scores": {"class_score": 0.030029296875}, "domain": "pixel"}, {"position": {"minX": 272.25, "minY": 267.0, "maxX": 467.75, "maxY": 340.0}, "class_id": 0, "box_caption": "lao 0.030", "scores": {"class_score": 0.029998779296875}, "domain": "pixel"}, {"position": {"minX": 339.0, "minY": 312.75, "maxX": 506.0, "maxY": 391.75}, "class_id": 1, "box_caption": "vn_1_line 0.030", "scores": {"class_score": 0.0298614501953125}, "domain": "pixel"}, {"position": {"minX": 232.625, "minY": 315.25, "maxX": 348.0, "maxY": 387.25}, "class_id": 1, "box_caption": "vn_1_line 0.030", "scores": {"class_score": 0.0296630859375}, "domain": "pixel"}, {"position": {"minX": 278.5, "minY": 281.5, "maxX": 536.5, "maxY": 381.5}, "class_id": 0, "box_caption": "lao 0.029", "scores": {"class_score": 0.0293731689453125}, "domain": "pixel"}, {"position": {"minX": 444.0, "minY": 252.5, "maxX": 584.0, "maxY": 360.5}, "class_id": 1, "box_caption": "vn_1_line 0.029", "scores": {"class_score": 0.0290985107421875}, "domain": "pixel"}, {"position": {"minX": 197.75, "minY": 316.75, "maxX": 321.75, "maxY": 388.25}, "class_id": 1, "box_caption": "vn_1_line 0.029", "scores": {"class_score": 0.0288238525390625}, "domain": "pixel"}, {"position": {"minX": 539.0, "minY": 219.125, "maxX": 675.0, "maxY": 328.0}, "class_id": 0, "box_caption": "lao 0.029", "scores": {"class_score": 0.0285797119140625}, "domain": "pixel"}, {"position": {"minX": -3.4375, "minY": 82.875, "maxX": 165.75, "maxY": 191.625}, "class_id": 2, "box_caption": "vn_2_line 0.028", "scores": {"class_score": 0.0284576416015625}, "domain": "pixel"}, {"position": {"minX": 102.875, "minY": 59.65625, "maxX": 234.625, "maxY": 130.25}, "class_id": 1, "box_caption": "vn_1_line 0.028", "scores": {"class_score": 0.0283966064453125}, "domain": "pixel"}, {"position": {"minX": 330.5, "minY": 54.5625, "maxX": 473.5, "maxY": 130.25}, "class_id": 1, "box_caption": "vn_1_line 0.028", "scores": {"class_score": 0.028350830078125}, "domain": "pixel"}, {"position": {"minX": 112.0, "minY": 131.125, "maxX": 310.5, "maxY": 256.75}, "class_id": 0, "box_caption": "lao 0.028", "scores": {"class_score": 0.028289794921875}, "domain": "pixel"}, {"position": {"minX": 295.5, "minY": 315.0, "maxX": 411.0, "maxY": 386.5}, "class_id": 1, "box_caption": "vn_1_line 0.028", "scores": {"class_score": 0.0282135009765625}, "domain": "pixel"}, {"position": {"minX": 134.625, "minY": 312.75, "maxX": 254.375, "maxY": 388.75}, "class_id": 1, "box_caption": "vn_1_line 0.028", "scores": {"class_score": 0.0280303955078125}, "domain": "pixel"}, {"position": {"minX": -16.375, "minY": 160.75, "maxX": 153.375, "maxY": 292.25}, "class_id": 1, "box_caption": "vn_1_line 0.028", "scores": {"class_score": 0.0279693603515625}, "domain": "pixel"}, {"position": {"minX": 287.0, "minY": 258.0, "maxX": 403.0, "maxY": 353.5}, "class_id": 0, "box_caption": "lao 0.028", "scores": {"class_score": 0.0279388427734375}, "domain": "pixel"}, {"position": {"minX": -5.21875, "minY": 310.0, "maxX": 108.375, "maxY": 393.0}, "class_id": 0, "box_caption": "lao 0.028", "scores": {"class_score": 0.0277099609375}, "domain": "pixel"}, {"position": {"minX": -9.125, "minY": 111.125, "maxX": 118.125, "maxY": 194.875}, "class_id": 1, "box_caption": "vn_1_line 0.028", "scores": {"class_score": 0.0276031494140625}, "domain": "pixel"}, {"position": {"minX": -1.125, "minY": -12.84375, "maxX": 123.1875, "maxY": 99.125}, "class_id": 0, "box_caption": "lao 0.028", "scores": {"class_score": 0.027587890625}, "domain": "pixel"}, {"position": {"minX": 428.0, "minY": 273.5, "maxX": 622.0, "maxY": 338.5}, "class_id": 0, "box_caption": "lao 0.028", "scores": {"class_score": 0.027557373046875}, "domain": "pixel"}, {"position": {"minX": -16.0, "minY": 244.5, "maxX": 119.0, "maxY": 403.5}, "class_id": 0, "box_caption": "lao 0.027", "scores": {"class_score": 0.0273284912109375}, "domain": "pixel"}, {"position": {"minX": 146.0, "minY": 224.875, "maxX": 339.5, "maxY": 348.5}, "class_id": 1, "box_caption": "vn_1_line 0.027", "scores": {"class_score": 0.02716064453125}, "domain": "pixel"}, {"position": {"minX": 153.75, "minY": 197.25, "maxX": 331.5, "maxY": 318.25}, "class_id": 2, "box_caption": "vn_2_line 0.027", "scores": {"class_score": 0.026824951171875}, "domain": "pixel"}, {"position": {"minX": 330.5, "minY": 54.5625, "maxX": 473.5, "maxY": 130.25}, "class_id": 0, "box_caption": "lao 0.027", "scores": {"class_score": 0.026763916015625}, "domain": "pixel"}, {"position": {"minX": 309.25, "minY": 68.375, "maxX": 396.75, "maxY": 124.625}, "class_id": 1, "box_caption": "vn_1_line 0.027", "scores": {"class_score": 0.0267486572265625}, "domain": "pixel"}, {"position": {"minX": 132.625, "minY": 202.75, "maxX": 257.5, "maxY": 316.75}, "class_id": 0, "box_caption": "lao 0.027", "scores": {"class_score": 0.02655029296875}, "domain": "pixel"}, {"position": {"minX": 18.75, "minY": 97.0, "maxX": 219.25, "maxY": 224.25}, "class_id": 2, "box_caption": "vn_2_line 0.027", "scores": {"class_score": 0.02655029296875}, "domain": "pixel"}, {"position": {"minX": -9.0625, "minY": 213.75, "maxX": 112.875, "maxY": 334.75}, "class_id": 0, "box_caption": "lao 0.026", "scores": {"class_score": 0.0264434814453125}, "domain": "pixel"}, {"position": {"minX": 151.125, "minY": 51.1875, "maxX": 304.0, "maxY": 157.75}, "class_id": 1, "box_caption": "vn_1_line 0.026", "scores": {"class_score": 0.0263671875}, "domain": "pixel"}, {"position": {"minX": 30.125, "minY": 30.03125, "maxX": 162.375, "maxY": 137.0}, "class_id": 2, "box_caption": "vn_2_line 0.026", "scores": {"class_score": 0.0263214111328125}, "domain": "pixel"}, {"position": {"minX": 543.0, "minY": 7.296875, "maxX": 590.0, "maxY": 53.625}, "class_id": 2, "box_caption": "vn_2_line 0.026", "scores": {"class_score": 0.0262451171875}, "domain": "pixel"}, {"position": {"minX": 53.75, "minY": 259.75, "maxX": 258.5, "maxY": 382.75}, "class_id": 1, "box_caption": "vn_1_line 0.026", "scores": {"class_score": 0.02618408203125}, "domain": "pixel"}, {"position": {"minX": 79.0625, "minY": 101.6875, "maxX": 285.0, "maxY": 222.75}, "class_id": 1, "box_caption": "vn_1_line 0.026", "scores": {"class_score": 0.0261688232421875}, "domain": "pixel"}, {"position": {"minX": 257.75, "minY": 286.0, "maxX": 386.75, "maxY": 391.0}, "class_id": 0, "box_caption": "lao 0.026", "scores": {"class_score": 0.026123046875}, "domain": "pixel"}, {"position": {"minX": 20.375, "minY": 128.5, "maxX": 217.875, "maxY": 257.25}, "class_id": 1, "box_caption": "vn_1_line 0.026", "scores": {"class_score": 0.02606201171875}, "domain": "pixel"}, {"position": {"minX": 102.875, "minY": 235.0, "maxX": 226.625, "maxY": 346.5}, "class_id": 0, "box_caption": "lao 0.026", "scores": {"class_score": 0.0255584716796875}, "domain": "pixel"}, {"position": {"minX": 539.5, "minY": 310.0, "maxX": 640.5, "maxY": 380.5}, "class_id": 1, "box_caption": "vn_1_line 0.025", "scores": {"class_score": 0.0252685546875}, "domain": "pixel"}, {"position": {"minX": 517.5, "minY": 49.96875, "maxX": 607.5, "maxY": 144.75}, "class_id": 2, "box_caption": "vn_2_line 0.025", "scores": {"class_score": 0.0252227783203125}, "domain": "pixel"}, {"position": {"minX": 76.0625, "minY": 318.5, "maxX": 192.0, "maxY": 388.0}, "class_id": 1, "box_caption": "vn_1_line 0.025", "scores": {"class_score": 0.025115966796875}, "domain": "pixel"}, {"position": {"minX": 85.875, "minY": 225.5, "maxX": 287.0, "maxY": 351.0}, "class_id": 1, "box_caption": "vn_1_line 0.025", "scores": {"class_score": 0.0250396728515625}, "domain": "pixel"}, {"position": {"minX": 169.0, "minY": 263.0, "maxX": 295.75, "maxY": 362.0}, "class_id": 0, "box_caption": "lao 0.025", "scores": {"class_score": 0.024932861328125}, "domain": "pixel"}, {"position": {"minX": 0.28125, "minY": 114.625, "maxX": 97.0, "maxY": 174.625}, "class_id": 1, "box_caption": "vn_1_line 0.025", "scores": {"class_score": 0.024749755859375}, "domain": "pixel"}, {"position": {"minX": 246.5, "minY": 251.125, "maxX": 371.5, "maxY": 357.75}, "class_id": 1, "box_caption": "vn_1_line 0.024", "scores": {"class_score": 0.0244598388671875}, "domain": "pixel"}, {"position": {"minX": 176.625, "minY": 265.0, "maxX": 381.0, "maxY": 377.5}, "class_id": 2, "box_caption": "vn_2_line 0.024", "scores": {"class_score": 0.0243377685546875}, "domain": "pixel"}, {"position": {"minX": 111.875, "minY": 196.75, "maxX": 319.5, "maxY": 318.25}, "class_id": 1, "box_caption": "vn_1_line 0.024", "scores": {"class_score": 0.024261474609375}, "domain": "pixel"}, {"position": {"minX": 599.5, "minY": 15.1640625, "maxX": 637.5, "maxY": 46.28125}, "class_id": 0, "box_caption": "lao 0.024", "scores": {"class_score": 0.023590087890625}, "domain": "pixel"}, {"position": {"minX": 30.125, "minY": 30.03125, "maxX": 162.375, "maxY": 137.0}, "class_id": 0, "box_caption": "lao 0.023", "scores": {"class_score": 0.0234527587890625}, "domain": "pixel"}, {"position": {"minX": 147.0, "minY": 80.75, "maxX": 319.5, "maxY": 196.25}, "class_id": 1, "box_caption": "vn_1_line 0.023", "scores": {"class_score": 0.0234222412109375}, "domain": "pixel"}, {"position": {"minX": 15.6875, "minY": -4.59375, "maxX": 156.5, "maxY": 109.625}, "class_id": 0, "box_caption": "lao 0.023", "scores": {"class_score": 0.023406982421875}, "domain": "pixel"}, {"position": {"minX": 376.5, "minY": -0.65625, "maxX": 498.5, "maxY": 72.125}, "class_id": 0, "box_caption": "lao 0.023", "scores": {"class_score": 0.0227813720703125}, "domain": "pixel"}, {"position": {"minX": 65.75, "minY": 36.34375, "maxX": 186.5, "maxY": 146.5}, "class_id": 0, "box_caption": "lao 0.023", "scores": {"class_score": 0.022735595703125}, "domain": "pixel"}, {"position": {"minX": 106.0, "minY": 315.25, "maxX": 219.25, "maxY": 387.25}, "class_id": 0, "box_caption": "lao 0.023", "scores": {"class_score": 0.0227203369140625}, "domain": "pixel"}, {"position": {"minX": 303.25, "minY": 51.5625, "maxX": 403.25, "maxY": 116.1875}, "class_id": 1, "box_caption": "vn_1_line 0.022", "scores": {"class_score": 0.0224761962890625}, "domain": "pixel"}, {"position": {"minX": 323.0, "minY": 267.0, "maxX": 430.5, "maxY": 346.5}, "class_id": 0, "box_caption": "lao 0.022", "scores": {"class_score": 0.022369384765625}, "domain": "pixel"}, {"position": {"minX": 522.0, "minY": -4.40625, "maxX": 613.0, "maxY": 99.0}, "class_id": 0, "box_caption": "lao 0.022", "scores": {"class_score": 0.022216796875}, "domain": "pixel"}, {"position": {"minX": 163.75, "minY": 97.5, "maxX": 287.25, "maxY": 198.25}, "class_id": 0, "box_caption": "lao 0.022", "scores": {"class_score": 0.0221099853515625}, "domain": "pixel"}, {"position": {"minX": 16.3125, "minY": 137.25, "maxX": 147.75, "maxY": 252.0}, "class_id": 0, "box_caption": "lao 0.022", "scores": {"class_score": 0.0220184326171875}, "domain": "pixel"}, {"position": {"minX": 80.625, "minY": 129.25, "maxX": 282.0, "maxY": 256.25}, "class_id": 1, "box_caption": "vn_1_line 0.022", "scores": {"class_score": 0.0219879150390625}, "domain": "pixel"}, {"position": {"minX": 214.375, "minY": 303.75, "maxX": 379.5, "maxY": 391.75}, "class_id": 1, "box_caption": "vn_1_line 0.022", "scores": {"class_score": 0.02178955078125}, "domain": "pixel"}, {"position": {"minX": 484.25, "minY": 274.75, "maxX": 581.5, "maxY": 341.25}, "class_id": 0, "box_caption": "lao 0.022", "scores": {"class_score": 0.0215911865234375}, "domain": "pixel"}, {"position": {"minX": 439.25, "minY": 317.25, "maxX": 555.5, "maxY": 386.25}, "class_id": 1, "box_caption": "vn_1_line 0.022", "scores": {"class_score": 0.021575927734375}, "domain": "pixel"}, {"position": {"minX": 504.75, "minY": 314.5, "maxX": 621.5, "maxY": 387.0}, "class_id": 1, "box_caption": "vn_1_line 0.022", "scores": {"class_score": 0.02154541015625}, "domain": "pixel"}, {"position": {"minX": 401.0, "minY": 310.0, "maxX": 567.5, "maxY": 391.0}, "class_id": 1, "box_caption": "vn_1_line 0.022", "scores": {"class_score": 0.021514892578125}, "domain": "pixel"}, {"position": {"minX": 354.5, "minY": 257.0, "maxX": 485.0, "maxY": 358.5}, "class_id": 1, "box_caption": "vn_1_line 0.021", "scores": {"class_score": 0.0214385986328125}, "domain": "pixel"}, {"position": {"minX": 83.4375, "minY": 162.5, "maxX": 283.5, "maxY": 287.25}, "class_id": 2, "box_caption": "vn_2_line 0.021", "scores": {"class_score": 0.02142333984375}, "domain": "pixel"}, {"position": {"minX": 441.5, "minY": 262.75, "maxX": 540.5, "maxY": 320.25}, "class_id": 1, "box_caption": "vn_1_line 0.021", "scores": {"class_score": 0.0213165283203125}, "domain": "pixel"}, {"position": {"minX": 560.5, "minY": 230.5, "maxX": 653.5, "maxY": 286.5}, "class_id": 1, "box_caption": "vn_1_line 0.021", "scores": {"class_score": 0.02130126953125}, "domain": "pixel"}, {"position": {"minX": 149.5, "minY": 105.4375, "maxX": 328.25, "maxY": 225.75}, "class_id": 1, "box_caption": "vn_1_line 0.021", "scores": {"class_score": 0.021026611328125}, "domain": "pixel"}, {"position": {"minX": 145.25, "minY": 299.75, "maxX": 321.0, "maxY": 390.75}, "class_id": 1, "box_caption": "vn_1_line 0.021", "scores": {"class_score": 0.0208282470703125}, "domain": "pixel"}, {"position": {"minX": 7.84375, "minY": 281.0, "maxX": 127.75, "maxY": 396.5}, "class_id": 2, "box_caption": "vn_2_line 0.021", "scores": {"class_score": 0.020660400390625}, "domain": "pixel"}, {"position": {"minX": 48.1875, "minY": 158.25, "maxX": 251.75, "maxY": 288.5}, "class_id": 1, "box_caption": "vn_1_line 0.021", "scores": {"class_score": 0.0206146240234375}, "domain": "pixel"}, {"position": {"minX": 479.5, "minY": 145.0, "maxX": 528.5, "maxY": 174.0}, "class_id": 1, "box_caption": "vn_1_line 0.021", "scores": {"class_score": 0.0205078125}, "domain": "pixel"}, {"position": {"minX": 30.125, "minY": 30.03125, "maxX": 162.375, "maxY": 137.0}, "class_id": 1, "box_caption": "vn_1_line 0.020", "scores": {"class_score": 0.0204925537109375}, "domain": "pixel"}, {"position": {"minX": 478.5, "minY": 311.75, "maxX": 581.5, "maxY": 380.25}, "class_id": 1, "box_caption": "vn_1_line 0.020", "scores": {"class_score": 0.02044677734375}, "domain": "pixel"}, {"position": {"minX": 129.75, "minY": 95.25, "maxX": 258.25, "maxY": 199.25}, "class_id": 0, "box_caption": "lao 0.020", "scores": {"class_score": 0.0202484130859375}, "domain": "pixel"}, {"position": {"minX": 18.0, "minY": 186.0, "maxX": 222.75, "maxY": 321.0}, "class_id": 1, "box_caption": "vn_1_line 0.020", "scores": {"class_score": 0.0201873779296875}, "domain": "pixel"}, {"position": {"minX": -1.125, "minY": -12.84375, "maxX": 123.1875, "maxY": 99.125}, "class_id": 2, "box_caption": "vn_2_line 0.020", "scores": {"class_score": 0.0200958251953125}, "domain": "pixel"}, {"position": {"minX": 183.5, "minY": 142.875, "maxX": 354.0, "maxY": 261.25}, "class_id": 0, "box_caption": "lao 0.020", "scores": {"class_score": 0.0200958251953125}, "domain": "pixel"}, {"position": {"minX": 38.25, "minY": 278.5, "maxX": 146.5, "maxY": 383.0}, "class_id": 0, "box_caption": "lao 0.020", "scores": {"class_score": 0.0200042724609375}, "domain": "pixel"}, {"position": {"minX": 402.5, "minY": 275.75, "maxX": 658.5, "maxY": 381.25}, "class_id": 0, "box_caption": "lao 0.020", "scores": {"class_score": 0.019989013671875}, "domain": "pixel"}, {"position": {"minX": 192.0, "minY": 245.875, "maxX": 322.0, "maxY": 368.0}, "class_id": 0, "box_caption": "lao 0.020", "scores": {"class_score": 0.0199432373046875}, "domain": "pixel"}, {"position": {"minX": 234.0, "minY": 272.0, "maxX": 453.0, "maxY": 379.0}, "class_id": 2, "box_caption": "vn_2_line 0.020", "scores": {"class_score": 0.019805908203125}, "domain": "pixel"}, {"position": {"minX": 187.625, "minY": 202.5, "maxX": 351.5, "maxY": 322.0}, "class_id": 1, "box_caption": "vn_1_line 0.020", "scores": {"class_score": 0.019775390625}, "domain": "pixel"}, {"position": {"minX": 335.0, "minY": 268.75, "maxX": 531.5, "maxY": 323.75}, "class_id": 1, "box_caption": "vn_1_line 0.020", "scores": {"class_score": 0.01971435546875}, "domain": "pixel"}, {"position": {"minX": 86.0625, "minY": 299.75, "maxX": 256.5, "maxY": 390.25}, "class_id": 1, "box_caption": "vn_1_line 0.020", "scores": {"class_score": 0.019561767578125}, "domain": "pixel"}, {"position": {"minX": 484.5, "minY": 252.125, "maxX": 619.5, "maxY": 322.0}, "class_id": 0, "box_caption": "lao 0.019", "scores": {"class_score": 0.019287109375}, "domain": "pixel"}, {"position": {"minX": 410.0, "minY": 274.0, "maxX": 511.5, "maxY": 328.0}, "class_id": 1, "box_caption": "vn_1_line 0.019", "scores": {"class_score": 0.0192413330078125}, "domain": "pixel"}, {"position": {"minX": 240.75, "minY": 251.0, "maxX": 436.25, "maxY": 332.0}, "class_id": 0, "box_caption": "lao 0.019", "scores": {"class_score": 0.01922607421875}, "domain": "pixel"}, {"position": {"minX": -0.1875, "minY": 313.5, "maxX": 110.3125, "maxY": 390.5}, "class_id": 1, "box_caption": "vn_1_line 0.019", "scores": {"class_score": 0.0191192626953125}, "domain": "pixel"}, {"position": {"minX": 51.625, "minY": 67.25, "maxX": 249.375, "maxY": 191.75}, "class_id": 2, "box_caption": "vn_2_line 0.019", "scores": {"class_score": 0.0190887451171875}, "domain": "pixel"}, {"position": {"minX": 49.6875, "minY": 128.375, "maxX": 248.75, "maxY": 259.0}, "class_id": 2, "box_caption": "vn_2_line 0.019", "scores": {"class_score": 0.018951416015625}, "domain": "pixel"}, {"position": {"minX": 114.9375, "minY": 167.75, "maxX": 314.5, "maxY": 286.5}, "class_id": 1, "box_caption": "vn_1_line 0.019", "scores": {"class_score": 0.0186614990234375}, "domain": "pixel"}, {"position": {"minX": 535.0, "minY": -2.96875, "maxX": 599.0, "maxY": 68.375}, "class_id": 2, "box_caption": "vn_2_line 0.019", "scores": {"class_score": 0.0186309814453125}, "domain": "pixel"}, {"position": {"minX": 268.5, "minY": 252.25, "maxX": 386.5, "maxY": 320.25}, "class_id": 1, "box_caption": "vn_1_line 0.019", "scores": {"class_score": 0.018524169921875}, "domain": "pixel"}, {"position": {"minX": 116.0, "minY": 251.0, "maxX": 247.25, "maxY": 397.0}, "class_id": 2, "box_caption": "vn_2_line 0.018", "scores": {"class_score": 0.0183868408203125}, "domain": "pixel"}, {"position": {"minX": 339.0, "minY": 2.96875, "maxX": 474.5, "maxY": 72.625}, "class_id": 1, "box_caption": "vn_1_line 0.018", "scores": {"class_score": 0.018341064453125}, "domain": "pixel"}, {"position": {"minX": 534.5, "minY": 246.0, "maxX": 684.5, "maxY": 350.5}, "class_id": 1, "box_caption": "vn_1_line 0.018", "scores": {"class_score": 0.0182952880859375}, "domain": "pixel"}, {"position": {"minX": 321.25, "minY": 68.875, "maxX": 437.25, "maxY": 133.625}, "class_id": 0, "box_caption": "lao 0.018", "scores": {"class_score": 0.018157958984375}, "domain": "pixel"}, {"position": {"minX": 364.5, "minY": 281.5, "maxX": 566.0, "maxY": 339.0}, "class_id": 0, "box_caption": "lao 0.018", "scores": {"class_score": 0.01806640625}, "domain": "pixel"}, {"position": {"minX": 370.5, "minY": 70.3125, "maxX": 484.5, "maxY": 126.4375}, "class_id": 1, "box_caption": "vn_1_line 0.018", "scores": {"class_score": 0.0180511474609375}, "domain": "pixel"}, {"position": {"minX": 100.5, "minY": 44.5, "maxX": 213.75, "maxY": 142.25}, "class_id": 0, "box_caption": "lao 0.018", "scores": {"class_score": 0.0179901123046875}, "domain": "pixel"}, {"position": {"minX": 188.875, "minY": 173.0, "maxX": 349.0, "maxY": 295.5}, "class_id": 2, "box_caption": "vn_2_line 0.018", "scores": {"class_score": 0.0176239013671875}, "domain": "pixel"}, {"position": {"minX": 179.75, "minY": 188.0, "maxX": 306.75, "maxY": 300.25}, "class_id": 0, "box_caption": "lao 0.018", "scores": {"class_score": 0.0175628662109375}, "domain": "pixel"}, {"position": {"minX": 114.5625, "minY": 72.0, "maxX": 311.5, "maxY": 188.75}, "class_id": 2, "box_caption": "vn_2_line 0.017", "scores": {"class_score": 0.01727294921875}, "domain": "pixel"}, {"position": {"minX": 201.75, "minY": 178.375, "maxX": 315.25, "maxY": 279.0}, "class_id": 0, "box_caption": "lao 0.017", "scores": {"class_score": 0.0167694091796875}, "domain": "pixel"}, {"position": {"minX": 20.75, "minY": 308.75, "maxX": 140.0, "maxY": 393.75}, "class_id": 1, "box_caption": "vn_1_line 0.017", "scores": {"class_score": 0.0167388916015625}, "domain": "pixel"}, {"position": {"minX": 165.875, "minY": 41.875, "maxX": 281.5, "maxY": 112.0}, "class_id": 1, "box_caption": "vn_1_line 0.016", "scores": {"class_score": 0.016448974609375}, "domain": "pixel"}, {"position": {"minX": 514.0, "minY": 24.90625, "maxX": 610.0, "maxY": 123.125}, "class_id": 0, "box_caption": "lao 0.016", "scores": {"class_score": 0.0163726806640625}, "domain": "pixel"}, {"position": {"minX": 62.25, "minY": 92.625, "maxX": 195.75, "maxY": 201.125}, "class_id": 0, "box_caption": "lao 0.016", "scores": {"class_score": 0.0163116455078125}, "domain": "pixel"}, {"position": {"minX": -26.8125, "minY": 237.75, "maxX": 116.4375, "maxY": 361.25}, "class_id": 2, "box_caption": "vn_2_line 0.016", "scores": {"class_score": 0.016204833984375}, "domain": "pixel"}, {"position": {"minX": 15.6875, "minY": -4.59375, "maxX": 156.5, "maxY": 109.625}, "class_id": 1, "box_caption": "vn_1_line 0.016", "scores": {"class_score": 0.0160980224609375}, "domain": "pixel"}, {"position": {"minX": 21.6875, "minY": 197.0, "maxX": 146.75, "maxY": 320.5}, "class_id": 0, "box_caption": "lao 0.016", "scores": {"class_score": 0.0159149169921875}, "domain": "pixel"}, {"position": {"minX": 167.375, "minY": 314.25, "maxX": 284.5, "maxY": 388.25}, "class_id": 0, "box_caption": "lao 0.016", "scores": {"class_score": 0.0158233642578125}, "domain": "pixel"}, {"position": {"minX": 310.25, "minY": 0.96875, "maxX": 436.25, "maxY": 73.625}, "class_id": 1, "box_caption": "vn_1_line 0.016", "scores": {"class_score": 0.0157318115234375}, "domain": "pixel"}, {"position": {"minX": 395.5, "minY": 67.625, "maxX": 480.5, "maxY": 114.625}, "class_id": 0, "box_caption": "lao 0.016", "scores": {"class_score": 0.015655517578125}, "domain": "pixel"}, {"position": {"minX": 6.90625, "minY": 211.375, "maxX": 128.875, "maxY": 336.5}, "class_id": 2, "box_caption": "vn_2_line 0.016", "scores": {"class_score": 0.0156402587890625}, "domain": "pixel"}, {"position": {"minX": 276.75, "minY": 54.0, "maxX": 423.25, "maxY": 123.25}, "class_id": 1, "box_caption": "vn_1_line 0.016", "scores": {"class_score": 0.015594482421875}, "domain": "pixel"}, {"position": {"minX": 71.5625, "minY": 62.875, "maxX": 200.5, "maxY": 151.625}, "class_id": 1, "box_caption": "vn_1_line 0.015", "scores": {"class_score": 0.01548004150390625}, "domain": "pixel"}, {"position": {"minX": 75.75, "minY": 315.75, "maxX": 187.0, "maxY": 387.75}, "class_id": 0, "box_caption": "lao 0.015", "scores": {"class_score": 0.01529693603515625}, "domain": "pixel"}, {"position": {"minX": 25.75, "minY": 56.40625, "maxX": 149.25, "maxY": 177.5}, "class_id": 0, "box_caption": "lao 0.015", "scores": {"class_score": 0.01525115966796875}, "domain": "pixel"}, {"position": {"minX": 599.5, "minY": 15.1640625, "maxX": 637.5, "maxY": 46.28125}, "class_id": 2, "box_caption": "vn_2_line 0.015", "scores": {"class_score": 0.0152130126953125}, "domain": "pixel"}, {"position": {"minX": 188.5, "minY": 35.625, "maxX": 278.0, "maxY": 88.9375}, "class_id": 0, "box_caption": "lao 0.015", "scores": {"class_score": 0.01519775390625}, "domain": "pixel"}, {"position": {"minX": 361.0, "minY": 275.0, "maxX": 460.0, "maxY": 342.5}, "class_id": 0, "box_caption": "lao 0.015", "scores": {"class_score": 0.01506805419921875}, "domain": "pixel"}, {"position": {"minX": 141.25, "minY": 52.875, "maxX": 239.75, "maxY": 107.0}, "class_id": 1, "box_caption": "vn_1_line 0.015", "scores": {"class_score": 0.01502227783203125}, "domain": "pixel"}, {"position": {"minX": -9.625, "minY": 151.625, "maxX": 115.75, "maxY": 270.5}, "class_id": 0, "box_caption": "lao 0.015", "scores": {"class_score": 0.014984130859375}, "domain": "pixel"}, {"position": {"minX": 68.625, "minY": 75.0, "maxX": 200.625, "maxY": 166.25}, "class_id": 0, "box_caption": "lao 0.015", "scores": {"class_score": 0.01493072509765625}, "domain": "pixel"}, {"position": {"minX": 250.25, "minY": 229.75, "maxX": 366.75, "maxY": 324.25}, "class_id": 0, "box_caption": "lao 0.015", "scores": {"class_score": 0.01493072509765625}, "domain": "pixel"}, {"position": {"minX": 126.75, "minY": 232.25, "maxX": 246.5, "maxY": 330.25}, "class_id": 0, "box_caption": "lao 0.015", "scores": {"class_score": 0.0148468017578125}, "domain": "pixel"}, {"position": {"minX": 14.75, "minY": 215.75, "maxX": 229.75, "maxY": 358.75}, "class_id": 1, "box_caption": "vn_1_line 0.015", "scores": {"class_score": 0.01482391357421875}, "domain": "pixel"}, {"position": {"minX": 23.75, "minY": 295.75, "maxX": 192.5, "maxY": 390.75}, "class_id": 1, "box_caption": "vn_1_line 0.015", "scores": {"class_score": 0.0148162841796875}, "domain": "pixel"}, {"position": {"minX": 313.75, "minY": -10.125, "maxX": 408.75, "maxY": 44.6875}, "class_id": 0, "box_caption": "lao 0.015", "scores": {"class_score": 0.01477813720703125}, "domain": "pixel"}, {"position": {"minX": 65.0625, "minY": 152.5, "maxX": 194.25, "maxY": 269.5}, "class_id": 0, "box_caption": "lao 0.015", "scores": {"class_score": 0.01470184326171875}, "domain": "pixel"}, {"position": {"minX": 109.9375, "minY": 101.0, "maxX": 312.5, "maxY": 223.75}, "class_id": 2, "box_caption": "vn_2_line 0.015", "scores": {"class_score": 0.0145416259765625}, "domain": "pixel"}, {"position": {"minX": 366.0, "minY": 83.1875, "maxX": 426.5, "maxY": 122.3125}, "class_id": 0, "box_caption": "lao 0.015", "scores": {"class_score": 0.01453399658203125}, "domain": "pixel"}, {"position": {"minX": 202.5, "minY": 216.875, "maxX": 321.5, "maxY": 312.75}, "class_id": 0, "box_caption": "lao 0.014", "scores": {"class_score": 0.01432037353515625}, "domain": "pixel"}, {"position": {"minX": 15.1875, "minY": 298.5, "maxX": 112.3125, "maxY": 379.5}, "class_id": 0, "box_caption": "lao 0.014", "scores": {"class_score": 0.01428985595703125}, "domain": "pixel"}, {"position": {"minX": 468.75, "minY": 146.75, "maxX": 516.0, "maxY": 173.25}, "class_id": 1, "box_caption": "vn_1_line 0.014", "scores": {"class_score": 0.01419830322265625}, "domain": "pixel"}, {"position": {"minX": 38.75, "minY": 309.75, "maxX": 156.75, "maxY": 393.25}, "class_id": 0, "box_caption": "lao 0.014", "scores": {"class_score": 0.01385498046875}, "domain": "pixel"}, {"position": {"minX": 547.0, "minY": -2.875, "maxX": 637.0, "maxY": 66.9375}, "class_id": 0, "box_caption": "lao 0.013", "scores": {"class_score": 0.013427734375}, "domain": "pixel"}, {"position": {"minX": 517.5, "minY": 49.96875, "maxX": 607.5, "maxY": 144.75}, "class_id": 0, "box_caption": "lao 0.013", "scores": {"class_score": 0.0134124755859375}, "domain": "pixel"}, {"position": {"minX": 148.625, "minY": 135.875, "maxX": 336.5, "maxY": 257.25}, "class_id": 1, "box_caption": "vn_1_line 0.013", "scores": {"class_score": 0.013336181640625}, "domain": "pixel"}, {"position": {"minX": 63.6875, "minY": 126.625, "maxX": 195.25, "maxY": 233.875}, "class_id": 0, "box_caption": "lao 0.013", "scores": {"class_score": 0.01332855224609375}, "domain": "pixel"}, {"position": {"minX": 158.75, "minY": 283.0, "maxX": 291.25, "maxY": 393.0}, "class_id": 2, "box_caption": "vn_2_line 0.013", "scores": {"class_score": 0.0133056640625}, "domain": "pixel"}, {"position": {"minX": 113.875, "minY": 181.5, "maxX": 242.875, "maxY": 305.25}, "class_id": 0, "box_caption": "lao 0.013", "scores": {"class_score": 0.01329803466796875}, "domain": "pixel"}, {"position": {"minX": 112.0, "minY": 131.125, "maxX": 310.5, "maxY": 256.75}, "class_id": 2, "box_caption": "vn_2_line 0.013", "scores": {"class_score": 0.0132904052734375}, "domain": "pixel"}, {"position": {"minX": 258.5, "minY": 242.25, "maxX": 388.5, "maxY": 371.25}, "class_id": 0, "box_caption": "lao 0.013", "scores": {"class_score": 0.0132293701171875}, "domain": "pixel"}, {"position": {"minX": 22.65625, "minY": 244.375, "maxX": 145.75, "maxY": 371.5}, "class_id": 2, "box_caption": "vn_2_line 0.013", "scores": {"class_score": 0.01318359375}, "domain": "pixel"}, {"position": {"minX": 536.5, "minY": 224.125, "maxX": 675.5, "maxY": 297.0}, "class_id": 1, "box_caption": "vn_1_line 0.013", "scores": {"class_score": 0.0131072998046875}, "domain": "pixel"}, {"position": {"minX": 527.0, "minY": 48.6875, "maxX": 588.0, "maxY": 123.0625}, "class_id": 2, "box_caption": "vn_2_line 0.013", "scores": {"class_score": 0.013092041015625}, "domain": "pixel"}, {"position": {"minX": 151.25, "minY": 297.25, "maxX": 248.25, "maxY": 378.75}, "class_id": 0, "box_caption": "lao 0.013", "scores": {"class_score": 0.01305389404296875}, "domain": "pixel"}, {"position": {"minX": 156.75, "minY": 222.25, "maxX": 264.75, "maxY": 333.75}, "class_id": 0, "box_caption": "lao 0.013", "scores": {"class_score": 0.012969970703125}, "domain": "pixel"}, {"position": {"minX": 310.25, "minY": 0.96875, "maxX": 436.25, "maxY": 73.625}, "class_id": 0, "box_caption": "lao 0.013", "scores": {"class_score": 0.012969970703125}, "domain": "pixel"}, {"position": {"minX": 525.5, "minY": 276.0, "maxX": 665.5, "maxY": 375.5}, "class_id": 0, "box_caption": "lao 0.013", "scores": {"class_score": 0.01296234130859375}, "domain": "pixel"}, {"position": {"minX": 304.0, "minY": 1.890625, "maxX": 363.0, "maxY": 42.25}, "class_id": 0, "box_caption": "lao 0.013", "scores": {"class_score": 0.01294708251953125}, "domain": "pixel"}, {"position": {"minX": 411.0, "minY": 285.75, "maxX": 542.0, "maxY": 368.75}, "class_id": 0, "box_caption": "lao 0.013", "scores": {"class_score": 0.012939453125}, "domain": "pixel"}, {"position": {"minX": 421.5, "minY": 73.3125, "maxX": 495.5, "maxY": 107.9375}, "class_id": 0, "box_caption": "lao 0.013", "scores": {"class_score": 0.01290130615234375}, "domain": "pixel"}, {"position": {"minX": 393.0, "minY": 279.25, "maxX": 493.5, "maxY": 341.25}, "class_id": 0, "box_caption": "lao 0.013", "scores": {"class_score": 0.0128936767578125}, "domain": "pixel"}], "class_labels": {"0": "lao", "1": "vn_1_line", "2": "vn_2_line"}}