{"box_data": [{"position": {"minX": 292.0, "minY": 46.625, "maxX": 358.0, "maxY": 101.125}, "class_id": 0, "box_caption": "lao 0.923", "scores": {"class_score": 0.9228515625}, "domain": "pixel"}, {"position": {"minX": 305.25, "minY": 50.3125, "maxX": 346.25, "maxY": 94.6875}, "class_id": 0, "box_caption": "lao 0.909", "scores": {"class_score": 0.9091796875}, "domain": "pixel"}, {"position": {"minX": 295.5, "minY": 54.0, "maxX": 353.0, "maxY": 85.375}, "class_id": 0, "box_caption": "lao 0.328", "scores": {"class_score": 0.328125}, "domain": "pixel"}, {"position": {"minX": 417.5, "minY": 186.25, "maxX": 522.0, "maxY": 253.5}, "class_id": 1, "box_caption": "vn_1_line 0.290", "scores": {"class_score": 0.290283203125}, "domain": "pixel"}, {"position": {"minX": 387.0, "minY": 193.875, "maxX": 499.0, "maxY": 249.625}, "class_id": 1, "box_caption": "vn_1_line 0.273", "scores": {"class_score": 0.273193359375}, "domain": "pixel"}, {"position": {"minX": 11.625, "minY": 84.25, "maxX": 169.75, "maxY": 191.25}, "class_id": 0, "box_caption": "lao 0.253", "scores": {"class_score": 0.252685546875}, "domain": "pixel"}, {"position": {"minX": 357.25, "minY": 199.375, "maxX": 464.75, "maxY": 247.125}, "class_id": 1, "box_caption": "vn_1_line 0.236", "scores": {"class_score": 0.2364501953125}, "domain": "pixel"}, {"position": {"minX": 312.0, "minY": 194.5, "maxX": 442.0, "maxY": 247.75}, "class_id": 1, "box_caption": "vn_1_line 0.219", "scores": {"class_score": 0.2193603515625}, "domain": "pixel"}, {"position": {"minX": -8.6875, "minY": 194.25, "maxX": 187.75, "maxY": 315.75}, "class_id": 0, "box_caption": "lao 0.206", "scores": {"class_score": 0.2056884765625}, "domain": "pixel"}, {"position": {"minX": 323.75, "minY": 205.625, "maxX": 433.25, "maxY": 272.25}, "class_id": 1, "box_caption": "vn_1_line 0.203", "scores": {"class_score": 0.20263671875}, "domain": "pixel"}, {"position": {"minX": 445.0, "minY": 175.0, "maxX": 551.5, "maxY": 252.0}, "class_id": 1, "box_caption": "vn_1_line 0.190", "scores": {"class_score": 0.1895751953125}, "domain": "pixel"}, {"position": {"minX": 65.625, "minY": 76.5625, "maxX": 227.375, "maxY": 185.0}, "class_id": 0, "box_caption": "lao 0.181", "scores": {"class_score": 0.1807861328125}, "domain": "pixel"}, {"position": {"minX": 281.5, "minY": 193.75, "maxX": 409.0, "maxY": 247.0}, "class_id": 1, "box_caption": "vn_1_line 0.178", "scores": {"class_score": 0.1776123046875}, "domain": "pixel"}, {"position": {"minX": 20.875, "minY": 221.875, "maxX": 220.0, "maxY": 346.25}, "class_id": 0, "box_caption": "lao 0.157", "scores": {"class_score": 0.157470703125}, "domain": "pixel"}, {"position": {"minX": 26.375, "minY": 98.625, "maxX": 210.375, "maxY": 216.375}, "class_id": 0, "box_caption": "lao 0.152", "scores": {"class_score": 0.1522216796875}, "domain": "pixel"}, {"position": {"minX": 24.5, "minY": 164.875, "maxX": 209.75, "maxY": 284.75}, "class_id": 0, "box_caption": "lao 0.152", "scores": {"class_score": 0.1519775390625}, "domain": "pixel"}, {"position": {"minX": -4.5, "minY": 254.25, "maxX": 187.5, "maxY": 372.75}, "class_id": 0, "box_caption": "lao 0.149", "scores": {"class_score": 0.1490478515625}, "domain": "pixel"}, {"position": {"minX": 87.8125, "minY": 102.375, "maxX": 258.25, "maxY": 221.375}, "class_id": 0, "box_caption": "lao 0.142", "scores": {"class_score": 0.1416015625}, "domain": "pixel"}, {"position": {"minX": 255.75, "minY": 186.375, "maxX": 364.25, "maxY": 248.125}, "class_id": 1, "box_caption": "vn_1_line 0.139", "scores": {"class_score": 0.1390380859375}, "domain": "pixel"}, {"position": {"minX": 97.875, "minY": 64.1875, "maxX": 227.375, "maxY": 160.5}, "class_id": 0, "box_caption": "lao 0.138", "scores": {"class_score": 0.137939453125}, "domain": "pixel"}, {"position": {"minX": 290.0, "minY": 205.0, "maxX": 402.5, "maxY": 275.75}, "class_id": 1, "box_caption": "vn_1_line 0.135", "scores": {"class_score": 0.135009765625}, "domain": "pixel"}, {"position": {"minX": 482.5, "minY": 105.5625, "maxX": 637.5, "maxY": 217.5}, "class_id": 0, "box_caption": "lao 0.131", "scores": {"class_score": 0.131103515625}, "domain": "pixel"}, {"position": {"minX": 476.0, "minY": 230.625, "maxX": 661.0, "maxY": 349.75}, "class_id": 0, "box_caption": "lao 0.124", "scores": {"class_score": 0.1236572265625}, "domain": "pixel"}, {"position": {"minX": 465.75, "minY": 128.875, "maxX": 611.0, "maxY": 219.875}, "class_id": 0, "box_caption": "lao 0.119", "scores": {"class_score": 0.11895751953125}, "domain": "pixel"}, {"position": {"minX": 372.5, "minY": 189.75, "maxX": 554.0, "maxY": 249.25}, "class_id": 1, "box_caption": "vn_1_line 0.117", "scores": {"class_score": 0.1170654296875}, "domain": "pixel"}, {"position": {"minX": 337.5, "minY": 198.5, "maxX": 531.5, "maxY": 270.25}, "class_id": 1, "box_caption": "vn_1_line 0.116", "scores": {"class_score": 0.11578369140625}, "domain": "pixel"}, {"position": {"minX": 56.875, "minY": 193.5, "maxX": 242.125, "maxY": 316.75}, "class_id": 0, "box_caption": "lao 0.115", "scores": {"class_score": 0.1146240234375}, "domain": "pixel"}, {"position": {"minX": 84.5, "minY": 132.875, "maxX": 269.5, "maxY": 252.875}, "class_id": 0, "box_caption": "lao 0.108", "scores": {"class_score": 0.10797119140625}, "domain": "pixel"}, {"position": {"minX": 53.5, "minY": 255.25, "maxX": 254.0, "maxY": 377.75}, "class_id": 0, "box_caption": "lao 0.105", "scores": {"class_score": 0.10498046875}, "domain": "pixel"}, {"position": {"minX": 222.625, "minY": 177.875, "maxX": 332.75, "maxY": 251.875}, "class_id": 1, "box_caption": "vn_1_line 0.104", "scores": {"class_score": 0.10369873046875}, "domain": "pixel"}, {"position": {"minX": 367.0, "minY": 189.875, "maxX": 479.0, "maxY": 257.5}, "class_id": 1, "box_caption": "vn_1_line 0.103", "scores": {"class_score": 0.1029052734375}, "domain": "pixel"}, {"position": {"minX": 84.8125, "minY": 228.75, "maxX": 281.75, "maxY": 345.75}, "class_id": 0, "box_caption": "lao 0.099", "scores": {"class_score": 0.099365234375}, "domain": "pixel"}, {"position": {"minX": 272.5, "minY": 205.25, "maxX": 470.5, "maxY": 268.0}, "class_id": 1, "box_caption": "vn_1_line 0.098", "scores": {"class_score": 0.09814453125}, "domain": "pixel"}, {"position": {"minX": 23.6875, "minY": 133.125, "maxX": 216.5, "maxY": 252.875}, "class_id": 0, "box_caption": "lao 0.097", "scores": {"class_score": 0.0966796875}, "domain": "pixel"}, {"position": {"minX": 118.4375, "minY": 202.25, "maxX": 307.75, "maxY": 317.75}, "class_id": 0, "box_caption": "lao 0.095", "scores": {"class_score": 0.095458984375}, "domain": "pixel"}, {"position": {"minX": 179.875, "minY": 233.75, "maxX": 375.5, "maxY": 346.25}, "class_id": 0, "box_caption": "lao 0.089", "scores": {"class_score": 0.08929443359375}, "domain": "pixel"}, {"position": {"minX": 83.125, "minY": 168.75, "maxX": 276.0, "maxY": 281.75}, "class_id": 0, "box_caption": "lao 0.089", "scores": {"class_score": 0.08905029296875}, "domain": "pixel"}, {"position": {"minX": 407.5, "minY": 175.625, "maxX": 538.0, "maxY": 241.875}, "class_id": 1, "box_caption": "vn_1_line 0.089", "scores": {"class_score": 0.08892822265625}, "domain": "pixel"}, {"position": {"minX": 506.0, "minY": 192.625, "maxX": 671.0, "maxY": 320.0}, "class_id": 0, "box_caption": "lao 0.089", "scores": {"class_score": 0.0887451171875}, "domain": "pixel"}, {"position": {"minX": 255.25, "minY": 199.5, "maxX": 370.25, "maxY": 282.0}, "class_id": 1, "box_caption": "vn_1_line 0.084", "scores": {"class_score": 0.08441162109375}, "domain": "pixel"}, {"position": {"minX": -9.625, "minY": 223.375, "maxX": 187.25, "maxY": 345.5}, "class_id": 2, "box_caption": "vn_2_line 0.081", "scores": {"class_score": 0.08123779296875}, "domain": "pixel"}, {"position": {"minX": 14.9375, "minY": 186.25, "maxX": 149.25, "maxY": 304.0}, "class_id": 0, "box_caption": "lao 0.081", "scores": {"class_score": 0.0810546875}, "domain": "pixel"}, {"position": {"minX": 114.125, "minY": 257.25, "maxX": 322.5, "maxY": 381.25}, "class_id": 0, "box_caption": "lao 0.081", "scores": {"class_score": 0.08099365234375}, "domain": "pixel"}, {"position": {"minX": 448.75, "minY": 142.625, "maxX": 603.0, "maxY": 250.125}, "class_id": 0, "box_caption": "lao 0.081", "scores": {"class_score": 0.08062744140625}, "domain": "pixel"}, {"position": {"minX": 176.125, "minY": 258.75, "maxX": 388.0, "maxY": 380.25}, "class_id": 0, "box_caption": "lao 0.081", "scores": {"class_score": 0.08050537109375}, "domain": "pixel"}, {"position": {"minX": 261.0, "minY": 222.0, "maxX": 477.0, "maxY": 321.0}, "class_id": 1, "box_caption": "vn_1_line 0.080", "scores": {"class_score": 0.07965087890625}, "domain": "pixel"}, {"position": {"minX": 301.5, "minY": 59.1875, "maxX": 358.0, "maxY": 97.3125}, "class_id": 0, "box_caption": "lao 0.079", "scores": {"class_score": 0.0794677734375}, "domain": "pixel"}, {"position": {"minX": 301.75, "minY": 199.25, "maxX": 498.75, "maxY": 253.25}, "class_id": 1, "box_caption": "vn_1_line 0.079", "scores": {"class_score": 0.0794677734375}, "domain": "pixel"}, {"position": {"minX": -21.3125, "minY": 228.25, "maxX": 156.5, "maxY": 349.75}, "class_id": 0, "box_caption": "lao 0.079", "scores": {"class_score": 0.0789794921875}, "domain": "pixel"}, {"position": {"minX": 185.125, "minY": 180.625, "maxX": 358.5, "maxY": 258.0}, "class_id": 1, "box_caption": "vn_1_line 0.079", "scores": {"class_score": 0.07861328125}, "domain": "pixel"}, {"position": {"minX": 513.0, "minY": -9.4375, "maxX": 638.0, "maxY": 97.75}, "class_id": 0, "box_caption": "lao 0.074", "scores": {"class_score": 0.07427978515625}, "domain": "pixel"}, {"position": {"minX": 513.5, "minY": 69.6875, "maxX": 660.5, "maxY": 188.25}, "class_id": 0, "box_caption": "lao 0.072", "scores": {"class_score": 0.07208251953125}, "domain": "pixel"}, {"position": {"minX": 206.75, "minY": 211.25, "maxX": 407.75, "maxY": 320.75}, "class_id": 0, "box_caption": "lao 0.070", "scores": {"class_score": 0.06988525390625}, "domain": "pixel"}, {"position": {"minX": 242.625, "minY": 239.5, "maxX": 437.5, "maxY": 349.5}, "class_id": 0, "box_caption": "lao 0.069", "scores": {"class_score": 0.06854248046875}, "domain": "pixel"}, {"position": {"minX": 212.375, "minY": 198.375, "maxX": 402.5, "maxY": 279.0}, "class_id": 1, "box_caption": "vn_1_line 0.067", "scores": {"class_score": 0.06732177734375}, "domain": "pixel"}, {"position": {"minX": 379.5, "minY": 175.75, "maxX": 525.5, "maxY": 261.75}, "class_id": 1, "box_caption": "vn_1_line 0.067", "scores": {"class_score": 0.06707763671875}, "domain": "pixel"}, {"position": {"minX": 151.25, "minY": 187.5, "maxX": 340.25, "maxY": 285.75}, "class_id": 0, "box_caption": "lao 0.066", "scores": {"class_score": 0.06640625}, "domain": "pixel"}, {"position": {"minX": 18.0, "minY": 100.625, "maxX": 146.875, "maxY": 224.125}, "class_id": 0, "box_caption": "lao 0.064", "scores": {"class_score": 0.064208984375}, "domain": "pixel"}, {"position": {"minX": 452.0, "minY": 263.25, "maxX": 635.0, "maxY": 378.25}, "class_id": 0, "box_caption": "lao 0.064", "scores": {"class_score": 0.06402587890625}, "domain": "pixel"}, {"position": {"minX": 177.0, "minY": 10.515625, "maxX": 219.5, "maxY": 45.875}, "class_id": 0, "box_caption": "lao 0.063", "scores": {"class_score": 0.06341552734375}, "domain": "pixel"}, {"position": {"minX": 238.875, "minY": 194.125, "maxX": 426.5, "maxY": 254.375}, "class_id": 1, "box_caption": "vn_1_line 0.063", "scores": {"class_score": 0.063232421875}, "domain": "pixel"}, {"position": {"minX": 521.0, "minY": 42.09375, "maxX": 662.0, "maxY": 158.75}, "class_id": 0, "box_caption": "lao 0.063", "scores": {"class_score": 0.06256103515625}, "domain": "pixel"}, {"position": {"minX": 232.0, "minY": 257.25, "maxX": 453.0, "maxY": 382.25}, "class_id": 0, "box_caption": "lao 0.061", "scores": {"class_score": 0.06103515625}, "domain": "pixel"}, {"position": {"minX": 465.25, "minY": 163.375, "maxX": 559.5, "maxY": 226.125}, "class_id": 1, "box_caption": "vn_1_line 0.060", "scores": {"class_score": 0.060333251953125}, "domain": "pixel"}, {"position": {"minX": -4.5, "minY": 254.25, "maxX": 187.5, "maxY": 372.75}, "class_id": 2, "box_caption": "vn_2_line 0.060", "scores": {"class_score": 0.060333251953125}, "domain": "pixel"}, {"position": {"minX": 206.75, "minY": 211.25, "maxX": 407.75, "maxY": 320.75}, "class_id": 1, "box_caption": "vn_1_line 0.057", "scores": {"class_score": 0.057403564453125}, "domain": "pixel"}, {"position": {"minX": 303.25, "minY": 50.40625, "maxX": 354.75, "maxY": 95.125}, "class_id": 2, "box_caption": "vn_2_line 0.055", "scores": {"class_score": 0.054718017578125}, "domain": "pixel"}, {"position": {"minX": -7.3125, "minY": 169.625, "maxX": 189.5, "maxY": 285.0}, "class_id": 2, "box_caption": "vn_2_line 0.054", "scores": {"class_score": 0.05426025390625}, "domain": "pixel"}, {"position": {"minX": 119.125, "minY": 128.875, "maxX": 272.5, "maxY": 224.625}, "class_id": 0, "box_caption": "lao 0.053", "scores": {"class_score": 0.052947998046875}, "domain": "pixel"}, {"position": {"minX": 32.25, "minY": 85.25, "maxX": 148.5, "maxY": 163.5}, "class_id": 0, "box_caption": "lao 0.052", "scores": {"class_score": 0.052032470703125}, "domain": "pixel"}, {"position": {"minX": 318.5, "minY": 223.625, "maxX": 436.5, "maxY": 318.0}, "class_id": 1, "box_caption": "vn_1_line 0.051", "scores": {"class_score": 0.051361083984375}, "domain": "pixel"}, {"position": {"minX": 2.46875, "minY": -8.59375, "maxX": 102.25, "maxY": 72.25}, "class_id": 0, "box_caption": "lao 0.051", "scores": {"class_score": 0.05096435546875}, "domain": "pixel"}, {"position": {"minX": 448.75, "minY": 142.625, "maxX": 603.0, "maxY": 250.125}, "class_id": 1, "box_caption": "vn_1_line 0.051", "scores": {"class_score": 0.050689697265625}, "domain": "pixel"}, {"position": {"minX": 46.78125, "minY": 187.25, "maxX": 166.0, "maxY": 279.75}, "class_id": 0, "box_caption": "lao 0.050", "scores": {"class_score": 0.050048828125}, "domain": "pixel"}, {"position": {"minX": 276.25, "minY": 241.625, "maxX": 465.75, "maxY": 347.25}, "class_id": 1, "box_caption": "vn_1_line 0.050", "scores": {"class_score": 0.0499267578125}, "domain": "pixel"}, {"position": {"minX": 501.25, "minY": 250.5, "maxX": 674.0, "maxY": 378.5}, "class_id": 0, "box_caption": "lao 0.050", "scores": {"class_score": 0.04986572265625}, "domain": "pixel"}, {"position": {"minX": 44.5625, "minY": 73.4375, "maxX": 201.25, "maxY": 172.5}, "class_id": 1, "box_caption": "vn_1_line 0.050", "scores": {"class_score": 0.049835205078125}, "domain": "pixel"}, {"position": {"minX": 149.0, "minY": 206.125, "maxX": 340.5, "maxY": 319.0}, "class_id": 1, "box_caption": "vn_1_line 0.049", "scores": {"class_score": 0.049407958984375}, "domain": "pixel"}, {"position": {"minX": 400.5, "minY": 173.375, "maxX": 585.5, "maxY": 282.0}, "class_id": 1, "box_caption": "vn_1_line 0.049", "scores": {"class_score": 0.04876708984375}, "domain": "pixel"}, {"position": {"minX": 509.5, "minY": 167.75, "maxX": 675.5, "maxY": 287.0}, "class_id": 0, "box_caption": "lao 0.047", "scores": {"class_score": 0.0469970703125}, "domain": "pixel"}, {"position": {"minX": -1.25, "minY": 134.75, "maxX": 188.75, "maxY": 252.75}, "class_id": 2, "box_caption": "vn_2_line 0.046", "scores": {"class_score": 0.045745849609375}, "domain": "pixel"}, {"position": {"minX": 261.0, "minY": 222.0, "maxX": 477.0, "maxY": 321.0}, "class_id": 0, "box_caption": "lao 0.045", "scores": {"class_score": 0.044708251953125}, "domain": "pixel"}, {"position": {"minX": 26.375, "minY": 98.625, "maxX": 210.375, "maxY": 216.375}, "class_id": 1, "box_caption": "vn_1_line 0.044", "scores": {"class_score": 0.04449462890625}, "domain": "pixel"}, {"position": {"minX": 423.0, "minY": 57.625, "maxX": 454.0, "maxY": 80.5}, "class_id": 0, "box_caption": "lao 0.044", "scores": {"class_score": 0.0440673828125}, "domain": "pixel"}, {"position": {"minX": 179.875, "minY": 233.75, "maxX": 375.5, "maxY": 346.25}, "class_id": 1, "box_caption": "vn_1_line 0.044", "scores": {"class_score": 0.0440673828125}, "domain": "pixel"}, {"position": {"minX": 144.0, "minY": 258.0, "maxX": 355.0, "maxY": 380.5}, "class_id": 1, "box_caption": "vn_1_line 0.043", "scores": {"class_score": 0.04345703125}, "domain": "pixel"}, {"position": {"minX": 295.25, "minY": 38.25, "maxX": 353.75, "maxY": 107.25}, "class_id": 2, "box_caption": "vn_2_line 0.043", "scores": {"class_score": 0.04266357421875}, "domain": "pixel"}, {"position": {"minX": 514.5, "minY": 216.375, "maxX": 639.5, "maxY": 333.0}, "class_id": 0, "box_caption": "lao 0.042", "scores": {"class_score": 0.04248046875}, "domain": "pixel"}, {"position": {"minX": 0.0625, "minY": 100.625, "maxX": 179.25, "maxY": 213.125}, "class_id": 2, "box_caption": "vn_2_line 0.042", "scores": {"class_score": 0.042022705078125}, "domain": "pixel"}, {"position": {"minX": -10.296875, "minY": -10.34375, "maxX": 72.0625, "maxY": 78.0}, "class_id": 2, "box_caption": "vn_2_line 0.042", "scores": {"class_score": 0.0418701171875}, "domain": "pixel"}, {"position": {"minX": 22.84375, "minY": 261.75, "maxX": 143.25, "maxY": 381.25}, "class_id": 0, "box_caption": "lao 0.042", "scores": {"class_score": 0.041717529296875}, "domain": "pixel"}, {"position": {"minX": -11.375, "minY": 136.875, "maxX": 150.125, "maxY": 261.75}, "class_id": 0, "box_caption": "lao 0.042", "scores": {"class_score": 0.041534423828125}, "domain": "pixel"}, {"position": {"minX": 25.78125, "minY": 217.375, "maxX": 131.375, "maxY": 312.5}, "class_id": 0, "box_caption": "lao 0.041", "scores": {"class_score": 0.0413818359375}, "domain": "pixel"}, {"position": {"minX": 528.5, "minY": 15.96875, "maxX": 661.5, "maxY": 124.875}, "class_id": 0, "box_caption": "lao 0.041", "scores": {"class_score": 0.041046142578125}, "domain": "pixel"}, {"position": {"minX": -18.9375, "minY": 200.75, "maxX": 155.5, "maxY": 322.25}, "class_id": 2, "box_caption": "vn_2_line 0.041", "scores": {"class_score": 0.040863037109375}, "domain": "pixel"}, {"position": {"minX": 347.0, "minY": 191.75, "maxX": 441.0, "maxY": 238.25}, "class_id": 1, "box_caption": "vn_1_line 0.041", "scores": {"class_score": 0.040618896484375}, "domain": "pixel"}, {"position": {"minX": 116.625, "minY": 231.5, "maxX": 314.0, "maxY": 346.5}, "class_id": 1, "box_caption": "vn_1_line 0.041", "scores": {"class_score": 0.04058837890625}, "domain": "pixel"}, {"position": {"minX": 304.5, "minY": 235.25, "maxX": 492.5, "maxY": 349.75}, "class_id": 0, "box_caption": "lao 0.041", "scores": {"class_score": 0.04058837890625}, "domain": "pixel"}, {"position": {"minX": 96.75, "minY": 119.375, "maxX": 225.75, "maxY": 237.875}, "class_id": 0, "box_caption": "lao 0.041", "scores": {"class_score": 0.04052734375}, "domain": "pixel"}, {"position": {"minX": 476.0, "minY": 230.625, "maxX": 661.0, "maxY": 349.75}, "class_id": 2, "box_caption": "vn_2_line 0.040", "scores": {"class_score": 0.040252685546875}, "domain": "pixel"}, {"position": {"minX": 327.25, "minY": 205.5, "maxX": 540.0, "maxY": 315.0}, "class_id": 1, "box_caption": "vn_1_line 0.039", "scores": {"class_score": 0.038818359375}, "domain": "pixel"}, {"position": {"minX": 25.6875, "minY": 193.125, "maxX": 209.25, "maxY": 316.25}, "class_id": 2, "box_caption": "vn_2_line 0.039", "scores": {"class_score": 0.0386962890625}, "domain": "pixel"}, {"position": {"minX": 188.25, "minY": 167.25, "maxX": 306.0, "maxY": 255.25}, "class_id": 1, "box_caption": "vn_1_line 0.038", "scores": {"class_score": 0.038330078125}, "domain": "pixel"}, {"position": {"minX": 216.25, "minY": 191.25, "maxX": 340.25, "maxY": 287.25}, "class_id": 1, "box_caption": "vn_1_line 0.038", "scores": {"class_score": 0.038330078125}, "domain": "pixel"}, {"position": {"minX": 156.625, "minY": 169.0, "maxX": 326.5, "maxY": 260.75}, "class_id": 0, "box_caption": "lao 0.038", "scores": {"class_score": 0.038177490234375}, "domain": "pixel"}, {"position": {"minX": 23.125, "minY": 255.0, "maxX": 219.25, "maxY": 376.0}, "class_id": 1, "box_caption": "vn_1_line 0.038", "scores": {"class_score": 0.038177490234375}, "domain": "pixel"}, {"position": {"minX": 539.5, "minY": -8.0625, "maxX": 637.5, "maxY": 72.1875}, "class_id": 0, "box_caption": "lao 0.038", "scores": {"class_score": 0.038055419921875}, "domain": "pixel"}, {"position": {"minX": -3.0, "minY": -3.75, "maxX": 73.625, "maxY": 55.9375}, "class_id": 0, "box_caption": "lao 0.038", "scores": {"class_score": 0.037933349609375}, "domain": "pixel"}, {"position": {"minX": 81.625, "minY": 257.25, "maxX": 290.0, "maxY": 379.25}, "class_id": 1, "box_caption": "vn_1_line 0.038", "scores": {"class_score": 0.03790283203125}, "domain": "pixel"}, {"position": {"minX": 11.625, "minY": 84.25, "maxX": 169.75, "maxY": 191.25}, "class_id": 1, "box_caption": "vn_1_line 0.038", "scores": {"class_score": 0.037750244140625}, "domain": "pixel"}, {"position": {"minX": 204.875, "minY": 256.5, "maxX": 419.0, "maxY": 382.0}, "class_id": 1, "box_caption": "vn_1_line 0.037", "scores": {"class_score": 0.037445068359375}, "domain": "pixel"}, {"position": {"minX": 338.75, "minY": 184.5, "maxX": 469.25, "maxY": 272.75}, "class_id": 1, "box_caption": "vn_1_line 0.037", "scores": {"class_score": 0.03717041015625}, "domain": "pixel"}, {"position": {"minX": 465.75, "minY": 128.875, "maxX": 611.0, "maxY": 219.875}, "class_id": 1, "box_caption": "vn_1_line 0.037", "scores": {"class_score": 0.03692626953125}, "domain": "pixel"}, {"position": {"minX": 323.75, "minY": 192.625, "maxX": 416.25, "maxY": 236.625}, "class_id": 1, "box_caption": "vn_1_line 0.037", "scores": {"class_score": 0.036865234375}, "domain": "pixel"}, {"position": {"minX": 506.0, "minY": 192.625, "maxX": 671.0, "maxY": 320.0}, "class_id": 2, "box_caption": "vn_2_line 0.037", "scores": {"class_score": 0.03680419921875}, "domain": "pixel"}, {"position": {"minX": 410.5, "minY": 173.125, "maxX": 577.0, "maxY": 251.625}, "class_id": 0, "box_caption": "lao 0.037", "scores": {"class_score": 0.036773681640625}, "domain": "pixel"}, {"position": {"minX": 371.75, "minY": 187.5, "maxX": 552.0, "maxY": 274.5}, "class_id": 0, "box_caption": "lao 0.037", "scores": {"class_score": 0.036590576171875}, "domain": "pixel"}, {"position": {"minX": 87.3125, "minY": 198.75, "maxX": 273.75, "maxY": 316.75}, "class_id": 1, "box_caption": "vn_1_line 0.037", "scores": {"class_score": 0.036590576171875}, "domain": "pixel"}, {"position": {"minX": 372.5, "minY": 183.75, "maxX": 483.5, "maxY": 236.75}, "class_id": 1, "box_caption": "vn_1_line 0.036", "scores": {"class_score": 0.035919189453125}, "domain": "pixel"}, {"position": {"minX": 285.25, "minY": 220.875, "maxX": 406.75, "maxY": 321.25}, "class_id": 1, "box_caption": "vn_1_line 0.036", "scores": {"class_score": 0.0355224609375}, "domain": "pixel"}, {"position": {"minX": 118.375, "minY": 149.5, "maxX": 295.0, "maxY": 258.0}, "class_id": 1, "box_caption": "vn_1_line 0.035", "scores": {"class_score": 0.035400390625}, "domain": "pixel"}, {"position": {"minX": 288.0, "minY": 49.375, "maxX": 340.5, "maxY": 95.25}, "class_id": 0, "box_caption": "lao 0.035", "scores": {"class_score": 0.035369873046875}, "domain": "pixel"}, {"position": {"minX": 527.5, "minY": -1.609375, "maxX": 613.5, "maxY": 62.875}, "class_id": 0, "box_caption": "lao 0.035", "scores": {"class_score": 0.035186767578125}, "domain": "pixel"}, {"position": {"minX": 177.0, "minY": 10.515625, "maxX": 219.5, "maxY": 45.875}, "class_id": 2, "box_caption": "vn_2_line 0.035", "scores": {"class_score": 0.0347900390625}, "domain": "pixel"}, {"position": {"minX": 525.0, "minY": 65.875, "maxX": 631.0, "maxY": 162.625}, "class_id": 0, "box_caption": "lao 0.034", "scores": {"class_score": 0.034423828125}, "domain": "pixel"}, {"position": {"minX": 64.375, "minY": 212.25, "maxX": 195.375, "maxY": 337.25}, "class_id": 0, "box_caption": "lao 0.034", "scores": {"class_score": 0.03424072265625}, "domain": "pixel"}, {"position": {"minX": 20.875, "minY": 221.875, "maxX": 220.0, "maxY": 346.25}, "class_id": 1, "box_caption": "vn_1_line 0.034", "scores": {"class_score": 0.0340576171875}, "domain": "pixel"}, {"position": {"minX": 212.375, "minY": 198.375, "maxX": 402.5, "maxY": 279.0}, "class_id": 0, "box_caption": "lao 0.034", "scores": {"class_score": 0.034027099609375}, "domain": "pixel"}, {"position": {"minX": 29.0625, "minY": 203.25, "maxX": 162.75, "maxY": 341.25}, "class_id": 0, "box_caption": "lao 0.034", "scores": {"class_score": 0.033843994140625}, "domain": "pixel"}, {"position": {"minX": 297.5, "minY": 44.09375, "maxX": 350.5, "maxY": 104.125}, "class_id": 1, "box_caption": "vn_1_line 0.034", "scores": {"class_score": 0.033782958984375}, "domain": "pixel"}, {"position": {"minX": 25.6875, "minY": 193.125, "maxX": 209.25, "maxY": 316.25}, "class_id": 1, "box_caption": "vn_1_line 0.034", "scores": {"class_score": 0.03369140625}, "domain": "pixel"}, {"position": {"minX": 264.5, "minY": 255.5, "maxX": 478.5, "maxY": 384.5}, "class_id": 1, "box_caption": "vn_1_line 0.033", "scores": {"class_score": 0.033294677734375}, "domain": "pixel"}, {"position": {"minX": 346.25, "minY": 217.75, "maxX": 467.75, "maxY": 311.75}, "class_id": 1, "box_caption": "vn_1_line 0.033", "scores": {"class_score": 0.03326416015625}, "domain": "pixel"}, {"position": {"minX": 327.25, "minY": 205.5, "maxX": 540.0, "maxY": 315.0}, "class_id": 0, "box_caption": "lao 0.033", "scores": {"class_score": 0.03314208984375}, "domain": "pixel"}, {"position": {"minX": 521.0, "minY": 42.09375, "maxX": 662.0, "maxY": 158.75}, "class_id": 2, "box_caption": "vn_2_line 0.033", "scores": {"class_score": 0.032806396484375}, "domain": "pixel"}, {"position": {"minX": 24.21875, "minY": 89.875, "maxX": 126.5, "maxY": 188.625}, "class_id": 0, "box_caption": "lao 0.032", "scores": {"class_score": 0.03240966796875}, "domain": "pixel"}, {"position": {"minX": 48.9375, "minY": 79.1875, "maxX": 183.0, "maxY": 167.5}, "class_id": 0, "box_caption": "lao 0.032", "scores": {"class_score": 0.03192138671875}, "domain": "pixel"}, {"position": {"minX": 335.5, "minY": 233.25, "maxX": 523.0, "maxY": 349.75}, "class_id": 1, "box_caption": "vn_1_line 0.031", "scores": {"class_score": 0.031463623046875}, "domain": "pixel"}, {"position": {"minX": 423.0, "minY": 57.625, "maxX": 454.0, "maxY": 80.5}, "class_id": 1, "box_caption": "vn_1_line 0.031", "scores": {"class_score": 0.03143310546875}, "domain": "pixel"}, {"position": {"minX": 499.25, "minY": 111.625, "maxX": 600.0, "maxY": 195.625}, "class_id": 0, "box_caption": "lao 0.031", "scores": {"class_score": 0.0308990478515625}, "domain": "pixel"}, {"position": {"minX": 300.0, "minY": 192.25, "maxX": 392.5, "maxY": 237.0}, "class_id": 1, "box_caption": "vn_1_line 0.031", "scores": {"class_score": 0.030731201171875}, "domain": "pixel"}, {"position": {"minX": 507.0, "minY": 133.875, "maxX": 674.0, "maxY": 259.5}, "class_id": 0, "box_caption": "lao 0.031", "scores": {"class_score": 0.0306396484375}, "domain": "pixel"}, {"position": {"minX": 116.375, "minY": 89.875, "maxX": 234.125, "maxY": 205.125}, "class_id": 0, "box_caption": "lao 0.031", "scores": {"class_score": 0.0305633544921875}, "domain": "pixel"}, {"position": {"minX": 429.75, "minY": 165.5, "maxX": 594.0, "maxY": 226.5}, "class_id": 1, "box_caption": "vn_1_line 0.030", "scores": {"class_score": 0.0303497314453125}, "domain": "pixel"}, {"position": {"minX": 41.4375, "minY": 116.875, "maxX": 169.75, "maxY": 218.625}, "class_id": 0, "box_caption": "lao 0.030", "scores": {"class_score": 0.03033447265625}, "domain": "pixel"}, {"position": {"minX": 64.75, "minY": 246.5, "maxX": 194.25, "maxY": 367.5}, "class_id": 0, "box_caption": "lao 0.030", "scores": {"class_score": 0.0303192138671875}, "domain": "pixel"}, {"position": {"minX": 482.5, "minY": 105.5625, "maxX": 637.5, "maxY": 217.5}, "class_id": 1, "box_caption": "vn_1_line 0.030", "scores": {"class_score": 0.0301361083984375}, "domain": "pixel"}, {"position": {"minX": 119.1875, "minY": 179.0, "maxX": 309.75, "maxY": 285.5}, "class_id": 1, "box_caption": "vn_1_line 0.030", "scores": {"class_score": 0.02984619140625}, "domain": "pixel"}, {"position": {"minX": 295.0, "minY": 254.0, "maxX": 504.0, "maxY": 385.0}, "class_id": 0, "box_caption": "lao 0.030", "scores": {"class_score": 0.02972412109375}, "domain": "pixel"}, {"position": {"minX": 5.96875, "minY": 4.5, "maxX": 72.0, "maxY": 65.0625}, "class_id": 2, "box_caption": "vn_2_line 0.030", "scores": {"class_score": 0.0296630859375}, "domain": "pixel"}, {"position": {"minX": 452.0, "minY": 263.25, "maxX": 635.0, "maxY": 378.25}, "class_id": 1, "box_caption": "vn_1_line 0.029", "scores": {"class_score": 0.029388427734375}, "domain": "pixel"}, {"position": {"minX": 53.5, "minY": 255.25, "maxX": 254.0, "maxY": 377.75}, "class_id": 2, "box_caption": "vn_2_line 0.029", "scores": {"class_score": 0.02886962890625}, "domain": "pixel"}, {"position": {"minX": 452.0, "minY": 263.25, "maxX": 635.0, "maxY": 378.25}, "class_id": 2, "box_caption": "vn_2_line 0.029", "scores": {"class_score": 0.0287628173828125}, "domain": "pixel"}, {"position": {"minX": 182.375, "minY": 210.375, "maxX": 308.5, "maxY": 322.0}, "class_id": 0, "box_caption": "lao 0.028", "scores": {"class_score": 0.028472900390625}, "domain": "pixel"}, {"position": {"minX": 513.5, "minY": 69.6875, "maxX": 660.5, "maxY": 188.25}, "class_id": 2, "box_caption": "vn_2_line 0.028", "scores": {"class_score": 0.0283355712890625}, "domain": "pixel"}, {"position": {"minX": 54.0, "minY": 225.25, "maxX": 251.5, "maxY": 345.75}, "class_id": 2, "box_caption": "vn_2_line 0.028", "scores": {"class_score": 0.0282135009765625}, "domain": "pixel"}, {"position": {"minX": 51.6875, "minY": 134.5, "maxX": 248.5, "maxY": 249.75}, "class_id": 1, "box_caption": "vn_1_line 0.028", "scores": {"class_score": 0.0278778076171875}, "domain": "pixel"}, {"position": {"minX": 93.25, "minY": 75.6875, "maxX": 240.0, "maxY": 187.5}, "class_id": 2, "box_caption": "vn_2_line 0.028", "scores": {"class_score": 0.0275115966796875}, "domain": "pixel"}, {"position": {"minX": 87.8125, "minY": 102.375, "maxX": 258.25, "maxY": 221.375}, "class_id": 1, "box_caption": "vn_1_line 0.027", "scores": {"class_score": 0.0273895263671875}, "domain": "pixel"}, {"position": {"minX": 499.25, "minY": 111.625, "maxX": 600.0, "maxY": 195.625}, "class_id": 1, "box_caption": "vn_1_line 0.027", "scores": {"class_score": 0.02728271484375}, "domain": "pixel"}, {"position": {"minX": 54.4375, "minY": 201.0, "maxX": 188.25, "maxY": 298.75}, "class_id": 0, "box_caption": "lao 0.027", "scores": {"class_score": 0.0269927978515625}, "domain": "pixel"}, {"position": {"minX": 146.5, "minY": 150.75, "maxX": 267.75, "maxY": 255.25}, "class_id": 0, "box_caption": "lao 0.027", "scores": {"class_score": 0.0268096923828125}, "domain": "pixel"}, {"position": {"minX": 87.8125, "minY": 102.375, "maxX": 258.25, "maxY": 221.375}, "class_id": 2, "box_caption": "vn_2_line 0.027", "scores": {"class_score": 0.0267486572265625}, "domain": "pixel"}, {"position": {"minX": 75.1875, "minY": 68.5625, "maxX": 197.75, "maxY": 152.25}, "class_id": 0, "box_caption": "lao 0.026", "scores": {"class_score": 0.0262603759765625}, "domain": "pixel"}, {"position": {"minX": 432.5, "minY": 171.125, "maxX": 624.5, "maxY": 285.5}, "class_id": 0, "box_caption": "lao 0.026", "scores": {"class_score": 0.0262603759765625}, "domain": "pixel"}, {"position": {"minX": 528.5, "minY": 15.96875, "maxX": 661.5, "maxY": 124.875}, "class_id": 2, "box_caption": "vn_2_line 0.026", "scores": {"class_score": 0.0262451171875}, "domain": "pixel"}, {"position": {"minX": 50.0, "minY": 164.5, "maxX": 245.0, "maxY": 283.0}, "class_id": 1, "box_caption": "vn_1_line 0.026", "scores": {"class_score": 0.026123046875}, "domain": "pixel"}, {"position": {"minX": 476.0, "minY": 230.625, "maxX": 661.0, "maxY": 349.75}, "class_id": 1, "box_caption": "vn_1_line 0.026", "scores": {"class_score": 0.0260162353515625}, "domain": "pixel"}, {"position": {"minX": 305.25, "minY": 50.3125, "maxX": 346.25, "maxY": 94.6875}, "class_id": 1, "box_caption": "vn_1_line 0.026", "scores": {"class_score": 0.0259552001953125}, "domain": "pixel"}, {"position": {"minX": 143.875, "minY": 179.25, "maxX": 279.0, "maxY": 289.75}, "class_id": 0, "box_caption": "lao 0.026", "scores": {"class_score": 0.0259552001953125}, "domain": "pixel"}, {"position": {"minX": 130.75, "minY": 267.5, "maxX": 257.75, "maxY": 378.0}, "class_id": 0, "box_caption": "lao 0.026", "scores": {"class_score": 0.02587890625}, "domain": "pixel"}, {"position": {"minX": 509.5, "minY": 167.75, "maxX": 675.5, "maxY": 287.0}, "class_id": 2, "box_caption": "vn_2_line 0.026", "scores": {"class_score": 0.02581787109375}, "domain": "pixel"}, {"position": {"minX": 530.0, "minY": -3.96875, "maxX": 631.0, "maxY": 58.34375}, "class_id": 1, "box_caption": "vn_1_line 0.026", "scores": {"class_score": 0.0257415771484375}, "domain": "pixel"}, {"position": {"minX": -7.3125, "minY": 169.625, "maxX": 189.5, "maxY": 285.0}, "class_id": 1, "box_caption": "vn_1_line 0.026", "scores": {"class_score": 0.025665283203125}, "domain": "pixel"}, {"position": {"minX": 249.75, "minY": 214.5, "maxX": 373.25, "maxY": 321.5}, "class_id": 1, "box_caption": "vn_1_line 0.025", "scores": {"class_score": 0.025482177734375}, "domain": "pixel"}, {"position": {"minX": 75.9375, "minY": 186.75, "maxX": 200.0, "maxY": 282.75}, "class_id": 0, "box_caption": "lao 0.025", "scores": {"class_score": 0.024993896484375}, "domain": "pixel"}, {"position": {"minX": 426.25, "minY": 57.0, "maxX": 458.25, "maxY": 74.125}, "class_id": 0, "box_caption": "lao 0.025", "scores": {"class_score": 0.0249786376953125}, "domain": "pixel"}, {"position": {"minX": -1.25, "minY": 134.75, "maxX": 188.75, "maxY": 252.75}, "class_id": 1, "box_caption": "vn_1_line 0.025", "scores": {"class_score": 0.0248870849609375}, "domain": "pixel"}, {"position": {"minX": 506.5, "minY": 67.625, "maxX": 652.5, "maxY": 168.0}, "class_id": 1, "box_caption": "vn_1_line 0.025", "scores": {"class_score": 0.024505615234375}, "domain": "pixel"}, {"position": {"minX": 93.25, "minY": 75.6875, "maxX": 240.0, "maxY": 187.5}, "class_id": 1, "box_caption": "vn_1_line 0.025", "scores": {"class_score": 0.024505615234375}, "domain": "pixel"}, {"position": {"minX": 84.5, "minY": 132.875, "maxX": 269.5, "maxY": 252.875}, "class_id": 2, "box_caption": "vn_2_line 0.024", "scores": {"class_score": 0.024322509765625}, "domain": "pixel"}, {"position": {"minX": 30.25, "minY": 189.75, "maxX": 130.0, "maxY": 283.0}, "class_id": 0, "box_caption": "lao 0.024", "scores": {"class_score": 0.024139404296875}, "domain": "pixel"}, {"position": {"minX": 532.5, "minY": 89.375, "maxX": 640.5, "maxY": 182.625}, "class_id": 0, "box_caption": "lao 0.024", "scores": {"class_score": 0.02398681640625}, "domain": "pixel"}, {"position": {"minX": 8.25, "minY": 223.25, "maxX": 133.5, "maxY": 359.25}, "class_id": 2, "box_caption": "vn_2_line 0.024", "scores": {"class_score": 0.0238494873046875}, "domain": "pixel"}, {"position": {"minX": 238.75, "minY": 181.25, "maxX": 354.25, "maxY": 233.5}, "class_id": 1, "box_caption": "vn_1_line 0.024", "scores": {"class_score": 0.0235595703125}, "domain": "pixel"}, {"position": {"minX": 392.75, "minY": 207.125, "maxX": 594.0, "maxY": 318.75}, "class_id": 1, "box_caption": "vn_1_line 0.023", "scores": {"class_score": 0.0232391357421875}, "domain": "pixel"}, {"position": {"minX": 209.5, "minY": 175.875, "maxX": 318.5, "maxY": 234.875}, "class_id": 1, "box_caption": "vn_1_line 0.023", "scores": {"class_score": 0.0231475830078125}, "domain": "pixel"}, {"position": {"minX": 69.625, "minY": 282.5, "maxX": 190.125, "maxY": 391.5}, "class_id": 0, "box_caption": "lao 0.023", "scores": {"class_score": 0.022735595703125}, "domain": "pixel"}, {"position": {"minX": 3.046875, "minY": -7.734375, "maxX": 54.125, "maxY": 43.0625}, "class_id": 0, "box_caption": "lao 0.023", "scores": {"class_score": 0.0227203369140625}, "domain": "pixel"}, {"position": {"minX": 249.75, "minY": 214.5, "maxX": 373.25, "maxY": 321.5}, "class_id": 0, "box_caption": "lao 0.022", "scores": {"class_score": 0.02239990234375}, "domain": "pixel"}, {"position": {"minX": -5.296875, "minY": 4.75, "maxX": 49.3125, "maxY": 49.59375}, "class_id": 2, "box_caption": "vn_2_line 0.022", "scores": {"class_score": 0.022369384765625}, "domain": "pixel"}, {"position": {"minX": 482.5, "minY": 105.5625, "maxX": 637.5, "maxY": 217.5}, "class_id": 2, "box_caption": "vn_2_line 0.022", "scores": {"class_score": 0.0223388671875}, "domain": "pixel"}, {"position": {"minX": 185.25, "minY": 4.015625, "maxX": 219.25, "maxY": 30.578125}, "class_id": 0, "box_caption": "lao 0.022", "scores": {"class_score": 0.021942138671875}, "domain": "pixel"}, {"position": {"minX": 32.25, "minY": 85.25, "maxX": 148.5, "maxY": 163.5}, "class_id": 1, "box_caption": "vn_1_line 0.022", "scores": {"class_score": 0.021881103515625}, "domain": "pixel"}, {"position": {"minX": 501.25, "minY": 250.5, "maxX": 674.0, "maxY": 378.5}, "class_id": 2, "box_caption": "vn_2_line 0.022", "scores": {"class_score": 0.021759033203125}, "domain": "pixel"}, {"position": {"minX": 255.25, "minY": 199.5, "maxX": 370.25, "maxY": 282.0}, "class_id": 0, "box_caption": "lao 0.021", "scores": {"class_score": 0.0214080810546875}, "domain": "pixel"}, {"position": {"minX": 47.21875, "minY": 278.75, "maxX": 163.75, "maxY": 376.25}, "class_id": 0, "box_caption": "lao 0.021", "scores": {"class_score": 0.0212860107421875}, "domain": "pixel"}, {"position": {"minX": 412.0, "minY": 183.25, "maxX": 504.5, "maxY": 232.0}, "class_id": 1, "box_caption": "vn_1_line 0.021", "scores": {"class_score": 0.0211944580078125}, "domain": "pixel"}, {"position": {"minX": 208.5, "minY": 261.0, "maxX": 338.5, "maxY": 383.5}, "class_id": 0, "box_caption": "lao 0.021", "scores": {"class_score": 0.0211944580078125}, "domain": "pixel"}, {"position": {"minX": 376.5, "minY": 209.0, "maxX": 500.5, "maxY": 310.5}, "class_id": 1, "box_caption": "vn_1_line 0.021", "scores": {"class_score": 0.020965576171875}, "domain": "pixel"}, {"position": {"minX": 64.0625, "minY": 117.0, "maxX": 195.75, "maxY": 239.75}, "class_id": 0, "box_caption": "lao 0.021", "scores": {"class_score": 0.0209197998046875}, "domain": "pixel"}, {"position": {"minX": 18.125, "minY": 74.375, "maxX": 172.875, "maxY": 179.875}, "class_id": 2, "box_caption": "vn_2_line 0.021", "scores": {"class_score": 0.0209197998046875}, "domain": "pixel"}, {"position": {"minX": 277.0, "minY": 199.25, "maxX": 370.0, "maxY": 245.25}, "class_id": 1, "box_caption": "vn_1_line 0.021", "scores": {"class_score": 0.0208282470703125}, "domain": "pixel"}, {"position": {"minX": 417.5, "minY": 186.25, "maxX": 522.0, "maxY": 253.5}, "class_id": 0, "box_caption": "lao 0.021", "scores": {"class_score": 0.020782470703125}, "domain": "pixel"}, {"position": {"minX": 122.125, "minY": 55.96875, "maxX": 217.875, "maxY": 133.75}, "class_id": 0, "box_caption": "lao 0.021", "scores": {"class_score": 0.0205078125}, "domain": "pixel"}, {"position": {"minX": 50.0, "minY": 164.5, "maxX": 245.0, "maxY": 283.0}, "class_id": 2, "box_caption": "vn_2_line 0.020", "scores": {"class_score": 0.020416259765625}, "domain": "pixel"}, {"position": {"minX": 367.5, "minY": 236.25, "maxX": 555.5, "maxY": 352.25}, "class_id": 0, "box_caption": "lao 0.020", "scores": {"class_score": 0.02001953125}, "domain": "pixel"}, {"position": {"minX": 557.0, "minY": -2.28125, "maxX": 665.0, "maxY": 100.25}, "class_id": 0, "box_caption": "lao 0.020", "scores": {"class_score": 0.01995849609375}, "domain": "pixel"}, {"position": {"minX": 126.9375, "minY": 216.75, "maxX": 260.0, "maxY": 334.25}, "class_id": 0, "box_caption": "lao 0.020", "scores": {"class_score": 0.0198516845703125}, "domain": "pixel"}, {"position": {"minX": 114.125, "minY": 257.25, "maxX": 322.5, "maxY": 381.25}, "class_id": 2, "box_caption": "vn_2_line 0.020", "scores": {"class_score": 0.0197906494140625}, "domain": "pixel"}, {"position": {"minX": 33.59375, "minY": 244.75, "maxX": 149.625, "maxY": 349.75}, "class_id": 0, "box_caption": "lao 0.020", "scores": {"class_score": 0.0196685791015625}, "domain": "pixel"}, {"position": {"minX": 176.125, "minY": 258.75, "maxX": 388.0, "maxY": 380.25}, "class_id": 2, "box_caption": "vn_2_line 0.020", "scores": {"class_score": 0.019561767578125}, "domain": "pixel"}, {"position": {"minX": 162.5, "minY": 263.0, "maxX": 289.5, "maxY": 382.0}, "class_id": 0, "box_caption": "lao 0.019", "scores": {"class_score": 0.0194854736328125}, "domain": "pixel"}, {"position": {"minX": -21.3125, "minY": 228.25, "maxX": 156.5, "maxY": 349.75}, "class_id": 1, "box_caption": "vn_1_line 0.019", "scores": {"class_score": 0.019317626953125}, "domain": "pixel"}, {"position": {"minX": 436.0, "minY": 220.375, "maxX": 635.0, "maxY": 318.5}, "class_id": 1, "box_caption": "vn_1_line 0.019", "scores": {"class_score": 0.0192413330078125}, "domain": "pixel"}, {"position": {"minX": 119.125, "minY": 128.875, "maxX": 272.5, "maxY": 224.625}, "class_id": 1, "box_caption": "vn_1_line 0.019", "scores": {"class_score": 0.01885986328125}, "domain": "pixel"}, {"position": {"minX": 222.625, "minY": 177.875, "maxX": 332.75, "maxY": 251.875}, "class_id": 0, "box_caption": "lao 0.019", "scores": {"class_score": 0.0188446044921875}, "domain": "pixel"}, {"position": {"minX": 471.75, "minY": 176.75, "maxX": 665.0, "maxY": 286.75}, "class_id": 1, "box_caption": "vn_1_line 0.019", "scores": {"class_score": 0.01873779296875}, "domain": "pixel"}, {"position": {"minX": 92.5, "minY": 67.25, "maxX": 217.5, "maxY": 151.875}, "class_id": 1, "box_caption": "vn_1_line 0.019", "scores": {"class_score": 0.0186767578125}, "domain": "pixel"}, {"position": {"minX": 437.0, "minY": 174.0, "maxX": 524.5, "maxY": 229.0}, "class_id": 1, "box_caption": "vn_1_line 0.018", "scores": {"class_score": 0.018280029296875}, "domain": "pixel"}, {"position": {"minX": 385.0, "minY": 195.625, "maxX": 493.0, "maxY": 272.0}, "class_id": 0, "box_caption": "lao 0.018", "scores": {"class_score": 0.0182647705078125}, "domain": "pixel"}, {"position": {"minX": 49.15625, "minY": -6.515625, "maxX": 116.0, "maxY": 39.25}, "class_id": 0, "box_caption": "lao 0.018", "scores": {"class_score": 0.01824951171875}, "domain": "pixel"}, {"position": {"minX": 401.75, "minY": 243.25, "maxX": 603.5, "maxY": 358.25}, "class_id": 1, "box_caption": "vn_1_line 0.018", "scores": {"class_score": 0.01824951171875}, "domain": "pixel"}, {"position": {"minX": 116.625, "minY": 231.5, "maxX": 314.0, "maxY": 346.5}, "class_id": 2, "box_caption": "vn_2_line 0.018", "scores": {"class_score": 0.018157958984375}, "domain": "pixel"}, {"position": {"minX": 93.5625, "minY": 92.125, "maxX": 201.5, "maxY": 204.875}, "class_id": 0, "box_caption": "lao 0.018", "scores": {"class_score": 0.01806640625}, "domain": "pixel"}, {"position": {"minX": 544.5, "minY": 33.25, "maxX": 644.5, "maxY": 137.5}, "class_id": 2, "box_caption": "vn_2_line 0.018", "scores": {"class_score": 0.01800537109375}, "domain": "pixel"}, {"position": {"minX": 17.4375, "minY": -7.03125, "maxX": 138.0, "maxY": 84.0}, "class_id": 0, "box_caption": "lao 0.018", "scores": {"class_score": 0.0178985595703125}, "domain": "pixel"}, {"position": {"minX": 371.75, "minY": 240.25, "maxX": 497.25, "maxY": 342.75}, "class_id": 1, "box_caption": "vn_1_line 0.018", "scores": {"class_score": 0.017852783203125}, "domain": "pixel"}, {"position": {"minX": 318.5, "minY": 223.625, "maxX": 436.5, "maxY": 318.0}, "class_id": 0, "box_caption": "lao 0.018", "scores": {"class_score": 0.0176849365234375}, "domain": "pixel"}, {"position": {"minX": 529.5, "minY": -5.15625, "maxX": 652.5, "maxY": 94.375}, "class_id": 2, "box_caption": "vn_2_line 0.018", "scores": {"class_score": 0.0176239013671875}, "domain": "pixel"}, {"position": {"minX": 113.75, "minY": 182.0, "maxX": 241.5, "maxY": 306.0}, "class_id": 0, "box_caption": "lao 0.018", "scores": {"class_score": 0.01751708984375}, "domain": "pixel"}, {"position": {"minX": 523.5, "minY": 261.75, "maxX": 642.5, "maxY": 360.75}, "class_id": 0, "box_caption": "lao 0.017", "scores": {"class_score": 0.0174713134765625}, "domain": "pixel"}, {"position": {"minX": 427.75, "minY": 51.34375, "maxX": 457.25, "maxY": 79.0}, "class_id": 0, "box_caption": "lao 0.017", "scores": {"class_score": 0.0174407958984375}, "domain": "pixel"}, {"position": {"minX": 87.3125, "minY": 198.75, "maxX": 273.75, "maxY": 316.75}, "class_id": 2, "box_caption": "vn_2_line 0.017", "scores": {"class_score": 0.017333984375}, "domain": "pixel"}, {"position": {"minX": 411.5, "minY": 54.6875, "maxX": 471.5, "maxY": 95.8125}, "class_id": 1, "box_caption": "vn_1_line 0.017", "scores": {"class_score": 0.0172882080078125}, "domain": "pixel"}, {"position": {"minX": 333.5, "minY": 262.75, "maxX": 526.5, "maxY": 379.75}, "class_id": 1, "box_caption": "vn_1_line 0.017", "scores": {"class_score": 0.01727294921875}, "domain": "pixel"}, {"position": {"minX": 339.0, "minY": 6.75, "maxX": 374.0, "maxY": 39.15625}, "class_id": 0, "box_caption": "lao 0.017", "scores": {"class_score": 0.0172576904296875}, "domain": "pixel"}, {"position": {"minX": -14.25, "minY": 256.75, "maxX": 153.5, "maxY": 378.75}, "class_id": 1, "box_caption": "vn_1_line 0.017", "scores": {"class_score": 0.0171356201171875}, "domain": "pixel"}, {"position": {"minX": 285.25, "minY": 220.875, "maxX": 406.75, "maxY": 321.25}, "class_id": 0, "box_caption": "lao 0.017", "scores": {"class_score": 0.0169830322265625}, "domain": "pixel"}, {"position": {"minX": 423.0, "minY": 57.625, "maxX": 454.0, "maxY": 80.5}, "class_id": 2, "box_caption": "vn_2_line 0.017", "scores": {"class_score": 0.0169525146484375}, "domain": "pixel"}, {"position": {"minX": 232.0, "minY": 257.25, "maxX": 453.0, "maxY": 382.25}, "class_id": 2, "box_caption": "vn_2_line 0.017", "scores": {"class_score": 0.0168914794921875}, "domain": "pixel"}, {"position": {"minX": 552.5, "minY": 60.375, "maxX": 642.5, "maxY": 146.875}, "class_id": 0, "box_caption": "lao 0.017", "scores": {"class_score": 0.0167388916015625}, "domain": "pixel"}, {"position": {"minX": 244.875, "minY": 280.25, "maxX": 366.75, "maxY": 393.25}, "class_id": 0, "box_caption": "lao 0.017", "scores": {"class_score": 0.0165863037109375}, "domain": "pixel"}, {"position": {"minX": 501.25, "minY": 250.5, "maxX": 674.0, "maxY": 378.5}, "class_id": 1, "box_caption": "vn_1_line 0.016", "scores": {"class_score": 0.016448974609375}, "domain": "pixel"}, {"position": {"minX": 513.0, "minY": -9.4375, "maxX": 638.0, "maxY": 97.75}, "class_id": 1, "box_caption": "vn_1_line 0.016", "scores": {"class_score": 0.0163726806640625}, "domain": "pixel"}, {"position": {"minX": 541.5, "minY": 172.25, "maxX": 647.5, "maxY": 282.0}, "class_id": 2, "box_caption": "vn_2_line 0.016", "scores": {"class_score": 0.016357421875}, "domain": "pixel"}, {"position": {"minX": 206.0, "minY": 221.25, "maxX": 340.5, "maxY": 330.75}, "class_id": 0, "box_caption": "lao 0.016", "scores": {"class_score": 0.016326904296875}, "domain": "pixel"}, {"position": {"minX": 539.5, "minY": 60.625, "maxX": 645.5, "maxY": 170.125}, "class_id": 2, "box_caption": "vn_2_line 0.016", "scores": {"class_score": 0.016204833984375}, "domain": "pixel"}, {"position": {"minX": 487.0, "minY": -2.15625, "maxX": 609.0, "maxY": 91.625}, "class_id": 0, "box_caption": "lao 0.016", "scores": {"class_score": 0.01617431640625}, "domain": "pixel"}, {"position": {"minX": 341.75, "minY": 241.75, "maxX": 463.75, "maxY": 344.75}, "class_id": 0, "box_caption": "lao 0.016", "scores": {"class_score": 0.0160369873046875}, "domain": "pixel"}, {"position": {"minX": 465.75, "minY": 128.875, "maxX": 611.0, "maxY": 219.875}, "class_id": 2, "box_caption": "vn_2_line 0.016", "scores": {"class_score": 0.0159454345703125}, "domain": "pixel"}, {"position": {"minX": 23.53125, "minY": -1.390625, "maxX": 119.25, "maxY": 48.25}, "class_id": 1, "box_caption": "vn_1_line 0.016", "scores": {"class_score": 0.0158843994140625}, "domain": "pixel"}, {"position": {"minX": -12.1875, "minY": 107.625, "maxX": 149.5, "maxY": 222.125}, "class_id": 1, "box_caption": "vn_1_line 0.016", "scores": {"class_score": 0.0158538818359375}, "domain": "pixel"}, {"position": {"minX": 184.375, "minY": 8.4375, "maxX": 214.875, "maxY": 40.96875}, "class_id": 0, "box_caption": "lao 0.016", "scores": {"class_score": 0.0157623291015625}, "domain": "pixel"}, {"position": {"minX": 12.0625, "minY": 262.0, "maxX": 129.5, "maxY": 382.0}, "class_id": 2, "box_caption": "vn_2_line 0.016", "scores": {"class_score": 0.015716552734375}, "domain": "pixel"}, {"position": {"minX": 424.5, "minY": 177.125, "maxX": 510.0, "maxY": 220.125}, "class_id": 1, "box_caption": "vn_1_line 0.016", "scores": {"class_score": 0.015655517578125}, "domain": "pixel"}, {"position": {"minX": 88.8125, "minY": 233.0, "maxX": 218.25, "maxY": 331.0}, "class_id": 0, "box_caption": "lao 0.016", "scores": {"class_score": 0.015655517578125}, "domain": "pixel"}, {"position": {"minX": 210.25, "minY": 187.25, "maxX": 391.75, "maxY": 255.5}, "class_id": 0, "box_caption": "lao 0.016", "scores": {"class_score": 0.01560211181640625}, "domain": "pixel"}, {"position": {"minX": 239.125, "minY": 245.125, "maxX": 371.5, "maxY": 368.25}, "class_id": 0, "box_caption": "lao 0.016", "scores": {"class_score": 0.0155792236328125}, "domain": "pixel"}, {"position": {"minX": 153.375, "minY": 219.125, "maxX": 281.5, "maxY": 311.0}, "class_id": 0, "box_caption": "lao 0.016", "scores": {"class_score": 0.0155029296875}, "domain": "pixel"}, {"position": {"minX": 506.0, "minY": 192.625, "maxX": 671.0, "maxY": 320.0}, "class_id": 1, "box_caption": "vn_1_line 0.015", "scores": {"class_score": 0.015472412109375}, "domain": "pixel"}, {"position": {"minX": 473.5, "minY": 177.75, "maxX": 595.5, "maxY": 277.25}, "class_id": 1, "box_caption": "vn_1_line 0.015", "scores": {"class_score": 0.01537322998046875}, "domain": "pixel"}, {"position": {"minX": -0.96875, "minY": 5.71875, "maxX": 58.34375, "maxY": 85.625}, "class_id": 2, "box_caption": "vn_2_line 0.015", "scores": {"class_score": 0.0153350830078125}, "domain": "pixel"}, {"position": {"minX": 38.9375, "minY": 113.25, "maxX": 138.0, "maxY": 196.25}, "class_id": 0, "box_caption": "lao 0.015", "scores": {"class_score": 0.015228271484375}, "domain": "pixel"}, {"position": {"minX": 157.75, "minY": 227.25, "maxX": 292.5, "maxY": 354.25}, "class_id": 0, "box_caption": "lao 0.015", "scores": {"class_score": 0.0152130126953125}, "domain": "pixel"}, {"position": {"minX": 537.0, "minY": 185.5, "maxX": 649.0, "maxY": 299.75}, "class_id": 0, "box_caption": "lao 0.015", "scores": {"class_score": 0.01519012451171875}, "domain": "pixel"}, {"position": {"minX": 125.8125, "minY": 143.5, "maxX": 231.25, "maxY": 244.25}, "class_id": 0, "box_caption": "lao 0.015", "scores": {"class_score": 0.01512908935546875}, "domain": "pixel"}, {"position": {"minX": 179.875, "minY": 233.75, "maxX": 375.5, "maxY": 346.25}, "class_id": 2, "box_caption": "vn_2_line 0.015", "scores": {"class_score": 0.01483154296875}, "domain": "pixel"}, {"position": {"minX": 304.0, "minY": 204.375, "maxX": 505.0, "maxY": 266.5}, "class_id": 0, "box_caption": "lao 0.015", "scores": {"class_score": 0.0148162841796875}, "domain": "pixel"}, {"position": {"minX": 534.5, "minY": 215.125, "maxX": 649.5, "maxY": 334.5}, "class_id": 2, "box_caption": "vn_2_line 0.015", "scores": {"class_score": 0.01459503173828125}, "domain": "pixel"}, {"position": {"minX": 293.5, "minY": 55.6875, "maxX": 366.5, "maxY": 109.1875}, "class_id": 1, "box_caption": "vn_1_line 0.015", "scores": {"class_score": 0.01457977294921875}, "domain": "pixel"}, {"position": {"minX": 515.0, "minY": 122.625, "maxX": 639.0, "maxY": 235.875}, "class_id": 0, "box_caption": "lao 0.015", "scores": {"class_score": 0.0145721435546875}, "domain": "pixel"}, {"position": {"minX": 534.0, "minY": 246.25, "maxX": 650.0, "maxY": 367.25}, "class_id": 2, "box_caption": "vn_2_line 0.015", "scores": {"class_score": 0.014556884765625}, "domain": "pixel"}, {"position": {"minX": 195.625, "minY": 185.5, "maxX": 322.0, "maxY": 305.75}, "class_id": 0, "box_caption": "lao 0.014", "scores": {"class_score": 0.01424407958984375}, "domain": "pixel"}, {"position": {"minX": 98.9375, "minY": 264.5, "maxX": 225.5, "maxY": 381.5}, "class_id": 0, "box_caption": "lao 0.014", "scores": {"class_score": 0.01421356201171875}, "domain": "pixel"}, {"position": {"minX": 101.6875, "minY": 218.875, "maxX": 234.0, "maxY": 312.5}, "class_id": 0, "box_caption": "lao 0.014", "scores": {"class_score": 0.014190673828125}, "domain": "pixel"}, {"position": {"minX": 115.25, "minY": 116.5625, "maxX": 237.5, "maxY": 240.5}, "class_id": 2, "box_caption": "vn_2_line 0.014", "scores": {"class_score": 0.01406097412109375}, "domain": "pixel"}, {"position": {"minX": 54.625, "minY": 228.875, "maxX": 154.125, "maxY": 307.75}, "class_id": 0, "box_caption": "lao 0.014", "scores": {"class_score": 0.0140228271484375}, "domain": "pixel"}, {"position": {"minX": 22.09375, "minY": 206.5, "maxX": 124.375, "maxY": 317.0}, "class_id": 2, "box_caption": "vn_2_line 0.014", "scores": {"class_score": 0.01401519775390625}, "domain": "pixel"}, {"position": {"minX": 290.25, "minY": 265.0, "maxX": 416.75, "maxY": 379.5}, "class_id": 0, "box_caption": "lao 0.014", "scores": {"class_score": 0.0139923095703125}, "domain": "pixel"}, {"position": {"minX": 363.0, "minY": 270.25, "maxX": 581.5, "maxY": 387.25}, "class_id": 1, "box_caption": "vn_1_line 0.014", "scores": {"class_score": 0.013946533203125}, "domain": "pixel"}, {"position": {"minX": 24.40625, "minY": 94.0, "maxX": 126.625, "maxY": 206.0}, "class_id": 2, "box_caption": "vn_2_line 0.014", "scores": {"class_score": 0.01390838623046875}, "domain": "pixel"}, {"position": {"minX": 335.75, "minY": 196.0, "maxX": 531.0, "maxY": 252.5}, "class_id": 0, "box_caption": "lao 0.014", "scores": {"class_score": 0.01390838623046875}, "domain": "pixel"}, {"position": {"minX": 401.75, "minY": 243.25, "maxX": 603.5, "maxY": 358.25}, "class_id": 0, "box_caption": "lao 0.014", "scores": {"class_score": 0.0137939453125}, "domain": "pixel"}, {"position": {"minX": 477.5, "minY": 248.25, "maxX": 604.5, "maxY": 357.25}, "class_id": 0, "box_caption": "lao 0.014", "scores": {"class_score": 0.0137481689453125}, "domain": "pixel"}, {"position": {"minX": -3.578125, "minY": -4.4765625, "maxX": 43.375, "maxY": 36.21875}, "class_id": 0, "box_caption": "lao 0.014", "scores": {"class_score": 0.01371002197265625}, "domain": "pixel"}, {"position": {"minX": 392.75, "minY": 207.125, "maxX": 594.0, "maxY": 318.75}, "class_id": 0, "box_caption": "lao 0.014", "scores": {"class_score": 0.01363372802734375}, "domain": "pixel"}, {"position": {"minX": 119.1875, "minY": 179.0, "maxX": 309.75, "maxY": 285.5}, "class_id": 2, "box_caption": "vn_2_line 0.014", "scores": {"class_score": 0.01355743408203125}, "domain": "pixel"}, {"position": {"minX": 1.984375, "minY": -4.21875, "maxX": 59.125, "maxY": 55.9375}, "class_id": 2, "box_caption": "vn_2_line 0.013", "scores": {"class_score": 0.01348876953125}, "domain": "pixel"}, {"position": {"minX": 76.0625, "minY": 70.625, "maxX": 223.0, "maxY": 161.125}, "class_id": 2, "box_caption": "vn_2_line 0.013", "scores": {"class_score": 0.0134735107421875}, "domain": "pixel"}, {"position": {"minX": 136.75, "minY": 250.125, "maxX": 266.25, "maxY": 344.5}, "class_id": 0, "box_caption": "lao 0.013", "scores": {"class_score": 0.0134124755859375}, "domain": "pixel"}, {"position": {"minX": 290.0, "minY": 205.0, "maxX": 402.5, "maxY": 275.75}, "class_id": 0, "box_caption": "lao 0.013", "scores": {"class_score": 0.0134124755859375}, "domain": "pixel"}, {"position": {"minX": 536.0, "minY": 103.4375, "maxX": 648.0, "maxY": 219.5}, "class_id": 0, "box_caption": "lao 0.013", "scores": {"class_score": 0.01335906982421875}, "domain": "pixel"}, {"position": {"minX": 507.0, "minY": 133.875, "maxX": 674.0, "maxY": 259.5}, "class_id": 2, "box_caption": "vn_2_line 0.013", "scores": {"class_score": 0.01331329345703125}, "domain": "pixel"}, {"position": {"minX": 98.125, "minY": 146.375, "maxX": 225.625, "maxY": 273.5}, "class_id": 0, "box_caption": "lao 0.013", "scores": {"class_score": 0.01328277587890625}, "domain": "pixel"}, {"position": {"minX": 323.75, "minY": 205.625, "maxX": 433.25, "maxY": 272.25}, "class_id": 0, "box_caption": "lao 0.013", "scores": {"class_score": 0.0130462646484375}, "domain": "pixel"}, {"position": {"minX": 255.75, "minY": 186.375, "maxX": 364.25, "maxY": 248.125}, "class_id": 0, "box_caption": "lao 0.013", "scores": {"class_score": 0.01294708251953125}, "domain": "pixel"}, {"position": {"minX": 14.28125, "minY": -9.75, "maxX": 89.625, "maxY": 41.40625}, "class_id": 0, "box_caption": "lao 0.013", "scores": {"class_score": 0.01274871826171875}, "domain": "pixel"}, {"position": {"minX": 31.296875, "minY": -6.6171875, "maxX": 84.5625, "maxY": 36.0}, "class_id": 0, "box_caption": "lao 0.013", "scores": {"class_score": 0.012725830078125}, "domain": "pixel"}, {"position": {"minX": 368.75, "minY": 225.125, "maxX": 498.75, "maxY": 325.0}, "class_id": 0, "box_caption": "lao 0.013", "scores": {"class_score": 0.012725830078125}, "domain": "pixel"}], "class_labels": {"0": "lao", "1": "vn_1_line", "2": "vn_2_line"}}