{"box_data": [{"position": {"minX": 286.25, "minY": 33.1875, "maxX": 354.25, "maxY": 104.0625}, "class_id": 2, "box_caption": "vn_2_line 0.731", "scores": {"class_score": 0.73095703125}, "domain": "pixel"}, {"position": {"minX": 295.75, "minY": 49.625, "maxX": 353.75, "maxY": 94.25}, "class_id": 2, "box_caption": "vn_2_line 0.472", "scores": {"class_score": 0.4716796875}, "domain": "pixel"}, {"position": {"minX": 450.25, "minY": 309.0, "maxX": 558.5, "maxY": 381.5}, "class_id": 1, "box_caption": "vn_1_line 0.305", "scores": {"class_score": 0.3046875}, "domain": "pixel"}, {"position": {"minX": 420.0, "minY": 313.75, "maxX": 530.5, "maxY": 380.75}, "class_id": 1, "box_caption": "vn_1_line 0.272", "scores": {"class_score": 0.271728515625}, "domain": "pixel"}, {"position": {"minX": 379.5, "minY": 11.8125, "maxX": 479.0, "maxY": 102.875}, "class_id": 0, "box_caption": "lao 0.262", "scores": {"class_score": 0.26220703125}, "domain": "pixel"}, {"position": {"minX": 387.0, "minY": 314.5, "maxX": 498.5, "maxY": 382.5}, "class_id": 1, "box_caption": "vn_1_line 0.251", "scores": {"class_score": 0.250732421875}, "domain": "pixel"}, {"position": {"minX": 365.5, "minY": 20.875, "maxX": 460.0, "maxY": 94.1875}, "class_id": 0, "box_caption": "lao 0.244", "scores": {"class_score": 0.24365234375}, "domain": "pixel"}, {"position": {"minX": 542.0, "minY": 198.125, "maxX": 670.0, "maxY": 329.5}, "class_id": 2, "box_caption": "vn_2_line 0.241", "scores": {"class_score": 0.2412109375}, "domain": "pixel"}, {"position": {"minX": 25.9375, "minY": 21.40625, "maxX": 202.0, "maxY": 127.5}, "class_id": 0, "box_caption": "lao 0.240", "scores": {"class_score": 0.2398681640625}, "domain": "pixel"}, {"position": {"minX": 476.0, "minY": 299.25, "maxX": 583.0, "maxY": 382.25}, "class_id": 1, "box_caption": "vn_1_line 0.221", "scores": {"class_score": 0.2210693359375}, "domain": "pixel"}, {"position": {"minX": -3.375, "minY": 253.875, "maxX": 181.0, "maxY": 373.0}, "class_id": 0, "box_caption": "lao 0.210", "scores": {"class_score": 0.2095947265625}, "domain": "pixel"}, {"position": {"minX": 411.75, "minY": 310.5, "maxX": 592.5, "maxY": 376.0}, "class_id": 1, "box_caption": "vn_1_line 0.188", "scores": {"class_score": 0.1883544921875}, "domain": "pixel"}, {"position": {"minX": 23.375, "minY": 224.5, "maxX": 214.375, "maxY": 346.5}, "class_id": 0, "box_caption": "lao 0.185", "scores": {"class_score": 0.18505859375}, "domain": "pixel"}, {"position": {"minX": 123.25, "minY": 259.75, "maxX": 294.5, "maxY": 375.25}, "class_id": 0, "box_caption": "lao 0.180", "scores": {"class_score": 0.1796875}, "domain": "pixel"}, {"position": {"minX": 356.0, "minY": 314.25, "maxX": 469.5, "maxY": 383.75}, "class_id": 1, "box_caption": "vn_1_line 0.174", "scores": {"class_score": 0.1744384765625}, "domain": "pixel"}, {"position": {"minX": 57.4375, "minY": 257.5, "maxX": 246.75, "maxY": 373.5}, "class_id": 0, "box_caption": "lao 0.171", "scores": {"class_score": 0.1708984375}, "domain": "pixel"}, {"position": {"minX": 89.9375, "minY": 233.625, "maxX": 269.5, "maxY": 344.5}, "class_id": 0, "box_caption": "lao 0.148", "scores": {"class_score": 0.14794921875}, "domain": "pixel"}, {"position": {"minX": 545.0, "minY": 172.0, "maxX": 680.0, "maxY": 291.0}, "class_id": 2, "box_caption": "vn_2_line 0.142", "scores": {"class_score": 0.142333984375}, "domain": "pixel"}, {"position": {"minX": 6.0625, "minY": 39.28125, "maxX": 182.75, "maxY": 151.875}, "class_id": 0, "box_caption": "lao 0.138", "scores": {"class_score": 0.138427734375}, "domain": "pixel"}, {"position": {"minX": 523.0, "minY": 229.625, "maxX": 670.0, "maxY": 350.0}, "class_id": 2, "box_caption": "vn_2_line 0.131", "scores": {"class_score": 0.1309814453125}, "domain": "pixel"}, {"position": {"minX": 26.5, "minY": 194.625, "maxX": 209.5, "maxY": 317.25}, "class_id": 0, "box_caption": "lao 0.129", "scores": {"class_score": 0.1290283203125}, "domain": "pixel"}, {"position": {"minX": 321.75, "minY": 312.0, "maxX": 437.75, "maxY": 384.5}, "class_id": 1, "box_caption": "vn_1_line 0.115", "scores": {"class_score": 0.11541748046875}, "domain": "pixel"}, {"position": {"minX": 37.5, "minY": 37.15625, "maxX": 147.0, "maxY": 116.0}, "class_id": 0, "box_caption": "lao 0.105", "scores": {"class_score": 0.104736328125}, "domain": "pixel"}, {"position": {"minX": 1.5625, "minY": 65.6875, "maxX": 179.25, "maxY": 186.75}, "class_id": 0, "box_caption": "lao 0.101", "scores": {"class_score": 0.10101318359375}, "domain": "pixel"}, {"position": {"minX": 593.0, "minY": 12.5, "maxX": 677.0, "maxY": 127.625}, "class_id": 2, "box_caption": "vn_2_line 0.100", "scores": {"class_score": 0.09967041015625}, "domain": "pixel"}, {"position": {"minX": 92.5625, "minY": 202.375, "maxX": 266.5, "maxY": 316.5}, "class_id": 0, "box_caption": "lao 0.098", "scores": {"class_score": 0.09765625}, "domain": "pixel"}, {"position": {"minX": 24.875, "minY": 160.0, "maxX": 210.125, "maxY": 285.25}, "class_id": 0, "box_caption": "lao 0.093", "scores": {"class_score": 0.093017578125}, "domain": "pixel"}, {"position": {"minX": 288.25, "minY": 308.25, "maxX": 406.25, "maxY": 383.25}, "class_id": 1, "box_caption": "vn_1_line 0.092", "scores": {"class_score": 0.09246826171875}, "domain": "pixel"}, {"position": {"minX": 76.5625, "minY": 7.90625, "maxX": 212.0, "maxY": 111.375}, "class_id": 0, "box_caption": "lao 0.089", "scores": {"class_score": 0.08868408203125}, "domain": "pixel"}, {"position": {"minX": 558.0, "minY": 157.0, "maxX": 662.0, "maxY": 272.25}, "class_id": 2, "box_caption": "vn_2_line 0.087", "scores": {"class_score": 0.08740234375}, "domain": "pixel"}, {"position": {"minX": 605.5, "minY": 28.625, "maxX": 664.5, "maxY": 106.5}, "class_id": 2, "box_caption": "vn_2_line 0.084", "scores": {"class_score": 0.08404541015625}, "domain": "pixel"}, {"position": {"minX": 523.0, "minY": 229.625, "maxX": 670.0, "maxY": 350.0}, "class_id": 0, "box_caption": "lao 0.084", "scores": {"class_score": 0.0836181640625}, "domain": "pixel"}, {"position": {"minX": 509.0, "minY": 259.75, "maxX": 669.0, "maxY": 376.25}, "class_id": 0, "box_caption": "lao 0.079", "scores": {"class_score": 0.0794677734375}, "domain": "pixel"}, {"position": {"minX": 556.5, "minY": 203.25, "maxX": 642.5, "maxY": 310.75}, "class_id": 2, "box_caption": "vn_2_line 0.079", "scores": {"class_score": 0.0787353515625}, "domain": "pixel"}, {"position": {"minX": 27.0625, "minY": 96.625, "maxX": 207.5, "maxY": 221.875}, "class_id": 0, "box_caption": "lao 0.078", "scores": {"class_score": 0.0777587890625}, "domain": "pixel"}, {"position": {"minX": -9.25, "minY": 225.125, "maxX": 189.0, "maxY": 349.5}, "class_id": 2, "box_caption": "vn_2_line 0.076", "scores": {"class_score": 0.076171875}, "domain": "pixel"}, {"position": {"minX": 25.5625, "minY": 129.5, "maxX": 210.25, "maxY": 253.5}, "class_id": 0, "box_caption": "lao 0.076", "scores": {"class_score": 0.07562255859375}, "domain": "pixel"}, {"position": {"minX": 586.5, "minY": 34.84375, "maxX": 667.5, "maxY": 152.375}, "class_id": 2, "box_caption": "vn_2_line 0.074", "scores": {"class_score": 0.07373046875}, "domain": "pixel"}, {"position": {"minX": 1.5625, "minY": 65.6875, "maxX": 179.25, "maxY": 186.75}, "class_id": 2, "box_caption": "vn_2_line 0.071", "scores": {"class_score": 0.07073974609375}, "domain": "pixel"}, {"position": {"minX": 6.0625, "minY": 39.28125, "maxX": 182.75, "maxY": 151.875}, "class_id": 2, "box_caption": "vn_2_line 0.071", "scores": {"class_score": 0.070556640625}, "domain": "pixel"}, {"position": {"minX": 60.1875, "minY": 28.8125, "maxX": 222.25, "maxY": 157.75}, "class_id": 0, "box_caption": "lao 0.069", "scores": {"class_score": 0.06890869140625}, "domain": "pixel"}, {"position": {"minX": 96.4375, "minY": 173.875, "maxX": 263.75, "maxY": 286.0}, "class_id": 0, "box_caption": "lao 0.067", "scores": {"class_score": 0.0665283203125}, "domain": "pixel"}, {"position": {"minX": 287.5, "minY": 33.25, "maxX": 369.5, "maxY": 107.875}, "class_id": 0, "box_caption": "lao 0.066", "scores": {"class_score": 0.06634521484375}, "domain": "pixel"}, {"position": {"minX": -21.0, "minY": 227.75, "maxX": 155.375, "maxY": 354.75}, "class_id": 0, "box_caption": "lao 0.065", "scores": {"class_score": 0.06549072265625}, "domain": "pixel"}, {"position": {"minX": 469.0, "minY": 283.25, "maxX": 648.0, "maxY": 375.25}, "class_id": 1, "box_caption": "vn_1_line 0.062", "scores": {"class_score": 0.062255859375}, "domain": "pixel"}, {"position": {"minX": 442.0, "minY": 302.75, "maxX": 611.0, "maxY": 374.25}, "class_id": 0, "box_caption": "lao 0.060", "scores": {"class_score": 0.06048583984375}, "domain": "pixel"}, {"position": {"minX": -15.5625, "minY": 257.75, "maxX": 151.5, "maxY": 376.75}, "class_id": 2, "box_caption": "vn_2_line 0.060", "scores": {"class_score": 0.059539794921875}, "domain": "pixel"}, {"position": {"minX": 469.0, "minY": 283.25, "maxX": 648.0, "maxY": 375.25}, "class_id": 0, "box_caption": "lao 0.059", "scores": {"class_score": 0.05889892578125}, "domain": "pixel"}, {"position": {"minX": 255.0, "minY": 298.0, "maxX": 374.5, "maxY": 383.5}, "class_id": 1, "box_caption": "vn_1_line 0.058", "scores": {"class_score": 0.05792236328125}, "domain": "pixel"}, {"position": {"minX": -5.8125, "minY": 191.75, "maxX": 188.5, "maxY": 320.25}, "class_id": 2, "box_caption": "vn_2_line 0.057", "scores": {"class_score": 0.0567626953125}, "domain": "pixel"}, {"position": {"minX": 542.0, "minY": 198.125, "maxX": 670.0, "maxY": 329.5}, "class_id": 0, "box_caption": "lao 0.056", "scores": {"class_score": 0.055694580078125}, "domain": "pixel"}, {"position": {"minX": -2.625, "minY": 96.0625, "maxX": 182.625, "maxY": 222.5}, "class_id": 2, "box_caption": "vn_2_line 0.054", "scores": {"class_score": 0.053955078125}, "domain": "pixel"}, {"position": {"minX": 194.75, "minY": 287.5, "maxX": 353.25, "maxY": 388.5}, "class_id": 0, "box_caption": "lao 0.054", "scores": {"class_score": 0.05377197265625}, "domain": "pixel"}, {"position": {"minX": 558.0, "minY": 157.0, "maxX": 662.0, "maxY": 272.25}, "class_id": 0, "box_caption": "lao 0.053", "scores": {"class_score": 0.053436279296875}, "domain": "pixel"}, {"position": {"minX": -3.4375, "minY": -3.46875, "maxX": 130.75, "maxY": 107.75}, "class_id": 0, "box_caption": "lao 0.051", "scores": {"class_score": 0.051361083984375}, "domain": "pixel"}, {"position": {"minX": 173.25, "minY": 279.0, "maxX": 301.75, "maxY": 380.5}, "class_id": 0, "box_caption": "lao 0.050", "scores": {"class_score": 0.050445556640625}, "domain": "pixel"}, {"position": {"minX": -6.125, "minY": 158.75, "maxX": 190.25, "maxY": 288.25}, "class_id": 2, "box_caption": "vn_2_line 0.050", "scores": {"class_score": 0.04998779296875}, "domain": "pixel"}, {"position": {"minX": -4.125, "minY": 127.0625, "maxX": 188.125, "maxY": 255.5}, "class_id": 2, "box_caption": "vn_2_line 0.049", "scores": {"class_score": 0.04913330078125}, "domain": "pixel"}, {"position": {"minX": 302.75, "minY": 322.0, "maxX": 416.75, "maxY": 373.5}, "class_id": 1, "box_caption": "vn_1_line 0.049", "scores": {"class_score": 0.048828125}, "domain": "pixel"}, {"position": {"minX": 54.375, "minY": 63.4375, "maxX": 229.875, "maxY": 192.0}, "class_id": 0, "box_caption": "lao 0.049", "scores": {"class_score": 0.048614501953125}, "domain": "pixel"}, {"position": {"minX": 94.0, "minY": 144.0, "maxX": 259.0, "maxY": 256.0}, "class_id": 0, "box_caption": "lao 0.048", "scores": {"class_score": 0.048126220703125}, "domain": "pixel"}, {"position": {"minX": 141.25, "minY": 279.0, "maxX": 259.75, "maxY": 376.0}, "class_id": 0, "box_caption": "lao 0.046", "scores": {"class_score": 0.046295166015625}, "domain": "pixel"}, {"position": {"minX": 476.0, "minY": 299.25, "maxX": 583.0, "maxY": 382.25}, "class_id": 0, "box_caption": "lao 0.046", "scores": {"class_score": 0.045745849609375}, "domain": "pixel"}, {"position": {"minX": 568.5, "minY": 191.875, "maxX": 648.5, "maxY": 273.75}, "class_id": 2, "box_caption": "vn_2_line 0.046", "scores": {"class_score": 0.0455322265625}, "domain": "pixel"}, {"position": {"minX": 457.5, "minY": 304.0, "maxX": 561.0, "maxY": 356.5}, "class_id": 1, "box_caption": "vn_1_line 0.045", "scores": {"class_score": 0.045074462890625}, "domain": "pixel"}, {"position": {"minX": -16.625, "minY": 99.75, "maxX": 153.125, "maxY": 232.0}, "class_id": 0, "box_caption": "lao 0.045", "scores": {"class_score": 0.044769287109375}, "domain": "pixel"}, {"position": {"minX": 610.5, "minY": 6.65625, "maxX": 675.5, "maxY": 104.375}, "class_id": 2, "box_caption": "vn_2_line 0.042", "scores": {"class_score": 0.042083740234375}, "domain": "pixel"}, {"position": {"minX": 275.5, "minY": 24.0, "maxX": 380.0, "maxY": 116.5}, "class_id": 2, "box_caption": "vn_2_line 0.042", "scores": {"class_score": 0.0419921875}, "domain": "pixel"}, {"position": {"minX": 395.0, "minY": 306.0, "maxX": 522.5, "maxY": 369.0}, "class_id": 1, "box_caption": "vn_1_line 0.042", "scores": {"class_score": 0.041778564453125}, "domain": "pixel"}, {"position": {"minX": 26.4375, "minY": 256.0, "maxX": 212.75, "maxY": 373.5}, "class_id": 2, "box_caption": "vn_2_line 0.042", "scores": {"class_score": 0.04168701171875}, "domain": "pixel"}, {"position": {"minX": 194.75, "minY": 287.5, "maxX": 353.25, "maxY": 388.5}, "class_id": 1, "box_caption": "vn_1_line 0.040", "scores": {"class_score": 0.0400390625}, "domain": "pixel"}, {"position": {"minX": 230.5, "minY": 297.25, "maxX": 392.5, "maxY": 388.25}, "class_id": 0, "box_caption": "lao 0.040", "scores": {"class_score": 0.039703369140625}, "domain": "pixel"}, {"position": {"minX": 365.5, "minY": 305.75, "maxX": 486.5, "maxY": 366.25}, "class_id": 1, "box_caption": "vn_1_line 0.039", "scores": {"class_score": 0.039306640625}, "domain": "pixel"}, {"position": {"minX": 25.9375, "minY": 21.40625, "maxX": 202.0, "maxY": 127.5}, "class_id": 1, "box_caption": "vn_1_line 0.038", "scores": {"class_score": 0.03826904296875}, "domain": "pixel"}, {"position": {"minX": 101.875, "minY": 26.25, "maxX": 200.125, "maxY": 118.0}, "class_id": 0, "box_caption": "lao 0.038", "scores": {"class_score": 0.037689208984375}, "domain": "pixel"}, {"position": {"minX": 368.75, "minY": 17.5, "maxX": 483.75, "maxY": 107.125}, "class_id": 1, "box_caption": "vn_1_line 0.037", "scores": {"class_score": 0.037384033203125}, "domain": "pixel"}, {"position": {"minX": 445.0, "minY": 295.0, "maxX": 611.0, "maxY": 362.5}, "class_id": 1, "box_caption": "vn_1_line 0.037", "scores": {"class_score": 0.03729248046875}, "domain": "pixel"}, {"position": {"minX": 25.9375, "minY": 21.40625, "maxX": 202.0, "maxY": 127.5}, "class_id": 2, "box_caption": "vn_2_line 0.037", "scores": {"class_score": 0.03704833984375}, "domain": "pixel"}, {"position": {"minX": 57.4375, "minY": 257.5, "maxX": 246.75, "maxY": 373.5}, "class_id": 1, "box_caption": "vn_1_line 0.037", "scores": {"class_score": 0.03704833984375}, "domain": "pixel"}, {"position": {"minX": 287.0, "minY": 35.84375, "maxX": 356.0, "maxY": 107.375}, "class_id": 1, "box_caption": "vn_1_line 0.037", "scores": {"class_score": 0.03692626953125}, "domain": "pixel"}, {"position": {"minX": 545.0, "minY": 172.0, "maxX": 680.0, "maxY": 291.0}, "class_id": 0, "box_caption": "lao 0.036", "scores": {"class_score": 0.036285400390625}, "domain": "pixel"}, {"position": {"minX": 592.5, "minY": 47.78125, "maxX": 650.5, "maxY": 103.125}, "class_id": 2, "box_caption": "vn_2_line 0.036", "scores": {"class_score": 0.03582763671875}, "domain": "pixel"}, {"position": {"minX": 123.25, "minY": 259.75, "maxX": 294.5, "maxY": 375.25}, "class_id": 1, "box_caption": "vn_1_line 0.036", "scores": {"class_score": 0.035797119140625}, "domain": "pixel"}, {"position": {"minX": 60.1875, "minY": 28.8125, "maxX": 222.25, "maxY": 157.75}, "class_id": 2, "box_caption": "vn_2_line 0.036", "scores": {"class_score": 0.035552978515625}, "domain": "pixel"}, {"position": {"minX": 281.25, "minY": 49.625, "maxX": 338.75, "maxY": 97.5}, "class_id": 2, "box_caption": "vn_2_line 0.035", "scores": {"class_score": 0.035003662109375}, "domain": "pixel"}, {"position": {"minX": -13.25, "minY": 160.875, "maxX": 151.75, "maxY": 293.5}, "class_id": 0, "box_caption": "lao 0.035", "scores": {"class_score": 0.03472900390625}, "domain": "pixel"}, {"position": {"minX": 48.84375, "minY": 247.75, "maxX": 164.375, "maxY": 347.75}, "class_id": 0, "box_caption": "lao 0.035", "scores": {"class_score": 0.034637451171875}, "domain": "pixel"}, {"position": {"minX": 509.0, "minY": 259.75, "maxX": 669.0, "maxY": 376.25}, "class_id": 2, "box_caption": "vn_2_line 0.034", "scores": {"class_score": 0.034332275390625}, "domain": "pixel"}, {"position": {"minX": 41.125, "minY": 32.15625, "maxX": 164.75, "maxY": 117.125}, "class_id": 1, "box_caption": "vn_1_line 0.034", "scores": {"class_score": 0.03424072265625}, "domain": "pixel"}, {"position": {"minX": 6.0625, "minY": 39.28125, "maxX": 182.75, "maxY": 151.875}, "class_id": 1, "box_caption": "vn_1_line 0.034", "scores": {"class_score": 0.03424072265625}, "domain": "pixel"}, {"position": {"minX": -3.375, "minY": 253.875, "maxX": 181.0, "maxY": 373.0}, "class_id": 1, "box_caption": "vn_1_line 0.034", "scores": {"class_score": 0.034149169921875}, "domain": "pixel"}, {"position": {"minX": 591.0, "minY": 65.625, "maxX": 650.0, "maxY": 114.25}, "class_id": 2, "box_caption": "vn_2_line 0.034", "scores": {"class_score": 0.033905029296875}, "domain": "pixel"}, {"position": {"minX": 562.0, "minY": 173.75, "maxX": 645.0, "maxY": 258.25}, "class_id": 2, "box_caption": "vn_2_line 0.033", "scores": {"class_score": 0.033477783203125}, "domain": "pixel"}, {"position": {"minX": 70.375, "minY": 281.75, "maxX": 188.875, "maxY": 392.75}, "class_id": 0, "box_caption": "lao 0.033", "scores": {"class_score": 0.03338623046875}, "domain": "pixel"}, {"position": {"minX": 453.0, "minY": 86.8125, "maxX": 551.0, "maxY": 184.75}, "class_id": 0, "box_caption": "lao 0.033", "scores": {"class_score": 0.032989501953125}, "domain": "pixel"}, {"position": {"minX": 89.25, "minY": 15.09375, "maxX": 203.25, "maxY": 123.625}, "class_id": 2, "box_caption": "vn_2_line 0.033", "scores": {"class_score": 0.03289794921875}, "domain": "pixel"}, {"position": {"minX": 88.5, "minY": 258.25, "maxX": 276.25, "maxY": 371.75}, "class_id": 2, "box_caption": "vn_2_line 0.031", "scores": {"class_score": 0.031280517578125}, "domain": "pixel"}, {"position": {"minX": 12.96875, "minY": 279.0, "maxX": 125.75, "maxY": 394.0}, "class_id": 0, "box_caption": "lao 0.031", "scores": {"class_score": 0.0311431884765625}, "domain": "pixel"}, {"position": {"minX": -6.6875, "minY": 17.875, "maxX": 149.5, "maxY": 134.25}, "class_id": 0, "box_caption": "lao 0.031", "scores": {"class_score": 0.0306549072265625}, "domain": "pixel"}, {"position": {"minX": 561.0, "minY": 236.0, "maxX": 653.0, "maxY": 323.5}, "class_id": 2, "box_caption": "vn_2_line 0.030", "scores": {"class_score": 0.030242919921875}, "domain": "pixel"}, {"position": {"minX": 295.5, "minY": 53.875, "maxX": 333.5, "maxY": 95.375}, "class_id": 2, "box_caption": "vn_2_line 0.030", "scores": {"class_score": 0.02996826171875}, "domain": "pixel"}, {"position": {"minX": 95.6875, "minY": 117.375, "maxX": 241.25, "maxY": 224.375}, "class_id": 0, "box_caption": "lao 0.030", "scores": {"class_score": 0.0299072265625}, "domain": "pixel"}, {"position": {"minX": 98.625, "minY": 220.25, "maxX": 225.625, "maxY": 335.25}, "class_id": 0, "box_caption": "lao 0.030", "scores": {"class_score": 0.02984619140625}, "domain": "pixel"}, {"position": {"minX": 279.5, "minY": 319.0, "maxX": 379.5, "maxY": 376.5}, "class_id": 1, "box_caption": "vn_1_line 0.030", "scores": {"class_score": 0.0297393798828125}, "domain": "pixel"}, {"position": {"minX": 124.875, "minY": 249.625, "maxX": 247.125, "maxY": 346.75}, "class_id": 0, "box_caption": "lao 0.029", "scores": {"class_score": 0.02947998046875}, "domain": "pixel"}, {"position": {"minX": 58.78125, "minY": 28.6875, "maxX": 167.5, "maxY": 138.75}, "class_id": 0, "box_caption": "lao 0.029", "scores": {"class_score": 0.0294036865234375}, "domain": "pixel"}, {"position": {"minX": 450.25, "minY": 309.0, "maxX": 558.5, "maxY": 381.5}, "class_id": 0, "box_caption": "lao 0.029", "scores": {"class_score": 0.029205322265625}, "domain": "pixel"}, {"position": {"minX": 118.0, "minY": 280.0, "maxX": 238.0, "maxY": 393.0}, "class_id": 0, "box_caption": "lao 0.029", "scores": {"class_score": 0.0289154052734375}, "domain": "pixel"}, {"position": {"minX": 284.25, "minY": 43.28125, "maxX": 355.25, "maxY": 97.5}, "class_id": 0, "box_caption": "lao 0.029", "scores": {"class_score": 0.0288543701171875}, "domain": "pixel"}, {"position": {"minX": 63.71875, "minY": 234.25, "maxX": 180.75, "maxY": 332.75}, "class_id": 0, "box_caption": "lao 0.029", "scores": {"class_score": 0.028564453125}, "domain": "pixel"}, {"position": {"minX": 57.9375, "minY": 230.5, "maxX": 241.5, "maxY": 346.0}, "class_id": 2, "box_caption": "vn_2_line 0.029", "scores": {"class_score": 0.028564453125}, "domain": "pixel"}, {"position": {"minX": 37.875, "minY": 276.25, "maxX": 158.75, "maxY": 396.75}, "class_id": 0, "box_caption": "lao 0.028", "scores": {"class_score": 0.0280914306640625}, "domain": "pixel"}, {"position": {"minX": 1.5625, "minY": 65.6875, "maxX": 179.25, "maxY": 186.75}, "class_id": 1, "box_caption": "vn_1_line 0.028", "scores": {"class_score": 0.0280609130859375}, "domain": "pixel"}, {"position": {"minX": 23.375, "minY": 224.5, "maxX": 214.375, "maxY": 346.5}, "class_id": 1, "box_caption": "vn_1_line 0.028", "scores": {"class_score": 0.0277252197265625}, "domain": "pixel"}, {"position": {"minX": 124.375, "minY": 234.25, "maxX": 281.5, "maxY": 349.25}, "class_id": 2, "box_caption": "vn_2_line 0.028", "scores": {"class_score": 0.027587890625}, "domain": "pixel"}, {"position": {"minX": 288.75, "minY": 61.8125, "maxX": 343.25, "maxY": 96.0625}, "class_id": 2, "box_caption": "vn_2_line 0.027", "scores": {"class_score": 0.026947021484375}, "domain": "pixel"}, {"position": {"minX": 39.875, "minY": 262.5, "maxX": 145.125, "maxY": 363.5}, "class_id": 0, "box_caption": "lao 0.027", "scores": {"class_score": 0.026519775390625}, "domain": "pixel"}, {"position": {"minX": 21.875, "minY": 211.625, "maxX": 146.125, "maxY": 340.5}, "class_id": 0, "box_caption": "lao 0.026", "scores": {"class_score": 0.02618408203125}, "domain": "pixel"}, {"position": {"minX": 23.0625, "minY": 183.75, "maxX": 145.25, "maxY": 303.75}, "class_id": 0, "box_caption": "lao 0.026", "scores": {"class_score": 0.0259857177734375}, "domain": "pixel"}, {"position": {"minX": 367.75, "minY": 11.375, "maxX": 492.75, "maxY": 102.0625}, "class_id": 2, "box_caption": "vn_2_line 0.026", "scores": {"class_score": 0.0259857177734375}, "domain": "pixel"}, {"position": {"minX": 509.0, "minY": 259.75, "maxX": 669.0, "maxY": 376.25}, "class_id": 1, "box_caption": "vn_1_line 0.026", "scores": {"class_score": 0.02587890625}, "domain": "pixel"}, {"position": {"minX": 345.5, "minY": 314.25, "maxX": 531.0, "maxY": 382.75}, "class_id": 0, "box_caption": "lao 0.026", "scores": {"class_score": 0.0257415771484375}, "domain": "pixel"}, {"position": {"minX": 593.5, "minY": 115.9375, "maxX": 630.5, "maxY": 145.0}, "class_id": 2, "box_caption": "vn_2_line 0.026", "scores": {"class_score": 0.025665283203125}, "domain": "pixel"}, {"position": {"minX": 75.6875, "minY": 250.125, "maxX": 200.25, "maxY": 346.5}, "class_id": 0, "box_caption": "lao 0.026", "scores": {"class_score": 0.0256500244140625}, "domain": "pixel"}, {"position": {"minX": 35.0, "minY": 51.4375, "maxX": 151.25, "maxY": 154.75}, "class_id": 0, "box_caption": "lao 0.025", "scores": {"class_score": 0.0251617431640625}, "domain": "pixel"}, {"position": {"minX": 89.9375, "minY": 233.625, "maxX": 269.5, "maxY": 344.5}, "class_id": 1, "box_caption": "vn_1_line 0.025", "scores": {"class_score": 0.025146484375}, "domain": "pixel"}, {"position": {"minX": 593.0, "minY": 80.75, "maxX": 645.0, "maxY": 116.25}, "class_id": 2, "box_caption": "vn_2_line 0.025", "scores": {"class_score": 0.0250701904296875}, "domain": "pixel"}, {"position": {"minX": 463.25, "minY": 102.8125, "maxX": 538.0, "maxY": 167.25}, "class_id": 0, "box_caption": "lao 0.025", "scores": {"class_score": 0.024932861328125}, "domain": "pixel"}, {"position": {"minX": -2.625, "minY": 96.0625, "maxX": 182.625, "maxY": 222.5}, "class_id": 1, "box_caption": "vn_1_line 0.023", "scores": {"class_score": 0.023468017578125}, "domain": "pixel"}, {"position": {"minX": 339.5, "minY": 307.75, "maxX": 453.0, "maxY": 365.75}, "class_id": 1, "box_caption": "vn_1_line 0.023", "scores": {"class_score": 0.0233306884765625}, "domain": "pixel"}, {"position": {"minX": 602.5, "minY": 33.8125, "maxX": 652.5, "maxY": 131.0}, "class_id": 2, "box_caption": "vn_2_line 0.023", "scores": {"class_score": 0.0230560302734375}, "domain": "pixel"}, {"position": {"minX": 116.75, "minY": 34.875, "maxX": 204.25, "maxY": 112.5}, "class_id": 2, "box_caption": "vn_2_line 0.023", "scores": {"class_score": 0.0227813720703125}, "domain": "pixel"}, {"position": {"minX": 436.5, "minY": 302.25, "maxX": 530.5, "maxY": 351.25}, "class_id": 1, "box_caption": "vn_1_line 0.022", "scores": {"class_score": 0.022430419921875}, "domain": "pixel"}, {"position": {"minX": 560.0, "minY": 229.5, "maxX": 646.0, "maxY": 323.0}, "class_id": 0, "box_caption": "lao 0.022", "scores": {"class_score": 0.0218963623046875}, "domain": "pixel"}, {"position": {"minX": 54.375, "minY": 63.4375, "maxX": 229.875, "maxY": 192.0}, "class_id": 2, "box_caption": "vn_2_line 0.022", "scores": {"class_score": 0.0218505859375}, "domain": "pixel"}, {"position": {"minX": 618.0, "minY": -1.59375, "maxX": 671.0, "maxY": 80.875}, "class_id": 2, "box_caption": "vn_2_line 0.021", "scores": {"class_score": 0.0213470458984375}, "domain": "pixel"}, {"position": {"minX": 284.25, "minY": 311.75, "maxX": 466.25, "maxY": 387.25}, "class_id": 0, "box_caption": "lao 0.021", "scores": {"class_score": 0.02117919921875}, "domain": "pixel"}, {"position": {"minX": 15.1875, "minY": 50.5, "maxX": 135.0, "maxY": 182.125}, "class_id": 2, "box_caption": "vn_2_line 0.021", "scores": {"class_score": 0.0211181640625}, "domain": "pixel"}, {"position": {"minX": 315.75, "minY": 37.90625, "maxX": 422.25, "maxY": 104.875}, "class_id": 1, "box_caption": "vn_1_line 0.021", "scores": {"class_score": 0.0211029052734375}, "domain": "pixel"}, {"position": {"minX": 453.0, "minY": 86.8125, "maxX": 551.0, "maxY": 184.75}, "class_id": 2, "box_caption": "vn_2_line 0.021", "scores": {"class_score": 0.0211029052734375}, "domain": "pixel"}, {"position": {"minX": 98.0, "minY": 46.96875, "maxX": 216.0, "maxY": 149.625}, "class_id": 0, "box_caption": "lao 0.021", "scores": {"class_score": 0.02105712890625}, "domain": "pixel"}, {"position": {"minX": 562.0, "minY": 173.75, "maxX": 645.0, "maxY": 258.25}, "class_id": 0, "box_caption": "lao 0.021", "scores": {"class_score": 0.0208740234375}, "domain": "pixel"}, {"position": {"minX": 126.0625, "minY": 200.375, "maxX": 275.0, "maxY": 319.5}, "class_id": 2, "box_caption": "vn_2_line 0.021", "scores": {"class_score": 0.020751953125}, "domain": "pixel"}, {"position": {"minX": -4.125, "minY": 127.0625, "maxX": 188.125, "maxY": 255.5}, "class_id": 1, "box_caption": "vn_1_line 0.021", "scores": {"class_score": 0.02056884765625}, "domain": "pixel"}, {"position": {"minX": 26.5, "minY": 194.625, "maxX": 209.5, "maxY": 317.25}, "class_id": 1, "box_caption": "vn_1_line 0.021", "scores": {"class_score": 0.02056884765625}, "domain": "pixel"}, {"position": {"minX": 288.25, "minY": 308.25, "maxX": 406.25, "maxY": 383.25}, "class_id": 0, "box_caption": "lao 0.021", "scores": {"class_score": 0.020538330078125}, "domain": "pixel"}, {"position": {"minX": 135.125, "minY": 189.5, "maxX": 253.875, "maxY": 302.0}, "class_id": 0, "box_caption": "lao 0.020", "scores": {"class_score": 0.0203857421875}, "domain": "pixel"}, {"position": {"minX": 399.75, "minY": 29.34375, "maxX": 505.75, "maxY": 104.75}, "class_id": 1, "box_caption": "vn_1_line 0.020", "scores": {"class_score": 0.020263671875}, "domain": "pixel"}, {"position": {"minX": 59.8125, "minY": 198.75, "maxX": 240.25, "maxY": 316.75}, "class_id": 2, "box_caption": "vn_2_line 0.020", "scores": {"class_score": 0.019989013671875}, "domain": "pixel"}, {"position": {"minX": -6.6875, "minY": 17.875, "maxX": 149.5, "maxY": 134.25}, "class_id": 2, "box_caption": "vn_2_line 0.020", "scores": {"class_score": 0.0199127197265625}, "domain": "pixel"}, {"position": {"minX": 168.25, "minY": 184.5, "maxX": 269.0, "maxY": 286.25}, "class_id": 0, "box_caption": "lao 0.020", "scores": {"class_score": 0.019866943359375}, "domain": "pixel"}, {"position": {"minX": 387.0, "minY": 314.5, "maxX": 498.5, "maxY": 382.5}, "class_id": 0, "box_caption": "lao 0.020", "scores": {"class_score": 0.0198211669921875}, "domain": "pixel"}, {"position": {"minX": 585.0, "minY": 76.5625, "maxX": 661.0, "maxY": 184.25}, "class_id": 2, "box_caption": "vn_2_line 0.020", "scores": {"class_score": 0.0197601318359375}, "domain": "pixel"}, {"position": {"minX": 59.46875, "minY": 264.5, "maxX": 185.0, "maxY": 364.5}, "class_id": 0, "box_caption": "lao 0.020", "scores": {"class_score": 0.0196533203125}, "domain": "pixel"}, {"position": {"minX": 21.5, "minY": 120.6875, "maxX": 145.25, "maxY": 238.25}, "class_id": 0, "box_caption": "lao 0.020", "scores": {"class_score": 0.01959228515625}, "domain": "pixel"}, {"position": {"minX": 24.875, "minY": 160.0, "maxX": 210.125, "maxY": 285.25}, "class_id": 1, "box_caption": "vn_1_line 0.020", "scores": {"class_score": 0.019561767578125}, "domain": "pixel"}, {"position": {"minX": 420.0, "minY": 313.75, "maxX": 530.5, "maxY": 380.75}, "class_id": 0, "box_caption": "lao 0.020", "scores": {"class_score": 0.019500732421875}, "domain": "pixel"}, {"position": {"minX": 94.625, "minY": 265.5, "maxX": 200.625, "maxY": 380.5}, "class_id": 0, "box_caption": "lao 0.019", "scores": {"class_score": 0.0193939208984375}, "domain": "pixel"}, {"position": {"minX": 128.75, "minY": 172.625, "maxX": 272.5, "maxY": 289.0}, "class_id": 2, "box_caption": "vn_2_line 0.019", "scores": {"class_score": 0.0191802978515625}, "domain": "pixel"}, {"position": {"minX": 37.1875, "minY": 34.53125, "maxX": 141.5, "maxY": 137.625}, "class_id": 2, "box_caption": "vn_2_line 0.019", "scores": {"class_score": 0.018798828125}, "domain": "pixel"}, {"position": {"minX": 92.5625, "minY": 202.375, "maxX": 266.5, "maxY": 316.5}, "class_id": 1, "box_caption": "vn_1_line 0.019", "scores": {"class_score": 0.0187530517578125}, "domain": "pixel"}, {"position": {"minX": 373.5, "minY": 16.0625, "maxX": 460.5, "maxY": 93.5625}, "class_id": 2, "box_caption": "vn_2_line 0.019", "scores": {"class_score": 0.0186767578125}, "domain": "pixel"}, {"position": {"minX": 523.0, "minY": 229.625, "maxX": 670.0, "maxY": 350.0}, "class_id": 1, "box_caption": "vn_1_line 0.019", "scores": {"class_score": 0.0186614990234375}, "domain": "pixel"}, {"position": {"minX": 542.0, "minY": 198.125, "maxX": 670.0, "maxY": 329.5}, "class_id": 1, "box_caption": "vn_1_line 0.019", "scores": {"class_score": 0.0185089111328125}, "domain": "pixel"}, {"position": {"minX": 475.5, "minY": 294.25, "maxX": 591.5, "maxY": 352.25}, "class_id": 1, "box_caption": "vn_1_line 0.018", "scores": {"class_score": 0.0184326171875}, "domain": "pixel"}, {"position": {"minX": 98.0, "minY": 46.96875, "maxX": 216.0, "maxY": 149.625}, "class_id": 2, "box_caption": "vn_2_line 0.018", "scores": {"class_score": 0.0182647705078125}, "domain": "pixel"}, {"position": {"minX": 535.0, "minY": 284.0, "maxX": 650.0, "maxY": 390.0}, "class_id": 0, "box_caption": "lao 0.018", "scores": {"class_score": 0.0181884765625}, "domain": "pixel"}, {"position": {"minX": 61.3125, "minY": 166.25, "maxX": 235.5, "maxY": 285.25}, "class_id": 2, "box_caption": "vn_2_line 0.018", "scores": {"class_score": 0.018157958984375}, "domain": "pixel"}, {"position": {"minX": -3.4375, "minY": -3.46875, "maxX": 130.75, "maxY": 107.75}, "class_id": 2, "box_caption": "vn_2_line 0.018", "scores": {"class_score": 0.0180511474609375}, "domain": "pixel"}, {"position": {"minX": 22.625, "minY": 151.125, "maxX": 145.0, "maxY": 271.25}, "class_id": 0, "box_caption": "lao 0.018", "scores": {"class_score": 0.01788330078125}, "domain": "pixel"}, {"position": {"minX": 140.75, "minY": 234.5, "maxX": 258.25, "maxY": 328.0}, "class_id": 0, "box_caption": "lao 0.018", "scores": {"class_score": 0.0178375244140625}, "domain": "pixel"}, {"position": {"minX": 284.0, "minY": 35.375, "maxX": 436.5, "maxY": 118.25}, "class_id": 1, "box_caption": "vn_1_line 0.018", "scores": {"class_score": 0.017822265625}, "domain": "pixel"}, {"position": {"minX": 58.625, "minY": 98.5, "maxX": 232.125, "maxY": 224.75}, "class_id": 2, "box_caption": "vn_2_line 0.018", "scores": {"class_score": 0.0175933837890625}, "domain": "pixel"}, {"position": {"minX": 588.5, "minY": 75.125, "maxX": 648.5, "maxY": 151.625}, "class_id": 2, "box_caption": "vn_2_line 0.017", "scores": {"class_score": 0.0174713134765625}, "domain": "pixel"}, {"position": {"minX": 591.5, "minY": 107.0, "maxX": 632.5, "maxY": 140.25}, "class_id": 2, "box_caption": "vn_2_line 0.017", "scores": {"class_score": 0.0174560546875}, "domain": "pixel"}, {"position": {"minX": 94.0, "minY": 144.0, "maxX": 259.0, "maxY": 256.0}, "class_id": 2, "box_caption": "vn_2_line 0.017", "scores": {"class_score": 0.017364501953125}, "domain": "pixel"}, {"position": {"minX": 46.96875, "minY": 201.0, "maxX": 163.5, "maxY": 298.0}, "class_id": 0, "box_caption": "lao 0.017", "scores": {"class_score": 0.0170135498046875}, "domain": "pixel"}, {"position": {"minX": 523.5, "minY": 271.25, "maxX": 622.5, "maxY": 357.75}, "class_id": 1, "box_caption": "vn_1_line 0.017", "scores": {"class_score": 0.0168914794921875}, "domain": "pixel"}, {"position": {"minX": 34.03125, "minY": 83.875, "maxX": 146.0, "maxY": 185.125}, "class_id": 0, "box_caption": "lao 0.017", "scores": {"class_score": 0.0167083740234375}, "domain": "pixel"}, {"position": {"minX": 78.875, "minY": 219.875, "maxX": 196.125, "maxY": 315.0}, "class_id": 0, "box_caption": "lao 0.016", "scores": {"class_score": 0.0164947509765625}, "domain": "pixel"}, {"position": {"minX": 546.5, "minY": 261.0, "maxX": 651.5, "maxY": 360.0}, "class_id": 0, "box_caption": "lao 0.016", "scores": {"class_score": 0.016357421875}, "domain": "pixel"}, {"position": {"minX": 238.125, "minY": 309.5, "maxX": 349.0, "maxY": 376.0}, "class_id": 1, "box_caption": "vn_1_line 0.016", "scores": {"class_score": 0.0162353515625}, "domain": "pixel"}, {"position": {"minX": 88.375, "minY": 92.4375, "maxX": 204.125, "maxY": 202.25}, "class_id": 0, "box_caption": "lao 0.016", "scores": {"class_score": 0.016082763671875}, "domain": "pixel"}, {"position": {"minX": 60.1875, "minY": 28.8125, "maxX": 222.25, "maxY": 157.75}, "class_id": 1, "box_caption": "vn_1_line 0.016", "scores": {"class_score": 0.016082763671875}, "domain": "pixel"}, {"position": {"minX": 469.0, "minY": 283.25, "maxX": 648.0, "maxY": 375.25}, "class_id": 2, "box_caption": "vn_2_line 0.016", "scores": {"class_score": 0.016082763671875}, "domain": "pixel"}, {"position": {"minX": 51.40625, "minY": 153.75, "maxX": 176.25, "maxY": 270.25}, "class_id": 0, "box_caption": "lao 0.016", "scores": {"class_score": 0.015869140625}, "domain": "pixel"}, {"position": {"minX": 503.5, "minY": 306.5, "maxX": 616.5, "maxY": 379.0}, "class_id": 1, "box_caption": "vn_1_line 0.016", "scores": {"class_score": 0.015838623046875}, "domain": "pixel"}, {"position": {"minX": 96.4375, "minY": 173.875, "maxX": 263.75, "maxY": 286.0}, "class_id": 1, "box_caption": "vn_1_line 0.016", "scores": {"class_score": 0.0157470703125}, "domain": "pixel"}, {"position": {"minX": 111.625, "minY": 248.375, "maxX": 218.375, "maxY": 369.25}, "class_id": 0, "box_caption": "lao 0.016", "scores": {"class_score": 0.015716552734375}, "domain": "pixel"}, {"position": {"minX": 593.0, "minY": 3.0625, "maxX": 682.0, "maxY": 113.5625}, "class_id": 0, "box_caption": "lao 0.015", "scores": {"class_score": 0.0154876708984375}, "domain": "pixel"}, {"position": {"minX": 167.25, "minY": 252.25, "maxX": 290.75, "maxY": 358.75}, "class_id": 0, "box_caption": "lao 0.015", "scores": {"class_score": 0.01546478271484375}, "domain": "pixel"}, {"position": {"minX": 292.5, "minY": 42.34375, "maxX": 347.0, "maxY": 95.5}, "class_id": 1, "box_caption": "vn_1_line 0.015", "scores": {"class_score": 0.015380859375}, "domain": "pixel"}, {"position": {"minX": 283.5, "minY": 72.25, "maxX": 336.5, "maxY": 101.25}, "class_id": 2, "box_caption": "vn_2_line 0.015", "scores": {"class_score": 0.01520538330078125}, "domain": "pixel"}, {"position": {"minX": 157.25, "minY": 273.5, "maxX": 316.75, "maxY": 381.5}, "class_id": 2, "box_caption": "vn_2_line 0.015", "scores": {"class_score": 0.01514434814453125}, "domain": "pixel"}, {"position": {"minX": 20.53125, "minY": 262.0, "maxX": 123.125, "maxY": 383.5}, "class_id": 2, "box_caption": "vn_2_line 0.015", "scores": {"class_score": 0.01508331298828125}, "domain": "pixel"}, {"position": {"minX": 94.0, "minY": 144.0, "maxX": 259.0, "maxY": 256.0}, "class_id": 1, "box_caption": "vn_1_line 0.015", "scores": {"class_score": 0.0150146484375}, "domain": "pixel"}, {"position": {"minX": -6.6875, "minY": 17.875, "maxX": 149.5, "maxY": 134.25}, "class_id": 1, "box_caption": "vn_1_line 0.015", "scores": {"class_score": 0.01483154296875}, "domain": "pixel"}, {"position": {"minX": 383.5, "minY": 36.4375, "maxX": 515.5, "maxY": 113.6875}, "class_id": 0, "box_caption": "lao 0.015", "scores": {"class_score": 0.01470184326171875}, "domain": "pixel"}, {"position": {"minX": -21.0, "minY": 227.75, "maxX": 155.375, "maxY": 354.75}, "class_id": 1, "box_caption": "vn_1_line 0.015", "scores": {"class_score": 0.0145111083984375}, "domain": "pixel"}, {"position": {"minX": 310.0, "minY": 309.75, "maxX": 413.0, "maxY": 363.25}, "class_id": 1, "box_caption": "vn_1_line 0.015", "scores": {"class_score": 0.01450347900390625}, "domain": "pixel"}, {"position": {"minX": 10.625, "minY": 212.625, "maxX": 131.5, "maxY": 341.5}, "class_id": 2, "box_caption": "vn_2_line 0.014", "scores": {"class_score": 0.0144805908203125}, "domain": "pixel"}, {"position": {"minX": 289.25, "minY": 40.25, "maxX": 343.25, "maxY": 88.75}, "class_id": 2, "box_caption": "vn_2_line 0.014", "scores": {"class_score": 0.0142974853515625}, "domain": "pixel"}, {"position": {"minX": 600.5, "minY": 87.3125, "maxX": 641.5, "maxY": 143.125}, "class_id": 2, "box_caption": "vn_2_line 0.014", "scores": {"class_score": 0.01424407958984375}, "domain": "pixel"}, {"position": {"minX": 101.0, "minY": 185.625, "maxX": 223.75, "maxY": 304.0}, "class_id": 0, "box_caption": "lao 0.014", "scores": {"class_score": 0.0142364501953125}, "domain": "pixel"}, {"position": {"minX": 129.0, "minY": 211.875, "maxX": 233.75, "maxY": 314.25}, "class_id": 0, "box_caption": "lao 0.014", "scores": {"class_score": 0.014190673828125}, "domain": "pixel"}, {"position": {"minX": 51.25, "minY": 122.1875, "maxX": 176.25, "maxY": 237.25}, "class_id": 0, "box_caption": "lao 0.014", "scores": {"class_score": 0.0141448974609375}, "domain": "pixel"}, {"position": {"minX": 163.25, "minY": 217.75, "maxX": 279.0, "maxY": 319.75}, "class_id": 0, "box_caption": "lao 0.014", "scores": {"class_score": 0.01406097412109375}, "domain": "pixel"}, {"position": {"minX": 21.46875, "minY": 246.5, "maxX": 123.625, "maxY": 369.0}, "class_id": 0, "box_caption": "lao 0.014", "scores": {"class_score": 0.01387786865234375}, "domain": "pixel"}, {"position": {"minX": -3.4375, "minY": -3.46875, "maxX": 130.75, "maxY": 107.75}, "class_id": 1, "box_caption": "vn_1_line 0.014", "scores": {"class_score": 0.01386260986328125}, "domain": "pixel"}, {"position": {"minX": 54.375, "minY": 63.4375, "maxX": 229.875, "maxY": 192.0}, "class_id": 1, "box_caption": "vn_1_line 0.013", "scores": {"class_score": 0.0134735107421875}, "domain": "pixel"}, {"position": {"minX": 102.1875, "minY": 16.1875, "maxX": 212.25, "maxY": 127.4375}, "class_id": 1, "box_caption": "vn_1_line 0.013", "scores": {"class_score": 0.0134124755859375}, "domain": "pixel"}, {"position": {"minX": -22.15625, "minY": 274.0, "maxX": 112.375, "maxY": 381.0}, "class_id": 0, "box_caption": "lao 0.013", "scores": {"class_score": 0.0134124755859375}, "domain": "pixel"}, {"position": {"minX": 67.625, "minY": 187.25, "maxX": 190.375, "maxY": 301.75}, "class_id": 0, "box_caption": "lao 0.013", "scores": {"class_score": 0.01326751708984375}, "domain": "pixel"}, {"position": {"minX": 119.0625, "minY": 297.75, "maxX": 283.5, "maxY": 386.25}, "class_id": 0, "box_caption": "lao 0.013", "scores": {"class_score": 0.01325225830078125}, "domain": "pixel"}, {"position": {"minX": 58.625, "minY": 98.5, "maxX": 232.125, "maxY": 224.75}, "class_id": 1, "box_caption": "vn_1_line 0.013", "scores": {"class_score": 0.01316070556640625}, "domain": "pixel"}, {"position": {"minX": 558.0, "minY": 157.0, "maxX": 662.0, "maxY": 272.25}, "class_id": 1, "box_caption": "vn_1_line 0.013", "scores": {"class_score": 0.013153076171875}, "domain": "pixel"}, {"position": {"minX": 12.40625, "minY": 84.1875, "maxX": 132.75, "maxY": 209.75}, "class_id": 2, "box_caption": "vn_2_line 0.013", "scores": {"class_score": 0.0127410888671875}, "domain": "pixel"}, {"position": {"minX": 546.5, "minY": 261.0, "maxX": 651.5, "maxY": 360.0}, "class_id": 2, "box_caption": "vn_2_line 0.013", "scores": {"class_score": 0.0127105712890625}, "domain": "pixel"}, {"position": {"minX": 275.5, "minY": 24.0, "maxX": 380.0, "maxY": 116.5}, "class_id": 1, "box_caption": "vn_1_line 0.013", "scores": {"class_score": 0.0126953125}, "domain": "pixel"}, {"position": {"minX": 167.5, "minY": 168.0, "maxX": 276.25, "maxY": 255.0}, "class_id": 0, "box_caption": "lao 0.012", "scores": {"class_score": 0.0124664306640625}, "domain": "pixel"}, {"position": {"minX": 534.5, "minY": 305.5, "maxX": 638.5, "maxY": 378.0}, "class_id": 1, "box_caption": "vn_1_line 0.012", "scores": {"class_score": 0.012451171875}, "domain": "pixel"}, {"position": {"minX": 442.0, "minY": 302.75, "maxX": 611.0, "maxY": 374.25}, "class_id": 2, "box_caption": "vn_2_line 0.012", "scores": {"class_score": 0.01204681396484375}, "domain": "pixel"}, {"position": {"minX": 50.21875, "minY": 88.5, "maxX": 176.5, "maxY": 205.5}, "class_id": 0, "box_caption": "lao 0.012", "scores": {"class_score": 0.011962890625}, "domain": "pixel"}, {"position": {"minX": 159.25, "minY": 255.0, "maxX": 297.75, "maxY": 357.0}, "class_id": 2, "box_caption": "vn_2_line 0.012", "scores": {"class_score": 0.01183319091796875}, "domain": "pixel"}, {"position": {"minX": 304.0, "minY": 29.5, "maxX": 452.0, "maxY": 106.0}, "class_id": 0, "box_caption": "lao 0.012", "scores": {"class_score": 0.0118255615234375}, "domain": "pixel"}, {"position": {"minX": 7.0, "minY": 89.25, "maxX": 123.0, "maxY": 193.75}, "class_id": 0, "box_caption": "lao 0.012", "scores": {"class_score": 0.01168060302734375}, "domain": "pixel"}, {"position": {"minX": 559.0, "minY": 212.625, "maxX": 637.0, "maxY": 287.5}, "class_id": 0, "box_caption": "lao 0.012", "scores": {"class_score": 0.01161956787109375}, "domain": "pixel"}, {"position": {"minX": 183.5, "minY": 11.21875, "maxX": 285.75, "maxY": 101.625}, "class_id": 0, "box_caption": "lao 0.012", "scores": {"class_score": 0.0115509033203125}, "domain": "pixel"}, {"position": {"minX": 173.25, "minY": 279.0, "maxX": 301.75, "maxY": 380.5}, "class_id": 1, "box_caption": "vn_1_line 0.012", "scores": {"class_score": 0.01151275634765625}, "domain": "pixel"}, {"position": {"minX": 596.0, "minY": 60.1875, "maxX": 667.0, "maxY": 132.0}, "class_id": 2, "box_caption": "vn_2_line 0.011", "scores": {"class_score": 0.0113525390625}, "domain": "pixel"}, {"position": {"minX": -13.25, "minY": 160.875, "maxX": 151.75, "maxY": 293.5}, "class_id": 1, "box_caption": "vn_1_line 0.011", "scores": {"class_score": 0.01128387451171875}, "domain": "pixel"}, {"position": {"minX": 463.25, "minY": 102.8125, "maxX": 538.0, "maxY": 167.25}, "class_id": 2, "box_caption": "vn_2_line 0.011", "scores": {"class_score": 0.0111846923828125}, "domain": "pixel"}, {"position": {"minX": 407.5, "minY": 307.5, "maxX": 575.5, "maxY": 388.5}, "class_id": 0, "box_caption": "lao 0.011", "scores": {"class_score": 0.0111083984375}, "domain": "pixel"}, {"position": {"minX": 353.75, "minY": 313.75, "maxX": 459.75, "maxY": 379.25}, "class_id": 0, "box_caption": "lao 0.011", "scores": {"class_score": 0.0110931396484375}, "domain": "pixel"}, {"position": {"minX": 383.25, "minY": 38.4375, "maxX": 473.25, "maxY": 96.0625}, "class_id": 0, "box_caption": "lao 0.011", "scores": {"class_score": 0.0110626220703125}, "domain": "pixel"}, {"position": {"minX": 306.5, "minY": 49.21875, "maxX": 363.5, "maxY": 99.625}, "class_id": 0, "box_caption": "lao 0.011", "scores": {"class_score": 0.011016845703125}, "domain": "pixel"}, {"position": {"minX": 1.78125, "minY": -10.96875, "maxX": 108.375, "maxY": 81.5}, "class_id": 0, "box_caption": "lao 0.011", "scores": {"class_score": 0.011016845703125}, "domain": "pixel"}, {"position": {"minX": 433.75, "minY": 296.75, "maxX": 564.5, "maxY": 383.75}, "class_id": 2, "box_caption": "vn_2_line 0.011", "scores": {"class_score": 0.01084136962890625}, "domain": "pixel"}, {"position": {"minX": 552.0, "minY": 191.25, "maxX": 652.0, "maxY": 297.25}, "class_id": 0, "box_caption": "lao 0.011", "scores": {"class_score": 0.01079559326171875}, "domain": "pixel"}, {"position": {"minX": 263.5, "minY": 306.0, "maxX": 364.0, "maxY": 361.5}, "class_id": 1, "box_caption": "vn_1_line 0.011", "scores": {"class_score": 0.010772705078125}, "domain": "pixel"}, {"position": {"minX": 417.0, "minY": 305.25, "maxX": 501.5, "maxY": 348.25}, "class_id": 1, "box_caption": "vn_1_line 0.011", "scores": {"class_score": 0.01076507568359375}, "domain": "pixel"}, {"position": {"minX": 138.625, "minY": 160.75, "maxX": 252.625, "maxY": 266.5}, "class_id": 0, "box_caption": "lao 0.011", "scores": {"class_score": 0.01074981689453125}, "domain": "pixel"}, {"position": {"minX": 12.53125, "minY": 120.25, "maxX": 131.0, "maxY": 239.75}, "class_id": 2, "box_caption": "vn_2_line 0.011", "scores": {"class_score": 0.0106201171875}, "domain": "pixel"}, {"position": {"minX": 464.25, "minY": 71.0, "maxX": 570.0, "maxY": 163.875}, "class_id": 0, "box_caption": "lao 0.011", "scores": {"class_score": 0.01053619384765625}, "domain": "pixel"}, {"position": {"minX": 639.0, "minY": 0.328125, "maxX": 671.0, "maxY": 51.0625}, "class_id": 2, "box_caption": "vn_2_line 0.011", "scores": {"class_score": 0.01050567626953125}, "domain": "pixel"}, {"position": {"minX": 23.0625, "minY": 183.75, "maxX": 145.25, "maxY": 303.75}, "class_id": 2, "box_caption": "vn_2_line 0.010", "scores": {"class_score": 0.01032257080078125}, "domain": "pixel"}, {"position": {"minX": 405.5, "minY": 310.5, "maxX": 498.0, "maxY": 359.5}, "class_id": 1, "box_caption": "vn_1_line 0.010", "scores": {"class_score": 0.01031494140625}, "domain": "pixel"}, {"position": {"minX": 46.4375, "minY": 143.5, "maxX": 152.0, "maxY": 248.75}, "class_id": 0, "box_caption": "lao 0.010", "scores": {"class_score": 0.01024627685546875}, "domain": "pixel"}, {"position": {"minX": 473.75, "minY": 298.25, "maxX": 553.0, "maxY": 342.25}, "class_id": 1, "box_caption": "vn_1_line 0.010", "scores": {"class_score": 0.01009368896484375}, "domain": "pixel"}, {"position": {"minX": 523.5, "minY": 271.25, "maxX": 622.5, "maxY": 357.75}, "class_id": 0, "box_caption": "lao 0.010", "scores": {"class_score": 0.01009368896484375}, "domain": "pixel"}, {"position": {"minX": 305.25, "minY": 46.9375, "maxX": 343.25, "maxY": 89.6875}, "class_id": 2, "box_caption": "vn_2_line 0.010", "scores": {"class_score": 0.010040283203125}, "domain": "pixel"}, {"position": {"minX": 130.75, "minY": 268.5, "maxX": 255.25, "maxY": 379.0}, "class_id": 2, "box_caption": "vn_2_line 0.010", "scores": {"class_score": 0.010040283203125}, "domain": "pixel"}, {"position": {"minX": 493.0, "minY": 295.5, "maxX": 590.0, "maxY": 358.0}, "class_id": 0, "box_caption": "lao 0.010", "scores": {"class_score": 0.01000213623046875}, "domain": "pixel"}, {"position": {"minX": 29.71875, "minY": 74.375, "maxX": 113.625, "maxY": 154.75}, "class_id": 0, "box_caption": "lao 0.010", "scores": {"class_score": 0.009979248046875}, "domain": "pixel"}, {"position": {"minX": 566.0, "minY": 197.625, "maxX": 645.0, "maxY": 272.5}, "class_id": 0, "box_caption": "lao 0.010", "scores": {"class_score": 0.0099639892578125}, "domain": "pixel"}, {"position": {"minX": 86.125, "minY": 155.75, "maxX": 205.375, "maxY": 268.5}, "class_id": 0, "box_caption": "lao 0.010", "scores": {"class_score": 0.0099334716796875}, "domain": "pixel"}, {"position": {"minX": 302.75, "minY": 322.0, "maxX": 416.75, "maxY": 373.5}, "class_id": 0, "box_caption": "lao 0.010", "scores": {"class_score": 0.0098876953125}, "domain": "pixel"}, {"position": {"minX": 587.5, "minY": 31.109375, "maxX": 654.5, "maxY": 92.625}, "class_id": 2, "box_caption": "vn_2_line 0.010", "scores": {"class_score": 0.0098724365234375}, "domain": "pixel"}, {"position": {"minX": 223.875, "minY": 304.75, "maxX": 329.75, "maxY": 377.75}, "class_id": 0, "box_caption": "lao 0.010", "scores": {"class_score": 0.009765625}, "domain": "pixel"}, {"position": {"minX": 382.25, "minY": 14.09375, "maxX": 461.25, "maxY": 79.0}, "class_id": 0, "box_caption": "lao 0.010", "scores": {"class_score": 0.00974273681640625}, "domain": "pixel"}, {"position": {"minX": 358.75, "minY": 36.28125, "maxX": 447.75, "maxY": 103.875}, "class_id": 0, "box_caption": "lao 0.010", "scores": {"class_score": 0.009552001953125}, "domain": "pixel"}, {"position": {"minX": 157.5, "minY": 194.0, "maxX": 260.5, "maxY": 296.75}, "class_id": 2, "box_caption": "vn_2_line 0.009", "scores": {"class_score": 0.00949859619140625}, "domain": "pixel"}, {"position": {"minX": 354.0, "minY": 206.875, "maxX": 428.5, "maxY": 238.375}, "class_id": 1, "box_caption": "vn_1_line 0.009", "scores": {"class_score": 0.009490966796875}, "domain": "pixel"}, {"position": {"minX": 280.0, "minY": 49.25, "maxX": 366.5, "maxY": 123.625}, "class_id": 2, "box_caption": "vn_2_line 0.009", "scores": {"class_score": 0.00948333740234375}, "domain": "pixel"}, {"position": {"minX": -26.375, "minY": 241.75, "maxX": 115.625, "maxY": 358.25}, "class_id": 2, "box_caption": "vn_2_line 0.009", "scores": {"class_score": 0.00946044921875}, "domain": "pixel"}, {"position": {"minX": 440.0, "minY": 112.875, "maxX": 556.0, "maxY": 200.125}, "class_id": 2, "box_caption": "vn_2_line 0.009", "scores": {"class_score": 0.0094146728515625}, "domain": "pixel"}, {"position": {"minX": 639.0, "minY": 0.328125, "maxX": 671.0, "maxY": 51.0625}, "class_id": 0, "box_caption": "lao 0.009", "scores": {"class_score": 0.0093994140625}, "domain": "pixel"}, {"position": {"minX": 94.25, "minY": -6.46875, "maxX": 199.25, "maxY": 79.375}, "class_id": 0, "box_caption": "lao 0.009", "scores": {"class_score": 0.00933837890625}, "domain": "pixel"}, {"position": {"minX": 300.0, "minY": 60.09375, "maxX": 356.5, "maxY": 96.375}, "class_id": 0, "box_caption": "lao 0.009", "scores": {"class_score": 0.0092926025390625}, "domain": "pixel"}, {"position": {"minX": 520.5, "minY": 201.625, "maxX": 655.5, "maxY": 289.0}, "class_id": 2, "box_caption": "vn_2_line 0.009", "scores": {"class_score": 0.00928497314453125}, "domain": "pixel"}, {"position": {"minX": 34.125, "minY": 289.5, "maxX": 123.375, "maxY": 370.0}, "class_id": 0, "box_caption": "lao 0.009", "scores": {"class_score": 0.0092010498046875}, "domain": "pixel"}, {"position": {"minX": 545.0, "minY": 172.0, "maxX": 680.0, "maxY": 291.0}, "class_id": 1, "box_caption": "vn_1_line 0.009", "scores": {"class_score": 0.0092010498046875}, "domain": "pixel"}, {"position": {"minX": 604.5, "minY": 49.59375, "maxX": 676.5, "maxY": 121.0}, "class_id": 2, "box_caption": "vn_2_line 0.009", "scores": {"class_score": 0.009185791015625}, "domain": "pixel"}, {"position": {"minX": 121.0, "minY": 289.5, "maxX": 214.5, "maxY": 370.5}, "class_id": 0, "box_caption": "lao 0.009", "scores": {"class_score": 0.0091705322265625}, "domain": "pixel"}, {"position": {"minX": 46.9375, "minY": 214.75, "maxX": 179.5, "maxY": 339.25}, "class_id": 2, "box_caption": "vn_2_line 0.009", "scores": {"class_score": 0.00910186767578125}, "domain": "pixel"}, {"position": {"minX": 37.875, "minY": 276.25, "maxX": 158.75, "maxY": 396.75}, "class_id": 2, "box_caption": "vn_2_line 0.009", "scores": {"class_score": 0.00907135009765625}, "domain": "pixel"}, {"position": {"minX": 15.1875, "minY": 50.5, "maxX": 135.0, "maxY": 182.125}, "class_id": 0, "box_caption": "lao 0.009", "scores": {"class_score": 0.0090484619140625}, "domain": "pixel"}, {"position": {"minX": 2.21875, "minY": 301.5, "maxX": 90.25, "maxY": 384.0}, "class_id": 0, "box_caption": "lao 0.009", "scores": {"class_score": 0.0089874267578125}, "domain": "pixel"}, {"position": {"minX": 98.0, "minY": 46.96875, "maxX": 216.0, "maxY": 149.625}, "class_id": 1, "box_caption": "vn_1_line 0.009", "scores": {"class_score": 0.00897216796875}, "domain": "pixel"}, {"position": {"minX": 13.1875, "minY": 150.75, "maxX": 131.25, "maxY": 273.25}, "class_id": 2, "box_caption": "vn_2_line 0.009", "scores": {"class_score": 0.00888824462890625}, "domain": "pixel"}, {"position": {"minX": 135.0, "minY": 15.3125, "maxX": 266.25, "maxY": 105.625}, "class_id": 0, "box_caption": "lao 0.009", "scores": {"class_score": 0.008819580078125}, "domain": "pixel"}, {"position": {"minX": 229.875, "minY": 299.5, "maxX": 329.25, "maxY": 363.5}, "class_id": 1, "box_caption": "vn_1_line 0.009", "scores": {"class_score": 0.00862884521484375}, "domain": "pixel"}, {"position": {"minX": 370.0, "minY": 10.53125, "maxX": 458.0, "maxY": 86.375}, "class_id": 1, "box_caption": "vn_1_line 0.009", "scores": {"class_score": 0.00858306884765625}, "domain": "pixel"}, {"position": {"minX": 464.5, "minY": 289.0, "maxX": 591.5, "maxY": 386.0}, "class_id": 2, "box_caption": "vn_2_line 0.009", "scores": {"class_score": 0.008514404296875}, "domain": "pixel"}, {"position": {"minX": 440.0, "minY": 112.875, "maxX": 556.0, "maxY": 200.125}, "class_id": 0, "box_caption": "lao 0.009", "scores": {"class_score": 0.00850677490234375}, "domain": "pixel"}, {"position": {"minX": 29.6875, "minY": 38.53125, "maxX": 111.5625, "maxY": 111.5}, "class_id": 0, "box_caption": "lao 0.008", "scores": {"class_score": 0.00843048095703125}, "domain": "pixel"}, {"position": {"minX": 77.5, "minY": 37.5, "maxX": 178.75, "maxY": 115.25}, "class_id": 0, "box_caption": "lao 0.008", "scores": {"class_score": 0.00827789306640625}, "domain": "pixel"}, {"position": {"minX": 46.71875, "minY": 67.6875, "maxX": 163.75, "maxY": 171.0}, "class_id": 2, "box_caption": "vn_2_line 0.008", "scores": {"class_score": 0.00821685791015625}, "domain": "pixel"}, {"position": {"minX": 247.5, "minY": 302.25, "maxX": 345.5, "maxY": 361.75}, "class_id": 0, "box_caption": "lao 0.008", "scores": {"class_score": 0.00821685791015625}, "domain": "pixel"}, {"position": {"minX": 136.25, "minY": 299.0, "maxX": 231.25, "maxY": 378.0}, "class_id": 0, "box_caption": "lao 0.008", "scores": {"class_score": 0.008148193359375}, "domain": "pixel"}, {"position": {"minX": 509.25, "minY": 2.921875, "maxX": 554.0, "maxY": 47.0625}, "class_id": 0, "box_caption": "lao 0.008", "scores": {"class_score": 0.00814056396484375}, "domain": "pixel"}, {"position": {"minX": 119.0625, "minY": 297.75, "maxX": 283.5, "maxY": 386.25}, "class_id": 1, "box_caption": "vn_1_line 0.008", "scores": {"class_score": 0.008087158203125}, "domain": "pixel"}, {"position": {"minX": 535.0, "minY": 284.0, "maxX": 650.0, "maxY": 390.0}, "class_id": 2, "box_caption": "vn_2_line 0.008", "scores": {"class_score": 0.00804901123046875}, "domain": "pixel"}, {"position": {"minX": 45.3125, "minY": 109.0, "maxX": 151.75, "maxY": 217.25}, "class_id": 0, "box_caption": "lao 0.008", "scores": {"class_score": 0.00800323486328125}, "domain": "pixel"}, {"position": {"minX": 114.0, "minY": 246.25, "maxX": 204.75, "maxY": 321.75}, "class_id": 0, "box_caption": "lao 0.008", "scores": {"class_score": 0.0079803466796875}, "domain": "pixel"}, {"position": {"minX": -28.09375, "minY": 211.625, "maxX": 116.25, "maxY": 331.25}, "class_id": 0, "box_caption": "lao 0.008", "scores": {"class_score": 0.00791168212890625}, "domain": "pixel"}, {"position": {"minX": 87.3125, "minY": 279.0, "maxX": 204.25, "maxY": 394.0}, "class_id": 2, "box_caption": "vn_2_line 0.008", "scores": {"class_score": 0.00789642333984375}, "domain": "pixel"}, {"position": {"minX": 290.0, "minY": 33.625, "maxX": 351.0, "maxY": 71.875}, "class_id": 1, "box_caption": "vn_1_line 0.008", "scores": {"class_score": 0.0078887939453125}, "domain": "pixel"}, {"position": {"minX": 88.375, "minY": 92.4375, "maxX": 204.125, "maxY": 202.25}, "class_id": 2, "box_caption": "vn_2_line 0.008", "scores": {"class_score": 0.00788116455078125}, "domain": "pixel"}, {"position": {"minX": 433.0, "minY": 102.4375, "maxX": 541.0, "maxY": 188.5}, "class_id": 1, "box_caption": "vn_1_line 0.008", "scores": {"class_score": 0.0078582763671875}, "domain": "pixel"}], "class_labels": {"0": "lao", "1": "vn_1_line", "2": "vn_2_line"}}