{"box_data": [{"position": {"minX": 104.1875, "minY": 15.109375, "maxX": 149.5, "maxY": 44.625}, "class_id": 0, "box_caption": "lao 0.777", "scores": {"class_score": 0.77734375}, "domain": "pixel"}, {"position": {"minX": 101.3125, "minY": 9.515625, "maxX": 154.125, "maxY": 52.6875}, "class_id": 0, "box_caption": "lao 0.773", "scores": {"class_score": 0.7734375}, "domain": "pixel"}, {"position": {"minX": 494.0, "minY": 255.875, "maxX": 704.0, "maxY": 375.75}, "class_id": 0, "box_caption": "lao 0.261", "scores": {"class_score": 0.2607421875}, "domain": "pixel"}, {"position": {"minX": 429.5, "minY": 255.0, "maxX": 644.5, "maxY": 378.0}, "class_id": 0, "box_caption": "lao 0.253", "scores": {"class_score": 0.2529296875}, "domain": "pixel"}, {"position": {"minX": 365.0, "minY": 256.75, "maxX": 584.5, "maxY": 377.25}, "class_id": 0, "box_caption": "lao 0.229", "scores": {"class_score": 0.22900390625}, "domain": "pixel"}, {"position": {"minX": 503.25, "minY": 201.5, "maxX": 690.0, "maxY": 313.0}, "class_id": 0, "box_caption": "lao 0.219", "scores": {"class_score": 0.21923828125}, "domain": "pixel"}, {"position": {"minX": 490.0, "minY": 221.25, "maxX": 705.0, "maxY": 348.25}, "class_id": 0, "box_caption": "lao 0.191", "scores": {"class_score": 0.1905517578125}, "domain": "pixel"}, {"position": {"minX": 74.125, "minY": 209.375, "maxX": 172.875, "maxY": 274.75}, "class_id": 1, "box_caption": "vn_1_line 0.179", "scores": {"class_score": 0.178955078125}, "domain": "pixel"}, {"position": {"minX": 440.25, "minY": 196.125, "maxX": 630.0, "maxY": 319.0}, "class_id": 0, "box_caption": "lao 0.166", "scores": {"class_score": 0.1658935546875}, "domain": "pixel"}, {"position": {"minX": 302.75, "minY": 256.75, "maxX": 520.0, "maxY": 380.75}, "class_id": 0, "box_caption": "lao 0.158", "scores": {"class_score": 0.1578369140625}, "domain": "pixel"}, {"position": {"minX": 105.125, "minY": 209.0, "maxX": 203.375, "maxY": 272.25}, "class_id": 1, "box_caption": "vn_1_line 0.155", "scores": {"class_score": 0.154541015625}, "domain": "pixel"}, {"position": {"minX": 38.46875, "minY": 209.875, "maxX": 140.75, "maxY": 283.5}, "class_id": 1, "box_caption": "vn_1_line 0.152", "scores": {"class_score": 0.1522216796875}, "domain": "pixel"}, {"position": {"minX": 136.125, "minY": 199.625, "maxX": 238.375, "maxY": 247.375}, "class_id": 1, "box_caption": "vn_1_line 0.143", "scores": {"class_score": 0.143310546875}, "domain": "pixel"}, {"position": {"minX": 294.75, "minY": 113.6875, "maxX": 398.25, "maxY": 193.75}, "class_id": 1, "box_caption": "vn_1_line 0.141", "scores": {"class_score": 0.140869140625}, "domain": "pixel"}, {"position": {"minX": 237.125, "minY": 252.75, "maxX": 453.0, "maxY": 381.75}, "class_id": 0, "box_caption": "lao 0.138", "scores": {"class_score": 0.137939453125}, "domain": "pixel"}, {"position": {"minX": 399.5, "minY": 277.75, "maxX": 530.5, "maxY": 397.75}, "class_id": 0, "box_caption": "lao 0.136", "scores": {"class_score": 0.136474609375}, "domain": "pixel"}, {"position": {"minX": -20.0625, "minY": 267.75, "maxX": 162.25, "maxY": 383.25}, "class_id": 2, "box_caption": "vn_2_line 0.132", "scores": {"class_score": 0.1319580078125}, "domain": "pixel"}, {"position": {"minX": -6.125, "minY": 263.75, "maxX": 186.875, "maxY": 381.25}, "class_id": 0, "box_caption": "lao 0.131", "scores": {"class_score": 0.1312255859375}, "domain": "pixel"}, {"position": {"minX": 397.75, "minY": 221.0, "maxX": 613.0, "maxY": 350.0}, "class_id": 0, "box_caption": "lao 0.122", "scores": {"class_score": 0.12213134765625}, "domain": "pixel"}, {"position": {"minX": 366.5, "minY": 279.0, "maxX": 499.0, "maxY": 396.5}, "class_id": 0, "box_caption": "lao 0.119", "scores": {"class_score": 0.11944580078125}, "domain": "pixel"}, {"position": {"minX": 16.3125, "minY": 207.5, "maxX": 216.0, "maxY": 270.0}, "class_id": 1, "box_caption": "vn_1_line 0.119", "scores": {"class_score": 0.11932373046875}, "domain": "pixel"}, {"position": {"minX": 494.5, "minY": 69.0625, "maxX": 704.5, "maxY": 184.75}, "class_id": 0, "box_caption": "lao 0.118", "scores": {"class_score": 0.11846923828125}, "domain": "pixel"}, {"position": {"minX": 532.0, "minY": 172.0, "maxX": 698.0, "maxY": 293.5}, "class_id": 0, "box_caption": "lao 0.113", "scores": {"class_score": 0.1134033203125}, "domain": "pixel"}, {"position": {"minX": 570.0, "minY": 289.0, "maxX": 680.0, "maxY": 388.5}, "class_id": 0, "box_caption": "lao 0.110", "scores": {"class_score": 0.1097412109375}, "domain": "pixel"}, {"position": {"minX": 228.0, "minY": 158.0, "maxX": 334.5, "maxY": 217.75}, "class_id": 1, "box_caption": "vn_1_line 0.109", "scores": {"class_score": 0.1087646484375}, "domain": "pixel"}, {"position": {"minX": 460.5, "minY": 280.25, "maxX": 596.5, "maxY": 395.75}, "class_id": 0, "box_caption": "lao 0.106", "scores": {"class_score": 0.10638427734375}, "domain": "pixel"}, {"position": {"minX": 331.0, "minY": 95.5, "maxX": 434.5, "maxY": 161.0}, "class_id": 1, "box_caption": "vn_1_line 0.106", "scores": {"class_score": 0.1063232421875}, "domain": "pixel"}, {"position": {"minX": 163.375, "minY": 187.75, "maxX": 266.25, "maxY": 251.5}, "class_id": 1, "box_caption": "vn_1_line 0.106", "scores": {"class_score": 0.10614013671875}, "domain": "pixel"}, {"position": {"minX": 351.5, "minY": 80.5625, "maxX": 456.5, "maxY": 164.75}, "class_id": 1, "box_caption": "vn_1_line 0.106", "scores": {"class_score": 0.10589599609375}, "domain": "pixel"}, {"position": {"minX": 408.0, "minY": -8.125, "maxX": 559.5, "maxY": 105.75}, "class_id": 0, "box_caption": "lao 0.106", "scores": {"class_score": 0.105712890625}, "domain": "pixel"}, {"position": {"minX": 136.25, "minY": 202.875, "maxX": 233.5, "maxY": 275.0}, "class_id": 1, "box_caption": "vn_1_line 0.104", "scores": {"class_score": 0.10443115234375}, "domain": "pixel"}, {"position": {"minX": 259.75, "minY": 113.875, "maxX": 433.75, "maxY": 187.625}, "class_id": 1, "box_caption": "vn_1_line 0.104", "scores": {"class_score": 0.10382080078125}, "domain": "pixel"}, {"position": {"minX": 104.5, "minY": 206.0, "maxX": 205.75, "maxY": 247.5}, "class_id": 1, "box_caption": "vn_1_line 0.104", "scores": {"class_score": 0.103515625}, "domain": "pixel"}, {"position": {"minX": -12.421875, "minY": -12.15625, "maxX": 65.75, "maxY": 76.875}, "class_id": 2, "box_caption": "vn_2_line 0.102", "scores": {"class_score": 0.10186767578125}, "domain": "pixel"}, {"position": {"minX": 475.0, "minY": 39.0, "maxX": 660.0, "maxY": 158.0}, "class_id": 0, "box_caption": "lao 0.101", "scores": {"class_score": 0.10113525390625}, "domain": "pixel"}, {"position": {"minX": 527.5, "minY": 275.25, "maxX": 659.5, "maxY": 399.75}, "class_id": 0, "box_caption": "lao 0.100", "scores": {"class_score": 0.09954833984375}, "domain": "pixel"}, {"position": {"minX": 171.75, "minY": 256.25, "maxX": 391.25, "maxY": 383.75}, "class_id": 0, "box_caption": "lao 0.099", "scores": {"class_score": 0.0987548828125}, "domain": "pixel"}, {"position": {"minX": 429.5, "minY": 276.5, "maxX": 564.5, "maxY": 399.5}, "class_id": 0, "box_caption": "lao 0.098", "scores": {"class_score": 0.097900390625}, "domain": "pixel"}, {"position": {"minX": 384.5, "minY": 38.625, "maxX": 563.5, "maxY": 157.375}, "class_id": 0, "box_caption": "lao 0.095", "scores": {"class_score": 0.09521484375}, "domain": "pixel"}, {"position": {"minX": 436.0, "minY": 65.25, "maxX": 638.0, "maxY": 190.5}, "class_id": 0, "box_caption": "lao 0.092", "scores": {"class_score": 0.09173583984375}, "domain": "pixel"}, {"position": {"minX": 83.375, "minY": 197.125, "maxX": 275.5, "maxY": 275.5}, "class_id": 1, "box_caption": "vn_1_line 0.090", "scores": {"class_score": 0.089599609375}, "domain": "pixel"}, {"position": {"minX": -20.5625, "minY": 202.125, "maxX": 153.75, "maxY": 293.25}, "class_id": 1, "box_caption": "vn_1_line 0.088", "scores": {"class_score": 0.08795166015625}, "domain": "pixel"}, {"position": {"minX": -12.5, "minY": 283.75, "maxX": 115.625, "maxY": 394.25}, "class_id": 0, "box_caption": "lao 0.087", "scores": {"class_score": 0.08709716796875}, "domain": "pixel"}, {"position": {"minX": 493.0, "minY": 273.5, "maxX": 629.0, "maxY": 400.5}, "class_id": 0, "box_caption": "lao 0.085", "scores": {"class_score": 0.08453369140625}, "domain": "pixel"}, {"position": {"minX": 565.5, "minY": 197.75, "maxX": 681.5, "maxY": 292.25}, "class_id": 0, "box_caption": "lao 0.083", "scores": {"class_score": 0.08319091796875}, "domain": "pixel"}, {"position": {"minX": -18.0625, "minY": 232.75, "maxX": 153.25, "maxY": 359.25}, "class_id": 2, "box_caption": "vn_2_line 0.083", "scores": {"class_score": 0.08294677734375}, "domain": "pixel"}, {"position": {"minX": 374.0, "minY": 192.5, "maxX": 575.5, "maxY": 321.0}, "class_id": 0, "box_caption": "lao 0.082", "scores": {"class_score": 0.081787109375}, "domain": "pixel"}, {"position": {"minX": -18.0625, "minY": 232.75, "maxX": 153.25, "maxY": 359.25}, "class_id": 0, "box_caption": "lao 0.080", "scores": {"class_score": 0.0799560546875}, "domain": "pixel"}, {"position": {"minX": -19.125, "minY": 206.75, "maxX": 152.125, "maxY": 323.75}, "class_id": 0, "box_caption": "lao 0.079", "scores": {"class_score": 0.07855224609375}, "domain": "pixel"}, {"position": {"minX": 531.0, "minY": 36.96875, "maxX": 702.0, "maxY": 162.25}, "class_id": 0, "box_caption": "lao 0.077", "scores": {"class_score": 0.07666015625}, "domain": "pixel"}, {"position": {"minX": 305.25, "minY": 278.5, "maxX": 434.25, "maxY": 398.5}, "class_id": 0, "box_caption": "lao 0.076", "scores": {"class_score": 0.0762939453125}, "domain": "pixel"}, {"position": {"minX": 76.0, "minY": 208.625, "maxX": 171.375, "maxY": 248.875}, "class_id": 1, "box_caption": "vn_1_line 0.076", "scores": {"class_score": 0.076171875}, "domain": "pixel"}, {"position": {"minX": 207.0, "minY": 170.0, "maxX": 305.0, "maxY": 214.0}, "class_id": 1, "box_caption": "vn_1_line 0.075", "scores": {"class_score": 0.075439453125}, "domain": "pixel"}, {"position": {"minX": 194.875, "minY": 173.75, "maxX": 300.75, "maxY": 250.75}, "class_id": 1, "box_caption": "vn_1_line 0.075", "scores": {"class_score": 0.07470703125}, "domain": "pixel"}, {"position": {"minX": 494.0, "minY": 95.125, "maxX": 703.0, "maxY": 218.625}, "class_id": 0, "box_caption": "lao 0.074", "scores": {"class_score": 0.07440185546875}, "domain": "pixel"}, {"position": {"minX": 272.5, "minY": 277.0, "maxX": 402.5, "maxY": 398.5}, "class_id": 0, "box_caption": "lao 0.073", "scores": {"class_score": 0.07281494140625}, "domain": "pixel"}, {"position": {"minX": 316.75, "minY": 85.375, "maxX": 483.25, "maxY": 153.5}, "class_id": 1, "box_caption": "vn_1_line 0.072", "scores": {"class_score": 0.0723876953125}, "domain": "pixel"}, {"position": {"minX": 45.4375, "minY": 262.0, "maxX": 260.0, "maxY": 383.0}, "class_id": 0, "box_caption": "lao 0.071", "scores": {"class_score": 0.07061767578125}, "domain": "pixel"}, {"position": {"minX": 400.75, "minY": 174.0, "maxX": 604.5, "maxY": 292.25}, "class_id": 0, "box_caption": "lao 0.070", "scores": {"class_score": 0.0704345703125}, "domain": "pixel"}, {"position": {"minX": -2.203125, "minY": -5.28125, "maxX": 56.9375, "maxY": 55.59375}, "class_id": 2, "box_caption": "vn_2_line 0.070", "scores": {"class_score": 0.0703125}, "domain": "pixel"}, {"position": {"minX": 348.0, "minY": 291.5, "maxX": 470.0, "maxY": 391.5}, "class_id": 0, "box_caption": "lao 0.070", "scores": {"class_score": 0.06976318359375}, "domain": "pixel"}, {"position": {"minX": 281.75, "minY": 91.125, "maxX": 453.75, "maxY": 183.875}, "class_id": 0, "box_caption": "lao 0.070", "scores": {"class_score": 0.069580078125}, "domain": "pixel"}, {"position": {"minX": 47.09375, "minY": 210.5, "maxX": 142.125, "maxY": 252.75}, "class_id": 1, "box_caption": "vn_1_line 0.069", "scores": {"class_score": 0.06890869140625}, "domain": "pixel"}, {"position": {"minX": 259.75, "minY": 105.125, "maxX": 424.25, "maxY": 215.875}, "class_id": 0, "box_caption": "lao 0.069", "scores": {"class_score": 0.06854248046875}, "domain": "pixel"}, {"position": {"minX": 281.75, "minY": 91.125, "maxX": 453.75, "maxY": 183.875}, "class_id": 1, "box_caption": "vn_1_line 0.068", "scores": {"class_score": 0.0675048828125}, "domain": "pixel"}, {"position": {"minX": 408.0, "minY": -8.125, "maxX": 559.5, "maxY": 105.75}, "class_id": 2, "box_caption": "vn_2_line 0.067", "scores": {"class_score": 0.06671142578125}, "domain": "pixel"}, {"position": {"minX": 461.75, "minY": 176.25, "maxX": 667.0, "maxY": 292.25}, "class_id": 0, "box_caption": "lao 0.066", "scores": {"class_score": 0.06640625}, "domain": "pixel"}, {"position": {"minX": 258.25, "minY": 135.0, "maxX": 365.75, "maxY": 215.75}, "class_id": 1, "box_caption": "vn_1_line 0.066", "scores": {"class_score": 0.066162109375}, "domain": "pixel"}, {"position": {"minX": 371.75, "minY": 72.125, "maxX": 572.0, "maxY": 187.125}, "class_id": 0, "box_caption": "lao 0.066", "scores": {"class_score": 0.06610107421875}, "domain": "pixel"}, {"position": {"minX": 543.0, "minY": 89.625, "maxX": 673.0, "maxY": 202.375}, "class_id": 0, "box_caption": "lao 0.066", "scores": {"class_score": 0.06591796875}, "domain": "pixel"}, {"position": {"minX": 53.15625, "minY": 316.5, "maxX": 179.25, "maxY": 387.0}, "class_id": 1, "box_caption": "vn_1_line 0.065", "scores": {"class_score": 0.06494140625}, "domain": "pixel"}, {"position": {"minX": 414.5, "minY": 11.34375, "maxX": 595.5, "maxY": 126.75}, "class_id": 0, "box_caption": "lao 0.065", "scores": {"class_score": 0.0645751953125}, "domain": "pixel"}, {"position": {"minX": 119.1875, "minY": 184.625, "maxX": 303.5, "maxY": 281.5}, "class_id": 1, "box_caption": "vn_1_line 0.064", "scores": {"class_score": 0.064453125}, "domain": "pixel"}, {"position": {"minX": 542.0, "minY": 56.84375, "maxX": 673.0, "maxY": 175.125}, "class_id": 0, "box_caption": "lao 0.064", "scores": {"class_score": 0.064208984375}, "domain": "pixel"}, {"position": {"minX": 152.875, "minY": 172.5, "maxX": 336.0, "maxY": 251.0}, "class_id": 1, "box_caption": "vn_1_line 0.064", "scores": {"class_score": 0.06378173828125}, "domain": "pixel"}, {"position": {"minX": 290.75, "minY": 98.4375, "maxX": 467.25, "maxY": 159.625}, "class_id": 1, "box_caption": "vn_1_line 0.064", "scores": {"class_score": 0.06353759765625}, "domain": "pixel"}, {"position": {"minX": 1.671875, "minY": 2.03125, "maxX": 44.9375, "maxY": 35.59375}, "class_id": 0, "box_caption": "lao 0.062", "scores": {"class_score": 0.061981201171875}, "domain": "pixel"}, {"position": {"minX": 239.625, "minY": 186.5, "maxX": 451.5, "maxY": 325.25}, "class_id": 0, "box_caption": "lao 0.061", "scores": {"class_score": 0.06146240234375}, "domain": "pixel"}, {"position": {"minX": 13.625, "minY": 214.75, "maxX": 117.375, "maxY": 285.25}, "class_id": 1, "box_caption": "vn_1_line 0.061", "scores": {"class_score": 0.061004638671875}, "domain": "pixel"}, {"position": {"minX": 566.5, "minY": 217.75, "maxX": 681.5, "maxY": 330.75}, "class_id": 0, "box_caption": "lao 0.060", "scores": {"class_score": 0.06036376953125}, "domain": "pixel"}, {"position": {"minX": 104.875, "minY": 260.0, "maxX": 331.0, "maxY": 385.0}, "class_id": 0, "box_caption": "lao 0.060", "scores": {"class_score": 0.059722900390625}, "domain": "pixel"}, {"position": {"minX": 206.0, "minY": 278.75, "maxX": 340.0, "maxY": 397.25}, "class_id": 0, "box_caption": "lao 0.059", "scores": {"class_score": 0.059478759765625}, "domain": "pixel"}, {"position": {"minX": 527.0, "minY": 210.375, "maxX": 702.0, "maxY": 359.0}, "class_id": 2, "box_caption": "vn_2_line 0.059", "scores": {"class_score": 0.058624267578125}, "domain": "pixel"}, {"position": {"minX": 399.0, "minY": 255.625, "maxX": 612.0, "maxY": 377.5}, "class_id": 2, "box_caption": "vn_2_line 0.059", "scores": {"class_score": 0.058624267578125}, "domain": "pixel"}, {"position": {"minX": 330.5, "minY": 221.25, "maxX": 552.0, "maxY": 356.25}, "class_id": 0, "box_caption": "lao 0.058", "scores": {"class_score": 0.0584716796875}, "domain": "pixel"}, {"position": {"minX": 494.0, "minY": 255.875, "maxX": 704.0, "maxY": 375.75}, "class_id": 2, "box_caption": "vn_2_line 0.058", "scores": {"class_score": 0.057647705078125}, "domain": "pixel"}, {"position": {"minX": 277.25, "minY": 128.5, "maxX": 373.25, "maxY": 188.0}, "class_id": 1, "box_caption": "vn_1_line 0.058", "scores": {"class_score": 0.0576171875}, "domain": "pixel"}, {"position": {"minX": 64.0, "minY": 283.5, "maxX": 196.0, "maxY": 394.0}, "class_id": 0, "box_caption": "lao 0.057", "scores": {"class_score": 0.05731201171875}, "domain": "pixel"}, {"position": {"minX": 306.0, "minY": 186.75, "maxX": 508.0, "maxY": 322.0}, "class_id": 0, "box_caption": "lao 0.057", "scores": {"class_score": 0.05670166015625}, "domain": "pixel"}, {"position": {"minX": 501.75, "minY": 22.96875, "maxX": 693.0, "maxY": 127.75}, "class_id": 0, "box_caption": "lao 0.056", "scores": {"class_score": 0.056365966796875}, "domain": "pixel"}, {"position": {"minX": 151.375, "minY": 178.125, "maxX": 343.5, "maxY": 285.5}, "class_id": 0, "box_caption": "lao 0.056", "scores": {"class_score": 0.055999755859375}, "domain": "pixel"}, {"position": {"minX": 459.0, "minY": 205.25, "maxX": 597.0, "maxY": 341.25}, "class_id": 0, "box_caption": "lao 0.055", "scores": {"class_score": 0.054931640625}, "domain": "pixel"}, {"position": {"minX": -20.0625, "minY": 267.75, "maxX": 162.25, "maxY": 383.25}, "class_id": 1, "box_caption": "vn_1_line 0.055", "scores": {"class_score": 0.054901123046875}, "domain": "pixel"}, {"position": {"minX": 241.25, "minY": 273.75, "maxX": 370.75, "maxY": 399.75}, "class_id": 0, "box_caption": "lao 0.055", "scores": {"class_score": 0.05487060546875}, "domain": "pixel"}, {"position": {"minX": 508.0, "minY": 201.75, "maxX": 618.0, "maxY": 324.25}, "class_id": 0, "box_caption": "lao 0.054", "scores": {"class_score": 0.0543212890625}, "domain": "pixel"}, {"position": {"minX": 429.5, "minY": 255.0, "maxX": 644.5, "maxY": 378.0}, "class_id": 1, "box_caption": "vn_1_line 0.054", "scores": {"class_score": 0.05419921875}, "domain": "pixel"}, {"position": {"minX": 4.3125, "minY": 210.25, "maxX": 233.75, "maxY": 314.75}, "class_id": 1, "box_caption": "vn_1_line 0.054", "scores": {"class_score": 0.053802490234375}, "domain": "pixel"}, {"position": {"minX": 268.0, "minY": 110.9375, "maxX": 393.5, "maxY": 195.5}, "class_id": 0, "box_caption": "lao 0.053", "scores": {"class_score": 0.053253173828125}, "domain": "pixel"}, {"position": {"minX": 90.0, "minY": -0.5, "maxX": 159.75, "maxY": 55.1875}, "class_id": 0, "box_caption": "lao 0.053", "scores": {"class_score": 0.053253173828125}, "domain": "pixel"}, {"position": {"minX": -4.4375, "minY": 203.125, "maxX": 119.1875, "maxY": 270.0}, "class_id": 1, "box_caption": "vn_1_line 0.053", "scores": {"class_score": 0.052978515625}, "domain": "pixel"}, {"position": {"minX": 201.0, "minY": 316.0, "maxX": 319.0, "maxY": 386.5}, "class_id": 1, "box_caption": "vn_1_line 0.053", "scores": {"class_score": 0.052764892578125}, "domain": "pixel"}, {"position": {"minX": 187.5, "minY": 155.625, "maxX": 368.0, "maxY": 215.375}, "class_id": 1, "box_caption": "vn_1_line 0.053", "scores": {"class_score": 0.052764892578125}, "domain": "pixel"}, {"position": {"minX": 508.5, "minY": 218.75, "maxX": 644.5, "maxY": 359.25}, "class_id": 0, "box_caption": "lao 0.053", "scores": {"class_score": 0.052734375}, "domain": "pixel"}, {"position": {"minX": -19.125, "minY": 206.75, "maxX": 152.125, "maxY": 323.75}, "class_id": 2, "box_caption": "vn_2_line 0.053", "scores": {"class_score": 0.052581787109375}, "domain": "pixel"}, {"position": {"minX": 160.25, "minY": 280.75, "maxX": 291.75, "maxY": 395.25}, "class_id": 0, "box_caption": "lao 0.052", "scores": {"class_score": 0.0518798828125}, "domain": "pixel"}, {"position": {"minX": 271.75, "minY": 168.625, "maxX": 475.75, "maxY": 292.75}, "class_id": 0, "box_caption": "lao 0.052", "scores": {"class_score": 0.05157470703125}, "domain": "pixel"}, {"position": {"minX": 142.125, "minY": 225.25, "maxX": 353.0, "maxY": 356.25}, "class_id": 0, "box_caption": "lao 0.051", "scores": {"class_score": 0.051483154296875}, "domain": "pixel"}, {"position": {"minX": 177.0, "minY": 196.375, "maxX": 382.5, "maxY": 319.5}, "class_id": 0, "box_caption": "lao 0.051", "scores": {"class_score": 0.051239013671875}, "domain": "pixel"}, {"position": {"minX": 5.4375, "minY": 314.75, "maxX": 129.5, "maxY": 388.25}, "class_id": 1, "box_caption": "vn_1_line 0.050", "scores": {"class_score": 0.050018310546875}, "domain": "pixel"}, {"position": {"minX": 365.0, "minY": 256.75, "maxX": 584.5, "maxY": 377.25}, "class_id": 1, "box_caption": "vn_1_line 0.050", "scores": {"class_score": 0.050018310546875}, "domain": "pixel"}, {"position": {"minX": 347.0, "minY": 315.75, "maxX": 463.0, "maxY": 387.25}, "class_id": 1, "box_caption": "vn_1_line 0.050", "scores": {"class_score": 0.0498046875}, "domain": "pixel"}, {"position": {"minX": 376.0, "minY": 316.0, "maxX": 497.0, "maxY": 387.0}, "class_id": 1, "box_caption": "vn_1_line 0.048", "scores": {"class_score": 0.048248291015625}, "domain": "pixel"}, {"position": {"minX": 261.25, "minY": 215.75, "maxX": 488.75, "maxY": 358.75}, "class_id": 0, "box_caption": "lao 0.048", "scores": {"class_score": 0.048004150390625}, "domain": "pixel"}, {"position": {"minX": 494.0, "minY": 255.875, "maxX": 704.0, "maxY": 375.75}, "class_id": 1, "box_caption": "vn_1_line 0.048", "scores": {"class_score": 0.047821044921875}, "domain": "pixel"}, {"position": {"minX": 335.0, "minY": 258.5, "maxX": 553.0, "maxY": 379.0}, "class_id": 2, "box_caption": "vn_2_line 0.047", "scores": {"class_score": 0.04742431640625}, "domain": "pixel"}, {"position": {"minX": 472.25, "minY": 199.125, "maxX": 661.5, "maxY": 317.5}, "class_id": 1, "box_caption": "vn_1_line 0.047", "scores": {"class_score": 0.046875}, "domain": "pixel"}, {"position": {"minX": 408.5, "minY": 315.0, "maxX": 529.0, "maxY": 388.0}, "class_id": 1, "box_caption": "vn_1_line 0.046", "scores": {"class_score": 0.045623779296875}, "domain": "pixel"}, {"position": {"minX": 237.125, "minY": 252.75, "maxX": 453.0, "maxY": 381.75}, "class_id": 2, "box_caption": "vn_2_line 0.045", "scores": {"class_score": 0.044769287109375}, "domain": "pixel"}, {"position": {"minX": 202.125, "minY": 220.25, "maxX": 422.5, "maxY": 357.75}, "class_id": 0, "box_caption": "lao 0.045", "scores": {"class_score": 0.04473876953125}, "domain": "pixel"}, {"position": {"minX": 32.375, "minY": 280.5, "maxX": 165.125, "maxY": 397.5}, "class_id": 0, "box_caption": "lao 0.044", "scores": {"class_score": 0.044464111328125}, "domain": "pixel"}, {"position": {"minX": 87.0, "minY": 191.25, "maxX": 216.5, "maxY": 256.5}, "class_id": 1, "box_caption": "vn_1_line 0.044", "scores": {"class_score": 0.04437255859375}, "domain": "pixel"}, {"position": {"minX": 308.75, "minY": 109.875, "maxX": 404.75, "maxY": 158.375}, "class_id": 1, "box_caption": "vn_1_line 0.044", "scores": {"class_score": 0.04388427734375}, "domain": "pixel"}, {"position": {"minX": 458.5, "minY": 221.25, "maxX": 677.5, "maxY": 350.25}, "class_id": 2, "box_caption": "vn_2_line 0.044", "scores": {"class_score": 0.043792724609375}, "domain": "pixel"}, {"position": {"minX": 107.125, "minY": 7.921875, "maxX": 147.0, "maxY": 45.0}, "class_id": 2, "box_caption": "vn_2_line 0.044", "scores": {"class_score": 0.043609619140625}, "domain": "pixel"}, {"position": {"minX": 397.75, "minY": 221.0, "maxX": 613.0, "maxY": 350.0}, "class_id": 2, "box_caption": "vn_2_line 0.043", "scores": {"class_score": 0.043121337890625}, "domain": "pixel"}, {"position": {"minX": 57.46875, "minY": 197.25, "maxX": 182.75, "maxY": 249.0}, "class_id": 1, "box_caption": "vn_1_line 0.043", "scores": {"class_score": 0.043060302734375}, "domain": "pixel"}, {"position": {"minX": 166.5, "minY": 315.25, "maxX": 288.25, "maxY": 387.75}, "class_id": 1, "box_caption": "vn_1_line 0.043", "scores": {"class_score": 0.042694091796875}, "domain": "pixel"}, {"position": {"minX": 45.0625, "minY": 202.875, "maxX": 248.75, "maxY": 251.625}, "class_id": 1, "box_caption": "vn_1_line 0.042", "scores": {"class_score": 0.042449951171875}, "domain": "pixel"}, {"position": {"minX": 538.5, "minY": 199.375, "maxX": 648.5, "maxY": 322.5}, "class_id": 0, "box_caption": "lao 0.042", "scores": {"class_score": 0.042327880859375}, "domain": "pixel"}, {"position": {"minX": 490.0, "minY": 221.25, "maxX": 705.0, "maxY": 348.25}, "class_id": 1, "box_caption": "vn_1_line 0.042", "scores": {"class_score": 0.042327880859375}, "domain": "pixel"}, {"position": {"minX": 325.0, "minY": 86.25, "maxX": 437.5, "maxY": 139.75}, "class_id": 1, "box_caption": "vn_1_line 0.042", "scores": {"class_score": 0.042236328125}, "domain": "pixel"}, {"position": {"minX": 302.75, "minY": 256.75, "maxX": 520.0, "maxY": 380.75}, "class_id": 1, "box_caption": "vn_1_line 0.042", "scores": {"class_score": 0.04205322265625}, "domain": "pixel"}, {"position": {"minX": 270.0, "minY": 99.25, "maxX": 472.0, "maxY": 223.25}, "class_id": 1, "box_caption": "vn_1_line 0.042", "scores": {"class_score": 0.041961669921875}, "domain": "pixel"}, {"position": {"minX": 204.75, "minY": 174.5, "maxX": 416.25, "maxY": 286.25}, "class_id": 0, "box_caption": "lao 0.041", "scores": {"class_score": 0.041046142578125}, "domain": "pixel"}, {"position": {"minX": 335.75, "minY": 165.875, "maxX": 539.0, "maxY": 291.5}, "class_id": 0, "box_caption": "lao 0.041", "scores": {"class_score": 0.041046142578125}, "domain": "pixel"}, {"position": {"minX": -18.0625, "minY": 232.75, "maxX": 153.25, "maxY": 359.25}, "class_id": 1, "box_caption": "vn_1_line 0.041", "scores": {"class_score": 0.040863037109375}, "domain": "pixel"}, {"position": {"minX": 214.25, "minY": 148.0, "maxX": 408.75, "maxY": 250.5}, "class_id": 1, "box_caption": "vn_1_line 0.041", "scores": {"class_score": 0.04052734375}, "domain": "pixel"}, {"position": {"minX": 412.25, "minY": 194.375, "maxX": 550.5, "maxY": 300.0}, "class_id": 0, "box_caption": "lao 0.040", "scores": {"class_score": 0.04034423828125}, "domain": "pixel"}, {"position": {"minX": 0.09375, "minY": 6.390625, "maxX": 72.0, "maxY": 64.1875}, "class_id": 2, "box_caption": "vn_2_line 0.040", "scores": {"class_score": 0.0401611328125}, "domain": "pixel"}, {"position": {"minX": 455.5, "minY": 315.0, "maxX": 577.5, "maxY": 389.0}, "class_id": 1, "box_caption": "vn_1_line 0.040", "scores": {"class_score": 0.0400390625}, "domain": "pixel"}, {"position": {"minX": 221.75, "minY": 161.625, "maxX": 333.75, "maxY": 247.375}, "class_id": 1, "box_caption": "vn_1_line 0.040", "scores": {"class_score": 0.040008544921875}, "domain": "pixel"}, {"position": {"minX": 36.6875, "minY": 197.0, "maxX": 167.25, "maxY": 273.25}, "class_id": 1, "box_caption": "vn_1_line 0.040", "scores": {"class_score": 0.03997802734375}, "domain": "pixel"}, {"position": {"minX": 567.5, "minY": 251.25, "maxX": 680.5, "maxY": 363.75}, "class_id": 0, "box_caption": "lao 0.040", "scores": {"class_score": 0.03997802734375}, "domain": "pixel"}, {"position": {"minX": 5.59375, "minY": 198.625, "maxX": 111.25, "maxY": 246.625}, "class_id": 1, "box_caption": "vn_1_line 0.040", "scores": {"class_score": 0.039764404296875}, "domain": "pixel"}, {"position": {"minX": 438.5, "minY": 214.75, "maxX": 572.5, "maxY": 314.75}, "class_id": 0, "box_caption": "lao 0.040", "scores": {"class_score": 0.039581298828125}, "domain": "pixel"}, {"position": {"minX": 237.125, "minY": 252.75, "maxX": 453.0, "maxY": 381.75}, "class_id": 1, "box_caption": "vn_1_line 0.039", "scores": {"class_score": 0.039337158203125}, "domain": "pixel"}, {"position": {"minX": 407.5, "minY": 196.0, "maxX": 603.5, "maxY": 319.5}, "class_id": 1, "box_caption": "vn_1_line 0.039", "scores": {"class_score": 0.038970947265625}, "domain": "pixel"}, {"position": {"minX": 100.625, "minY": 209.375, "maxX": 326.5, "maxY": 317.25}, "class_id": 1, "box_caption": "vn_1_line 0.039", "scores": {"class_score": 0.0389404296875}, "domain": "pixel"}, {"position": {"minX": 296.75, "minY": 315.0, "maxX": 415.25, "maxY": 387.5}, "class_id": 1, "box_caption": "vn_1_line 0.038", "scores": {"class_score": 0.038299560546875}, "domain": "pixel"}, {"position": {"minX": 11.8125, "minY": 235.5, "maxX": 228.25, "maxY": 353.5}, "class_id": 0, "box_caption": "lao 0.038", "scores": {"class_score": 0.0382080078125}, "domain": "pixel"}, {"position": {"minX": 397.5, "minY": 93.5, "maxX": 611.5, "maxY": 224.0}, "class_id": 0, "box_caption": "lao 0.038", "scores": {"class_score": 0.03814697265625}, "domain": "pixel"}, {"position": {"minX": 494.5, "minY": 69.0625, "maxX": 704.5, "maxY": 184.75}, "class_id": 1, "box_caption": "vn_1_line 0.038", "scores": {"class_score": 0.037689208984375}, "domain": "pixel"}, {"position": {"minX": 554.5, "minY": 311.75, "maxX": 664.5, "maxY": 390.75}, "class_id": 0, "box_caption": "lao 0.038", "scores": {"class_score": 0.03753662109375}, "domain": "pixel"}, {"position": {"minX": 500.25, "minY": 135.875, "maxX": 703.0, "maxY": 252.875}, "class_id": 0, "box_caption": "lao 0.037", "scores": {"class_score": 0.037384033203125}, "domain": "pixel"}, {"position": {"minX": 76.25, "minY": 231.875, "maxX": 287.0, "maxY": 352.0}, "class_id": 0, "box_caption": "lao 0.037", "scores": {"class_score": 0.0372314453125}, "domain": "pixel"}, {"position": {"minX": 337.5, "minY": 75.8125, "maxX": 538.5, "maxY": 190.75}, "class_id": 1, "box_caption": "vn_1_line 0.037", "scores": {"class_score": 0.0369873046875}, "domain": "pixel"}, {"position": {"minX": 494.0, "minY": 95.125, "maxX": 703.0, "maxY": 218.625}, "class_id": 1, "box_caption": "vn_1_line 0.037", "scores": {"class_score": 0.036834716796875}, "domain": "pixel"}, {"position": {"minX": 100.375, "minY": 313.0, "maxX": 221.625, "maxY": 388.5}, "class_id": 1, "box_caption": "vn_1_line 0.037", "scores": {"class_score": 0.03680419921875}, "domain": "pixel"}, {"position": {"minX": 570.0, "minY": 289.0, "maxX": 680.0, "maxY": 388.5}, "class_id": 2, "box_caption": "vn_2_line 0.037", "scores": {"class_score": 0.0367431640625}, "domain": "pixel"}, {"position": {"minX": 400.0, "minY": 7.84375, "maxX": 559.5, "maxY": 127.0}, "class_id": 1, "box_caption": "vn_1_line 0.036", "scores": {"class_score": 0.036468505859375}, "domain": "pixel"}, {"position": {"minX": 486.5, "minY": 316.0, "maxX": 609.5, "maxY": 388.0}, "class_id": 1, "box_caption": "vn_1_line 0.036", "scores": {"class_score": 0.036346435546875}, "domain": "pixel"}, {"position": {"minX": 475.0, "minY": 39.0, "maxX": 660.0, "maxY": 158.0}, "class_id": 1, "box_caption": "vn_1_line 0.036", "scores": {"class_score": 0.03631591796875}, "domain": "pixel"}, {"position": {"minX": 94.875, "minY": 280.0, "maxX": 227.875, "maxY": 395.0}, "class_id": 0, "box_caption": "lao 0.036", "scores": {"class_score": 0.0360107421875}, "domain": "pixel"}, {"position": {"minX": 503.25, "minY": 201.5, "maxX": 690.0, "maxY": 313.0}, "class_id": 2, "box_caption": "vn_2_line 0.036", "scores": {"class_score": 0.035980224609375}, "domain": "pixel"}, {"position": {"minX": 448.25, "minY": 102.875, "maxX": 579.5, "maxY": 220.625}, "class_id": 0, "box_caption": "lao 0.036", "scores": {"class_score": 0.03594970703125}, "domain": "pixel"}, {"position": {"minX": 449.0, "minY": -2.71875, "maxX": 622.0, "maxY": 98.5}, "class_id": 0, "box_caption": "lao 0.036", "scores": {"class_score": 0.035919189453125}, "domain": "pixel"}, {"position": {"minX": 509.0, "minY": 85.1875, "maxX": 646.0, "maxY": 209.0}, "class_id": 0, "box_caption": "lao 0.036", "scores": {"class_score": 0.03564453125}, "domain": "pixel"}, {"position": {"minX": 62.75, "minY": 193.75, "maxX": 203.75, "maxY": 274.75}, "class_id": 1, "box_caption": "vn_1_line 0.036", "scores": {"class_score": 0.035614013671875}, "domain": "pixel"}, {"position": {"minX": 444.0, "minY": 239.25, "maxX": 582.0, "maxY": 373.75}, "class_id": 0, "box_caption": "lao 0.035", "scores": {"class_score": 0.035430908203125}, "domain": "pixel"}, {"position": {"minX": 424.25, "minY": 313.25, "maxX": 539.5, "maxY": 388.25}, "class_id": 0, "box_caption": "lao 0.035", "scores": {"class_score": 0.035308837890625}, "domain": "pixel"}, {"position": {"minX": 530.5, "minY": 2.1875, "maxX": 634.5, "maxY": 49.6875}, "class_id": 1, "box_caption": "vn_1_line 0.035", "scores": {"class_score": 0.035003662109375}, "domain": "pixel"}, {"position": {"minX": 384.5, "minY": 38.625, "maxX": 563.5, "maxY": 157.375}, "class_id": 1, "box_caption": "vn_1_line 0.035", "scores": {"class_score": 0.03485107421875}, "domain": "pixel"}, {"position": {"minX": 132.875, "minY": 313.0, "maxX": 254.375, "maxY": 388.0}, "class_id": 1, "box_caption": "vn_1_line 0.035", "scores": {"class_score": 0.0347900390625}, "domain": "pixel"}, {"position": {"minX": 496.25, "minY": 178.125, "maxX": 697.0, "maxY": 292.5}, "class_id": 1, "box_caption": "vn_1_line 0.034", "scores": {"class_score": 0.03448486328125}, "domain": "pixel"}, {"position": {"minX": 433.25, "minY": 172.375, "maxX": 635.0, "maxY": 292.5}, "class_id": 1, "box_caption": "vn_1_line 0.034", "scores": {"class_score": 0.034454345703125}, "domain": "pixel"}, {"position": {"minX": 375.0, "minY": 313.0, "maxX": 492.0, "maxY": 388.5}, "class_id": 0, "box_caption": "lao 0.034", "scores": {"class_score": 0.03436279296875}, "domain": "pixel"}, {"position": {"minX": 505.25, "minY": -1.1875, "maxX": 615.5, "maxY": 62.875}, "class_id": 1, "box_caption": "vn_1_line 0.034", "scores": {"class_score": 0.0343017578125}, "domain": "pixel"}, {"position": {"minX": 436.0, "minY": 65.25, "maxX": 638.0, "maxY": 190.5}, "class_id": 1, "box_caption": "vn_1_line 0.034", "scores": {"class_score": 0.0341796875}, "domain": "pixel"}, {"position": {"minX": 397.75, "minY": 221.0, "maxX": 613.0, "maxY": 350.0}, "class_id": 1, "box_caption": "vn_1_line 0.034", "scores": {"class_score": 0.034149169921875}, "domain": "pixel"}, {"position": {"minX": 171.75, "minY": 256.25, "maxX": 391.25, "maxY": 383.75}, "class_id": 1, "box_caption": "vn_1_line 0.034", "scores": {"class_score": 0.034149169921875}, "domain": "pixel"}, {"position": {"minX": 179.0, "minY": 176.25, "maxX": 378.5, "maxY": 287.5}, "class_id": 1, "box_caption": "vn_1_line 0.034", "scores": {"class_score": 0.033721923828125}, "domain": "pixel"}, {"position": {"minX": 384.5, "minY": 38.625, "maxX": 563.5, "maxY": 157.375}, "class_id": 2, "box_caption": "vn_2_line 0.033", "scores": {"class_score": 0.033447265625}, "domain": "pixel"}, {"position": {"minX": 26.71875, "minY": 196.875, "maxX": 150.5, "maxY": 248.625}, "class_id": 1, "box_caption": "vn_1_line 0.033", "scores": {"class_score": 0.03314208984375}, "domain": "pixel"}, {"position": {"minX": 474.25, "minY": 233.5, "maxX": 615.5, "maxY": 378.5}, "class_id": 0, "box_caption": "lao 0.033", "scores": {"class_score": 0.0330810546875}, "domain": "pixel"}, {"position": {"minX": 345.75, "minY": 64.5, "maxX": 522.0, "maxY": 157.625}, "class_id": 0, "box_caption": "lao 0.033", "scores": {"class_score": 0.03277587890625}, "domain": "pixel"}, {"position": {"minX": 415.75, "minY": 224.625, "maxX": 548.0, "maxY": 354.5}, "class_id": 0, "box_caption": "lao 0.033", "scores": {"class_score": 0.03271484375}, "domain": "pixel"}, {"position": {"minX": 162.125, "minY": 166.125, "maxX": 344.0, "maxY": 219.875}, "class_id": 1, "box_caption": "vn_1_line 0.033", "scores": {"class_score": 0.032684326171875}, "domain": "pixel"}, {"position": {"minX": 169.625, "minY": 3.40625, "maxX": 283.5, "maxY": 95.0}, "class_id": 0, "box_caption": "lao 0.033", "scores": {"class_score": 0.032562255859375}, "domain": "pixel"}, {"position": {"minX": 501.75, "minY": 22.96875, "maxX": 693.0, "maxY": 127.75}, "class_id": 1, "box_caption": "vn_1_line 0.033", "scores": {"class_score": 0.032562255859375}, "domain": "pixel"}, {"position": {"minX": 11.8125, "minY": 235.5, "maxX": 228.25, "maxY": 353.5}, "class_id": 1, "box_caption": "vn_1_line 0.033", "scores": {"class_score": 0.032501220703125}, "domain": "pixel"}, {"position": {"minX": 18.5, "minY": 264.25, "maxX": 226.25, "maxY": 382.75}, "class_id": 1, "box_caption": "vn_1_line 0.032", "scores": {"class_score": 0.03228759765625}, "domain": "pixel"}, {"position": {"minX": 231.0, "minY": 314.75, "maxX": 351.0, "maxY": 388.25}, "class_id": 1, "box_caption": "vn_1_line 0.032", "scores": {"class_score": 0.0322265625}, "domain": "pixel"}, {"position": {"minX": 171.75, "minY": 256.25, "maxX": 391.25, "maxY": 383.75}, "class_id": 2, "box_caption": "vn_2_line 0.032", "scores": {"class_score": 0.0322265625}, "domain": "pixel"}, {"position": {"minX": -2.203125, "minY": -5.28125, "maxX": 56.9375, "maxY": 55.59375}, "class_id": 0, "box_caption": "lao 0.032", "scores": {"class_score": 0.031829833984375}, "domain": "pixel"}, {"position": {"minX": 245.0, "minY": 137.5, "maxX": 442.0, "maxY": 256.5}, "class_id": 0, "box_caption": "lao 0.032", "scores": {"class_score": 0.03173828125}, "domain": "pixel"}, {"position": {"minX": 417.5, "minY": -16.15625, "maxX": 520.0, "maxY": 90.375}, "class_id": 0, "box_caption": "lao 0.032", "scores": {"class_score": 0.031585693359375}, "domain": "pixel"}, {"position": {"minX": 100.625, "minY": 209.375, "maxX": 326.5, "maxY": 317.25}, "class_id": 0, "box_caption": "lao 0.031", "scores": {"class_score": 0.031494140625}, "domain": "pixel"}, {"position": {"minX": 399.25, "minY": 64.625, "maxX": 534.5, "maxY": 169.375}, "class_id": 0, "box_caption": "lao 0.031", "scores": {"class_score": 0.031463623046875}, "domain": "pixel"}, {"position": {"minX": 407.5, "minY": 196.0, "maxX": 603.5, "maxY": 319.5}, "class_id": 2, "box_caption": "vn_2_line 0.031", "scores": {"class_score": 0.031463623046875}, "domain": "pixel"}, {"position": {"minX": 566.5, "minY": 217.75, "maxX": 681.5, "maxY": 330.75}, "class_id": 2, "box_caption": "vn_2_line 0.031", "scores": {"class_score": 0.031402587890625}, "domain": "pixel"}, {"position": {"minX": 345.75, "minY": 64.5, "maxX": 522.0, "maxY": 157.625}, "class_id": 1, "box_caption": "vn_1_line 0.031", "scores": {"class_score": 0.030975341796875}, "domain": "pixel"}, {"position": {"minX": 435.25, "minY": 133.5, "maxX": 641.5, "maxY": 254.0}, "class_id": 0, "box_caption": "lao 0.030", "scores": {"class_score": 0.0301055908203125}, "domain": "pixel"}, {"position": {"minX": 227.5, "minY": 131.75, "maxX": 396.0, "maxY": 216.5}, "class_id": 0, "box_caption": "lao 0.030", "scores": {"class_score": 0.0300140380859375}, "domain": "pixel"}, {"position": {"minX": 201.0, "minY": 314.75, "maxX": 315.5, "maxY": 387.75}, "class_id": 0, "box_caption": "lao 0.030", "scores": {"class_score": 0.02996826171875}, "domain": "pixel"}, {"position": {"minX": 514.5, "minY": -0.90625, "maxX": 683.5, "maxY": 98.0}, "class_id": 0, "box_caption": "lao 0.030", "scores": {"class_score": 0.029876708984375}, "domain": "pixel"}, {"position": {"minX": 472.75, "minY": 0.46875, "maxX": 585.0, "maxY": 63.71875}, "class_id": 1, "box_caption": "vn_1_line 0.030", "scores": {"class_score": 0.0298614501953125}, "domain": "pixel"}, {"position": {"minX": 555.5, "minY": 312.75, "maxX": 667.5, "maxY": 390.25}, "class_id": 1, "box_caption": "vn_1_line 0.030", "scores": {"class_score": 0.0298309326171875}, "domain": "pixel"}, {"position": {"minX": 76.25, "minY": 231.875, "maxX": 287.0, "maxY": 352.0}, "class_id": 1, "box_caption": "vn_1_line 0.029", "scores": {"class_score": 0.0294342041015625}, "domain": "pixel"}, {"position": {"minX": 265.0, "minY": 311.25, "maxX": 379.0, "maxY": 389.25}, "class_id": 1, "box_caption": "vn_1_line 0.029", "scores": {"class_score": 0.0293121337890625}, "domain": "pixel"}, {"position": {"minX": 313.0, "minY": 313.5, "maxX": 427.0, "maxY": 389.0}, "class_id": 0, "box_caption": "lao 0.029", "scores": {"class_score": 0.0291595458984375}, "domain": "pixel"}, {"position": {"minX": 463.25, "minY": 44.5, "maxX": 597.0, "maxY": 154.75}, "class_id": 0, "box_caption": "lao 0.029", "scores": {"class_score": 0.0291290283203125}, "domain": "pixel"}, {"position": {"minX": 454.25, "minY": 312.5, "maxX": 574.0, "maxY": 390.5}, "class_id": 0, "box_caption": "lao 0.029", "scores": {"class_score": 0.0291290283203125}, "domain": "pixel"}, {"position": {"minX": 402.25, "minY": 30.78125, "maxX": 532.0, "maxY": 138.5}, "class_id": 0, "box_caption": "lao 0.029", "scores": {"class_score": 0.0288543701171875}, "domain": "pixel"}, {"position": {"minX": 436.0, "minY": 65.25, "maxX": 638.0, "maxY": 190.5}, "class_id": 2, "box_caption": "vn_2_line 0.029", "scores": {"class_score": 0.028839111328125}, "domain": "pixel"}, {"position": {"minX": 532.0, "minY": 172.0, "maxX": 698.0, "maxY": 293.5}, "class_id": 2, "box_caption": "vn_2_line 0.029", "scores": {"class_score": 0.0288238525390625}, "domain": "pixel"}, {"position": {"minX": 4.3125, "minY": 210.25, "maxX": 233.75, "maxY": 314.75}, "class_id": 0, "box_caption": "lao 0.029", "scores": {"class_score": 0.0286407470703125}, "domain": "pixel"}, {"position": {"minX": 71.4375, "minY": 260.0, "maxX": 295.0, "maxY": 385.0}, "class_id": 1, "box_caption": "vn_1_line 0.028", "scores": {"class_score": 0.0284423828125}, "domain": "pixel"}, {"position": {"minX": 441.5, "minY": 16.78125, "maxX": 629.5, "maxY": 129.375}, "class_id": 1, "box_caption": "vn_1_line 0.028", "scores": {"class_score": 0.02825927734375}, "domain": "pixel"}, {"position": {"minX": 5.0, "minY": 313.0, "maxX": 125.875, "maxY": 389.5}, "class_id": 0, "box_caption": "lao 0.028", "scores": {"class_score": 0.0282440185546875}, "domain": "pixel"}, {"position": {"minX": 504.25, "minY": 312.0, "maxX": 620.0, "maxY": 390.5}, "class_id": 0, "box_caption": "lao 0.028", "scores": {"class_score": 0.0282440185546875}, "domain": "pixel"}, {"position": {"minX": 371.5, "minY": 134.5, "maxX": 575.0, "maxY": 260.0}, "class_id": 0, "box_caption": "lao 0.028", "scores": {"class_score": 0.0281524658203125}, "domain": "pixel"}, {"position": {"minX": 491.25, "minY": 295.5, "maxX": 682.5, "maxY": 389.5}, "class_id": 0, "box_caption": "lao 0.028", "scores": {"class_score": 0.027801513671875}, "domain": "pixel"}, {"position": {"minX": 116.875, "minY": 180.25, "maxX": 246.375, "maxY": 258.75}, "class_id": 1, "box_caption": "vn_1_line 0.028", "scores": {"class_score": 0.02777099609375}, "domain": "pixel"}, {"position": {"minX": 529.0, "minY": 64.0, "maxX": 702.0, "maxY": 193.25}, "class_id": 2, "box_caption": "vn_2_line 0.028", "scores": {"class_score": 0.02764892578125}, "domain": "pixel"}, {"position": {"minX": 316.75, "minY": 85.375, "maxX": 483.25, "maxY": 153.5}, "class_id": 0, "box_caption": "lao 0.028", "scores": {"class_score": 0.027618408203125}, "domain": "pixel"}, {"position": {"minX": 4.59375, "minY": -1.9921875, "maxX": 47.0625, "maxY": 22.5625}, "class_id": 0, "box_caption": "lao 0.028", "scores": {"class_score": 0.027557373046875}, "domain": "pixel"}, {"position": {"minX": 207.125, "minY": 153.375, "maxX": 299.25, "maxY": 198.375}, "class_id": 1, "box_caption": "vn_1_line 0.027", "scores": {"class_score": 0.027435302734375}, "domain": "pixel"}, {"position": {"minX": 414.5, "minY": 11.34375, "maxX": 595.5, "maxY": 126.75}, "class_id": 2, "box_caption": "vn_2_line 0.027", "scores": {"class_score": 0.0273590087890625}, "domain": "pixel"}, {"position": {"minX": 567.5, "minY": 251.25, "maxX": 680.5, "maxY": 363.75}, "class_id": 2, "box_caption": "vn_2_line 0.027", "scores": {"class_score": 0.0270538330078125}, "domain": "pixel"}, {"position": {"minX": 242.75, "minY": 171.375, "maxX": 444.25, "maxY": 289.25}, "class_id": 1, "box_caption": "vn_1_line 0.027", "scores": {"class_score": 0.0270538330078125}, "domain": "pixel"}, {"position": {"minX": 522.5, "minY": 313.75, "maxX": 638.5, "maxY": 390.75}, "class_id": 1, "box_caption": "vn_1_line 0.027", "scores": {"class_score": 0.02703857421875}, "domain": "pixel"}, {"position": {"minX": 430.25, "minY": 54.28125, "maxX": 565.0, "maxY": 177.25}, "class_id": 0, "box_caption": "lao 0.027", "scores": {"class_score": 0.0269317626953125}, "domain": "pixel"}, {"position": {"minX": 254.75, "minY": 183.5, "maxX": 388.75, "maxY": 302.25}, "class_id": 0, "box_caption": "lao 0.027", "scores": {"class_score": 0.0268402099609375}, "domain": "pixel"}, {"position": {"minX": 188.5, "minY": 157.5, "maxX": 362.5, "maxY": 247.75}, "class_id": 0, "box_caption": "lao 0.027", "scores": {"class_score": 0.0266571044921875}, "domain": "pixel"}, {"position": {"minX": 55.8125, "minY": 315.25, "maxX": 173.0, "maxY": 386.75}, "class_id": 0, "box_caption": "lao 0.027", "scores": {"class_score": 0.026611328125}, "domain": "pixel"}, {"position": {"minX": 397.5, "minY": 93.5, "maxX": 611.5, "maxY": 224.0}, "class_id": 1, "box_caption": "vn_1_line 0.026", "scores": {"class_score": 0.0264739990234375}, "domain": "pixel"}, {"position": {"minX": 372.5, "minY": 167.0, "maxX": 569.5, "maxY": 292.0}, "class_id": 1, "box_caption": "vn_1_line 0.026", "scores": {"class_score": 0.02630615234375}, "domain": "pixel"}, {"position": {"minX": 366.0, "minY": 293.75, "maxX": 555.5, "maxY": 392.75}, "class_id": 1, "box_caption": "vn_1_line 0.026", "scores": {"class_score": 0.026092529296875}, "domain": "pixel"}, {"position": {"minX": 190.25, "minY": 10.8125, "maxX": 259.0, "maxY": 93.5}, "class_id": 2, "box_caption": "vn_2_line 0.026", "scores": {"class_score": 0.02587890625}, "domain": "pixel"}, {"position": {"minX": 285.75, "minY": 196.875, "maxX": 420.25, "maxY": 319.0}, "class_id": 0, "box_caption": "lao 0.026", "scores": {"class_score": 0.0258636474609375}, "domain": "pixel"}, {"position": {"minX": 521.5, "minY": 57.375, "maxX": 650.5, "maxY": 153.5}, "class_id": 0, "box_caption": "lao 0.026", "scores": {"class_score": 0.0257568359375}, "domain": "pixel"}, {"position": {"minX": 142.125, "minY": 225.25, "maxX": 353.0, "maxY": 356.25}, "class_id": 1, "box_caption": "vn_1_line 0.026", "scores": {"class_score": 0.0257415771484375}, "domain": "pixel"}, {"position": {"minX": 280.5, "minY": 312.25, "maxX": 395.5, "maxY": 388.75}, "class_id": 0, "box_caption": "lao 0.026", "scores": {"class_score": 0.0255584716796875}, "domain": "pixel"}, {"position": {"minX": 572.5, "minY": 124.8125, "maxX": 677.5, "maxY": 230.0}, "class_id": 0, "box_caption": "lao 0.026", "scores": {"class_score": 0.0255126953125}, "domain": "pixel"}, {"position": {"minX": 338.0, "minY": 189.375, "maxX": 543.0, "maxY": 321.5}, "class_id": 2, "box_caption": "vn_2_line 0.025", "scores": {"class_score": 0.025421142578125}, "domain": "pixel"}, {"position": {"minX": 59.1875, "minY": 219.75, "maxX": 185.75, "maxY": 304.25}, "class_id": 1, "box_caption": "vn_1_line 0.025", "scores": {"class_score": 0.0253448486328125}, "domain": "pixel"}, {"position": {"minX": 475.5, "minY": 198.25, "maxX": 584.5, "maxY": 301.25}, "class_id": 0, "box_caption": "lao 0.025", "scores": {"class_score": 0.02520751953125}, "domain": "pixel"}, {"position": {"minX": 209.25, "minY": 191.375, "maxX": 415.25, "maxY": 323.5}, "class_id": 1, "box_caption": "vn_1_line 0.025", "scores": {"class_score": 0.025177001953125}, "domain": "pixel"}, {"position": {"minX": 311.0, "minY": 78.25, "maxX": 438.5, "maxY": 170.375}, "class_id": 1, "box_caption": "vn_1_line 0.025", "scores": {"class_score": 0.0251617431640625}, "domain": "pixel"}, {"position": {"minX": 45.4375, "minY": 262.0, "maxX": 260.0, "maxY": 383.0}, "class_id": 2, "box_caption": "vn_2_line 0.025", "scores": {"class_score": 0.0250244140625}, "domain": "pixel"}, {"position": {"minX": 289.25, "minY": 102.6875, "maxX": 383.75, "maxY": 157.125}, "class_id": 1, "box_caption": "vn_1_line 0.025", "scores": {"class_score": 0.0248870849609375}, "domain": "pixel"}, {"position": {"minX": 249.75, "minY": 311.75, "maxX": 362.25, "maxY": 388.75}, "class_id": 0, "box_caption": "lao 0.025", "scores": {"class_score": 0.0247344970703125}, "domain": "pixel"}, {"position": {"minX": 446.5, "minY": 179.875, "maxX": 582.5, "maxY": 282.0}, "class_id": 0, "box_caption": "lao 0.025", "scores": {"class_score": 0.02471923828125}, "domain": "pixel"}, {"position": {"minX": 101.9375, "minY": 2.5, "maxX": 149.75, "maxY": 50.25}, "class_id": 1, "box_caption": "vn_1_line 0.025", "scores": {"class_score": 0.0247039794921875}, "domain": "pixel"}, {"position": {"minX": 442.0, "minY": 36.71875, "maxX": 631.0, "maxY": 158.625}, "class_id": 2, "box_caption": "vn_2_line 0.025", "scores": {"class_score": 0.024658203125}, "domain": "pixel"}, {"position": {"minX": 533.0, "minY": 188.75, "maxX": 694.0, "maxY": 323.25}, "class_id": 1, "box_caption": "vn_1_line 0.024", "scores": {"class_score": 0.02447509765625}, "domain": "pixel"}, {"position": {"minX": 296.25, "minY": 219.25, "maxX": 520.0, "maxY": 357.25}, "class_id": 2, "box_caption": "vn_2_line 0.024", "scores": {"class_score": 0.0244140625}, "domain": "pixel"}, {"position": {"minX": 338.0, "minY": 189.375, "maxX": 543.0, "maxY": 321.5}, "class_id": 1, "box_caption": "vn_1_line 0.024", "scores": {"class_score": 0.0243988037109375}, "domain": "pixel"}, {"position": {"minX": 449.0, "minY": -2.71875, "maxX": 622.0, "maxY": 98.5}, "class_id": 1, "box_caption": "vn_1_line 0.024", "scores": {"class_score": 0.024383544921875}, "domain": "pixel"}, {"position": {"minX": 329.5, "minY": 103.625, "maxX": 552.0, "maxY": 221.625}, "class_id": 1, "box_caption": "vn_1_line 0.024", "scores": {"class_score": 0.024383544921875}, "domain": "pixel"}, {"position": {"minX": 330.5, "minY": 221.25, "maxX": 552.0, "maxY": 356.25}, "class_id": 1, "box_caption": "vn_1_line 0.024", "scores": {"class_score": 0.02435302734375}, "domain": "pixel"}, {"position": {"minX": 83.375, "minY": 197.125, "maxX": 275.5, "maxY": 275.5}, "class_id": 0, "box_caption": "lao 0.024", "scores": {"class_score": 0.024322509765625}, "domain": "pixel"}, {"position": {"minX": 571.0, "minY": 23.3125, "maxX": 679.0, "maxY": 116.8125}, "class_id": 0, "box_caption": "lao 0.024", "scores": {"class_score": 0.0242767333984375}, "domain": "pixel"}, {"position": {"minX": -5.4453125, "minY": -1.8125, "maxX": 34.46875, "maxY": 32.40625}, "class_id": 0, "box_caption": "lao 0.024", "scores": {"class_score": 0.024200439453125}, "domain": "pixel"}, {"position": {"minX": -11.8125, "minY": 240.0, "maxX": 113.5625, "maxY": 342.5}, "class_id": 0, "box_caption": "lao 0.024", "scores": {"class_score": 0.024139404296875}, "domain": "pixel"}, {"position": {"minX": 478.5, "minY": 99.375, "maxX": 611.5, "maxY": 225.875}, "class_id": 0, "box_caption": "lao 0.024", "scores": {"class_score": 0.0239715576171875}, "domain": "pixel"}, {"position": {"minX": 22.15625, "minY": 208.625, "maxX": 115.125, "maxY": 257.25}, "class_id": 1, "box_caption": "vn_1_line 0.024", "scores": {"class_score": 0.0239410400390625}, "domain": "pixel"}, {"position": {"minX": 526.0, "minY": 260.25, "maxX": 647.0, "maxY": 364.75}, "class_id": 0, "box_caption": "lao 0.024", "scores": {"class_score": 0.0238494873046875}, "domain": "pixel"}, {"position": {"minX": 399.75, "minY": 178.0, "maxX": 531.0, "maxY": 281.0}, "class_id": 0, "box_caption": "lao 0.024", "scores": {"class_score": 0.0238037109375}, "domain": "pixel"}, {"position": {"minX": 0.09375, "minY": 6.390625, "maxX": 72.0, "maxY": 64.1875}, "class_id": 0, "box_caption": "lao 0.024", "scores": {"class_score": 0.023773193359375}, "domain": "pixel"}, {"position": {"minX": 104.875, "minY": 260.0, "maxX": 331.0, "maxY": 385.0}, "class_id": 2, "box_caption": "vn_2_line 0.024", "scores": {"class_score": 0.0236968994140625}, "domain": "pixel"}, {"position": {"minX": 442.75, "minY": 0.5625, "maxX": 555.5, "maxY": 69.1875}, "class_id": 1, "box_caption": "vn_1_line 0.024", "scores": {"class_score": 0.0236358642578125}, "domain": "pixel"}, {"position": {"minX": 494.0, "minY": 95.125, "maxX": 703.0, "maxY": 218.625}, "class_id": 2, "box_caption": "vn_2_line 0.024", "scores": {"class_score": 0.0235748291015625}, "domain": "pixel"}, {"position": {"minX": 185.125, "minY": 180.5, "maxX": 311.5, "maxY": 283.5}, "class_id": 1, "box_caption": "vn_1_line 0.024", "scores": {"class_score": 0.0235443115234375}, "domain": "pixel"}, {"position": {"minX": 269.25, "minY": 185.625, "maxX": 481.75, "maxY": 325.5}, "class_id": 1, "box_caption": "vn_1_line 0.023", "scores": {"class_score": 0.02349853515625}, "domain": "pixel"}, {"position": {"minX": 303.75, "minY": 142.125, "maxX": 509.75, "maxY": 258.0}, "class_id": 0, "box_caption": "lao 0.023", "scores": {"class_score": 0.0232086181640625}, "domain": "pixel"}, {"position": {"minX": 426.0, "minY": 293.25, "maxX": 621.0, "maxY": 391.75}, "class_id": 1, "box_caption": "vn_1_line 0.023", "scores": {"class_score": 0.02313232421875}, "domain": "pixel"}, {"position": {"minX": 500.5, "minY": 39.78125, "maxX": 698.5, "maxY": 156.0}, "class_id": 2, "box_caption": "vn_2_line 0.023", "scores": {"class_score": 0.0229644775390625}, "domain": "pixel"}, {"position": {"minX": -17.9375, "minY": 210.125, "maxX": 184.0, "maxY": 277.0}, "class_id": 0, "box_caption": "lao 0.023", "scores": {"class_score": 0.02288818359375}, "domain": "pixel"}, {"position": {"minX": 239.625, "minY": 186.5, "maxX": 451.5, "maxY": 325.25}, "class_id": 2, "box_caption": "vn_2_line 0.023", "scores": {"class_score": 0.02288818359375}, "domain": "pixel"}, {"position": {"minX": 300.5, "minY": 295.25, "maxX": 491.5, "maxY": 392.25}, "class_id": 1, "box_caption": "vn_1_line 0.023", "scores": {"class_score": 0.022552490234375}, "domain": "pixel"}, {"position": {"minX": 371.75, "minY": 72.125, "maxX": 572.0, "maxY": 187.125}, "class_id": 2, "box_caption": "vn_2_line 0.022", "scores": {"class_score": 0.022491455078125}, "domain": "pixel"}, {"position": {"minX": 320.0, "minY": 176.125, "maxX": 452.0, "maxY": 283.0}, "class_id": 0, "box_caption": "lao 0.022", "scores": {"class_score": 0.0223236083984375}, "domain": "pixel"}, {"position": {"minX": 514.5, "minY": -0.90625, "maxX": 683.5, "maxY": 98.0}, "class_id": 1, "box_caption": "vn_1_line 0.022", "scores": {"class_score": 0.022308349609375}, "domain": "pixel"}, {"position": {"minX": 527.5, "minY": 275.25, "maxX": 659.5, "maxY": 399.75}, "class_id": 2, "box_caption": "vn_2_line 0.022", "scores": {"class_score": 0.02227783203125}, "domain": "pixel"}, {"position": {"minX": 5.625, "minY": 220.5, "maxX": 119.5, "maxY": 316.5}, "class_id": 0, "box_caption": "lao 0.022", "scores": {"class_score": 0.0222320556640625}, "domain": "pixel"}, {"position": {"minX": 167.5, "minY": 313.5, "maxX": 283.75, "maxY": 388.0}, "class_id": 0, "box_caption": "lao 0.022", "scores": {"class_score": 0.0220947265625}, "domain": "pixel"}, {"position": {"minX": 259.75, "minY": 105.125, "maxX": 424.25, "maxY": 215.875}, "class_id": 2, "box_caption": "vn_2_line 0.022", "scores": {"class_score": 0.0219268798828125}, "domain": "pixel"}, {"position": {"minX": 576.0, "minY": 76.5, "maxX": 678.0, "maxY": 166.75}, "class_id": 0, "box_caption": "lao 0.022", "scores": {"class_score": 0.021636962890625}, "domain": "pixel"}, {"position": {"minX": -5.28125, "minY": -5.84375, "maxX": 76.25, "maxY": 81.375}, "class_id": 0, "box_caption": "lao 0.022", "scores": {"class_score": 0.0216064453125}, "domain": "pixel"}, {"position": {"minX": 189.375, "minY": 153.75, "maxX": 310.75, "maxY": 224.5}, "class_id": 1, "box_caption": "vn_1_line 0.022", "scores": {"class_score": 0.0215911865234375}, "domain": "pixel"}, {"position": {"minX": 206.125, "minY": 187.75, "maxX": 340.0, "maxY": 300.5}, "class_id": 0, "box_caption": "lao 0.022", "scores": {"class_score": 0.0215606689453125}, "domain": "pixel"}, {"position": {"minX": 344.0, "minY": 84.6875, "maxX": 463.0, "maxY": 185.25}, "class_id": 0, "box_caption": "lao 0.021", "scores": {"class_score": 0.021148681640625}, "domain": "pixel"}, {"position": {"minX": 50.75, "minY": 301.5, "maxX": 218.75, "maxY": 390.0}, "class_id": 1, "box_caption": "vn_1_line 0.021", "scores": {"class_score": 0.021026611328125}, "domain": "pixel"}, {"position": {"minX": 473.0, "minY": 18.21875, "maxX": 661.0, "maxY": 129.75}, "class_id": 2, "box_caption": "vn_2_line 0.021", "scores": {"class_score": 0.0209197998046875}, "domain": "pixel"}, {"position": {"minX": 329.5, "minY": 103.625, "maxX": 552.0, "maxY": 221.625}, "class_id": 0, "box_caption": "lao 0.021", "scores": {"class_score": 0.0207977294921875}, "domain": "pixel"}, {"position": {"minX": 538.0, "minY": 243.75, "maxX": 667.0, "maxY": 350.25}, "class_id": 0, "box_caption": "lao 0.021", "scores": {"class_score": 0.0207366943359375}, "domain": "pixel"}, {"position": {"minX": 500.25, "minY": 135.875, "maxX": 703.0, "maxY": 252.875}, "class_id": 1, "box_caption": "vn_1_line 0.021", "scores": {"class_score": 0.0205841064453125}, "domain": "pixel"}, {"position": {"minX": 270.75, "minY": 144.75, "maxX": 479.75, "maxY": 253.0}, "class_id": 1, "box_caption": "vn_1_line 0.021", "scores": {"class_score": 0.0205230712890625}, "domain": "pixel"}, {"position": {"minX": 335.25, "minY": 211.5, "maxX": 467.75, "maxY": 338.0}, "class_id": 0, "box_caption": "lao 0.020", "scores": {"class_score": 0.0204925537109375}, "domain": "pixel"}], "class_labels": {"0": "lao", "1": "vn_1_line", "2": "vn_2_line"}}