{"box_data": [{"position": {"minX": 256.0, "minY": 107.25, "maxX": 326.5, "maxY": 164.75}, "class_id": 0, "box_caption": "lao 0.863", "scores": {"class_score": 0.86279296875}, "domain": "pixel"}, {"position": {"minX": 264.25, "minY": 115.875, "maxX": 319.25, "maxY": 155.125}, "class_id": 0, "box_caption": "lao 0.744", "scores": {"class_score": 0.744140625}, "domain": "pixel"}, {"position": {"minX": 203.375, "minY": -0.96875, "maxX": 342.0, "maxY": 96.625}, "class_id": 0, "box_caption": "lao 0.266", "scores": {"class_score": 0.266357421875}, "domain": "pixel"}, {"position": {"minX": 275.25, "minY": 3.65625, "maxX": 390.75, "maxY": 93.875}, "class_id": 0, "box_caption": "lao 0.232", "scores": {"class_score": 0.2315673828125}, "domain": "pixel"}, {"position": {"minX": 500.25, "minY": 221.625, "maxX": 643.5, "maxY": 318.75}, "class_id": 0, "box_caption": "lao 0.160", "scores": {"class_score": 0.15966796875}, "domain": "pixel"}, {"position": {"minX": 387.0, "minY": 308.25, "maxX": 490.0, "maxY": 367.75}, "class_id": 1, "box_caption": "vn_1_line 0.153", "scores": {"class_score": 0.15283203125}, "domain": "pixel"}, {"position": {"minX": 45.375, "minY": 87.125, "maxX": 187.625, "maxY": 190.375}, "class_id": 0, "box_caption": "lao 0.137", "scores": {"class_score": 0.137451171875}, "domain": "pixel"}, {"position": {"minX": 68.125, "minY": 245.5, "maxX": 217.375, "maxY": 356.0}, "class_id": 0, "box_caption": "lao 0.132", "scores": {"class_score": 0.1324462890625}, "domain": "pixel"}, {"position": {"minX": 458.0, "minY": -5.203125, "maxX": 544.0, "maxY": 59.3125}, "class_id": 0, "box_caption": "lao 0.132", "scores": {"class_score": 0.13232421875}, "domain": "pixel"}, {"position": {"minX": 470.0, "minY": 252.5, "maxX": 606.0, "maxY": 350.0}, "class_id": 0, "box_caption": "lao 0.131", "scores": {"class_score": 0.130859375}, "domain": "pixel"}, {"position": {"minX": 414.75, "minY": 300.5, "maxX": 521.0, "maxY": 367.0}, "class_id": 1, "box_caption": "vn_1_line 0.118", "scores": {"class_score": 0.11846923828125}, "domain": "pixel"}, {"position": {"minX": 357.25, "minY": 311.0, "maxX": 462.75, "maxY": 368.5}, "class_id": 1, "box_caption": "vn_1_line 0.115", "scores": {"class_score": 0.114501953125}, "domain": "pixel"}, {"position": {"minX": 447.75, "minY": -10.59375, "maxX": 560.5, "maxY": 87.0}, "class_id": 0, "box_caption": "lao 0.113", "scores": {"class_score": 0.11297607421875}, "domain": "pixel"}, {"position": {"minX": 203.0, "minY": 17.3125, "maxX": 295.5, "maxY": 91.8125}, "class_id": 0, "box_caption": "lao 0.107", "scores": {"class_score": 0.10693359375}, "domain": "pixel"}, {"position": {"minX": 323.75, "minY": 312.25, "maxX": 427.25, "maxY": 370.25}, "class_id": 1, "box_caption": "vn_1_line 0.099", "scores": {"class_score": 0.09912109375}, "domain": "pixel"}, {"position": {"minX": 7.5625, "minY": 230.75, "maxX": 178.75, "maxY": 349.25}, "class_id": 0, "box_caption": "lao 0.099", "scores": {"class_score": 0.09906005859375}, "domain": "pixel"}, {"position": {"minX": 292.25, "minY": 313.75, "maxX": 394.25, "maxY": 369.75}, "class_id": 1, "box_caption": "vn_1_line 0.097", "scores": {"class_score": 0.09686279296875}, "domain": "pixel"}, {"position": {"minX": 225.5, "minY": 309.75, "maxX": 331.0, "maxY": 368.25}, "class_id": 1, "box_caption": "vn_1_line 0.096", "scores": {"class_score": 0.09552001953125}, "domain": "pixel"}, {"position": {"minX": 260.25, "minY": 311.5, "maxX": 361.75, "maxY": 370.0}, "class_id": 1, "box_caption": "vn_1_line 0.094", "scores": {"class_score": 0.093994140625}, "domain": "pixel"}, {"position": {"minX": 75.9375, "minY": 95.8125, "maxX": 182.5, "maxY": 154.0}, "class_id": 1, "box_caption": "vn_1_line 0.087", "scores": {"class_score": 0.08685302734375}, "domain": "pixel"}, {"position": {"minX": 470.25, "minY": -11.875, "maxX": 573.0, "maxY": 69.0}, "class_id": 0, "box_caption": "lao 0.083", "scores": {"class_score": 0.0833740234375}, "domain": "pixel"}, {"position": {"minX": 530.5, "minY": 193.5, "maxX": 652.5, "maxY": 294.25}, "class_id": 0, "box_caption": "lao 0.083", "scores": {"class_score": 0.0831298828125}, "domain": "pixel"}, {"position": {"minX": 192.875, "minY": 304.25, "maxX": 299.0, "maxY": 368.75}, "class_id": 1, "box_caption": "vn_1_line 0.081", "scores": {"class_score": 0.08099365234375}, "domain": "pixel"}, {"position": {"minX": 275.25, "minY": 3.65625, "maxX": 390.75, "maxY": 93.875}, "class_id": 1, "box_caption": "vn_1_line 0.068", "scores": {"class_score": 0.0677490234375}, "domain": "pixel"}, {"position": {"minX": 6.625, "minY": 114.125, "maxX": 174.625, "maxY": 220.125}, "class_id": 0, "box_caption": "lao 0.065", "scores": {"class_score": 0.06451416015625}, "domain": "pixel"}, {"position": {"minX": 99.9375, "minY": 260.5, "maxX": 239.75, "maxY": 360.5}, "class_id": 0, "box_caption": "lao 0.064", "scores": {"class_score": 0.06439208984375}, "domain": "pixel"}, {"position": {"minX": 252.5, "minY": 101.5, "maxX": 344.0, "maxY": 169.5}, "class_id": 1, "box_caption": "vn_1_line 0.063", "scores": {"class_score": 0.062744140625}, "domain": "pixel"}, {"position": {"minX": 477.0, "minY": 260.5, "maxX": 650.0, "maxY": 374.0}, "class_id": 0, "box_caption": "lao 0.059", "scores": {"class_score": 0.058990478515625}, "domain": "pixel"}, {"position": {"minX": 34.75, "minY": 261.5, "maxX": 204.125, "maxY": 371.0}, "class_id": 0, "box_caption": "lao 0.058", "scores": {"class_score": 0.05828857421875}, "domain": "pixel"}, {"position": {"minX": 517.0, "minY": 230.875, "maxX": 639.0, "maxY": 352.75}, "class_id": 0, "box_caption": "lao 0.058", "scores": {"class_score": 0.05767822265625}, "domain": "pixel"}, {"position": {"minX": 30.5625, "minY": 209.0, "maxX": 196.5, "maxY": 324.5}, "class_id": 0, "box_caption": "lao 0.057", "scores": {"class_score": 0.0572509765625}, "domain": "pixel"}, {"position": {"minX": 486.0, "minY": 236.75, "maxX": 614.0, "maxY": 329.75}, "class_id": 0, "box_caption": "lao 0.056", "scores": {"class_score": 0.055877685546875}, "domain": "pixel"}, {"position": {"minX": 203.375, "minY": -0.96875, "maxX": 342.0, "maxY": 96.625}, "class_id": 1, "box_caption": "vn_1_line 0.054", "scores": {"class_score": 0.053680419921875}, "domain": "pixel"}, {"position": {"minX": 455.0, "minY": 274.5, "maxX": 560.0, "maxY": 358.5}, "class_id": 0, "box_caption": "lao 0.053", "scores": {"class_score": 0.0531005859375}, "domain": "pixel"}, {"position": {"minX": 236.625, "minY": 104.625, "maxX": 335.75, "maxY": 173.125}, "class_id": 0, "box_caption": "lao 0.052", "scores": {"class_score": 0.0518798828125}, "domain": "pixel"}, {"position": {"minX": 205.125, "minY": -2.453125, "maxX": 287.0, "maxY": 58.4375}, "class_id": 0, "box_caption": "lao 0.049", "scores": {"class_score": 0.048583984375}, "domain": "pixel"}, {"position": {"minX": 82.5, "minY": 265.75, "maxX": 192.25, "maxY": 360.25}, "class_id": 0, "box_caption": "lao 0.046", "scores": {"class_score": 0.046295166015625}, "domain": "pixel"}, {"position": {"minX": 261.75, "minY": 106.1875, "maxX": 321.75, "maxY": 162.0}, "class_id": 1, "box_caption": "vn_1_line 0.045", "scores": {"class_score": 0.04473876953125}, "domain": "pixel"}, {"position": {"minX": 447.75, "minY": -10.59375, "maxX": 560.5, "maxY": 87.0}, "class_id": 2, "box_caption": "vn_2_line 0.044", "scores": {"class_score": 0.04351806640625}, "domain": "pixel"}, {"position": {"minX": 268.5, "minY": 113.125, "maxX": 312.0, "maxY": 157.625}, "class_id": 1, "box_caption": "vn_1_line 0.043", "scores": {"class_score": 0.04302978515625}, "domain": "pixel"}, {"position": {"minX": 78.625, "minY": 87.875, "maxX": 181.875, "maxY": 164.25}, "class_id": 0, "box_caption": "lao 0.042", "scores": {"class_score": 0.04229736328125}, "domain": "pixel"}, {"position": {"minX": 532.5, "minY": -0.28125, "maxX": 590.5, "maxY": 48.53125}, "class_id": 0, "box_caption": "lao 0.042", "scores": {"class_score": 0.04205322265625}, "domain": "pixel"}, {"position": {"minX": 310.75, "minY": -3.1875, "maxX": 402.75, "maxY": 69.125}, "class_id": 0, "box_caption": "lao 0.042", "scores": {"class_score": 0.041839599609375}, "domain": "pixel"}, {"position": {"minX": 158.0, "minY": 294.5, "maxX": 271.25, "maxY": 367.5}, "class_id": 1, "box_caption": "vn_1_line 0.042", "scores": {"class_score": 0.04168701171875}, "domain": "pixel"}, {"position": {"minX": 256.5, "minY": 107.75, "maxX": 321.5, "maxY": 166.75}, "class_id": 2, "box_caption": "vn_2_line 0.040", "scores": {"class_score": 0.040191650390625}, "domain": "pixel"}, {"position": {"minX": 221.625, "minY": -8.875, "maxX": 328.0, "maxY": 79.25}, "class_id": 0, "box_caption": "lao 0.040", "scores": {"class_score": 0.0401611328125}, "domain": "pixel"}, {"position": {"minX": 3.1875, "minY": 165.75, "maxX": 174.5, "maxY": 293.75}, "class_id": 0, "box_caption": "lao 0.040", "scores": {"class_score": 0.039764404296875}, "domain": "pixel"}, {"position": {"minX": 66.125, "minY": 107.75, "maxX": 201.375, "maxY": 218.75}, "class_id": 0, "box_caption": "lao 0.039", "scores": {"class_score": 0.0394287109375}, "domain": "pixel"}, {"position": {"minX": 235.75, "minY": 309.0, "maxX": 377.75, "maxY": 379.0}, "class_id": 1, "box_caption": "vn_1_line 0.039", "scores": {"class_score": 0.038787841796875}, "domain": "pixel"}, {"position": {"minX": 264.0, "minY": 17.28125, "maxX": 411.5, "maxY": 107.625}, "class_id": 0, "box_caption": "lao 0.039", "scores": {"class_score": 0.038726806640625}, "domain": "pixel"}, {"position": {"minX": 425.75, "minY": 85.4375, "maxX": 506.75, "maxY": 179.5}, "class_id": 2, "box_caption": "vn_2_line 0.038", "scores": {"class_score": 0.038238525390625}, "domain": "pixel"}, {"position": {"minX": 384.75, "minY": 180.25, "maxX": 432.25, "maxY": 206.75}, "class_id": 1, "box_caption": "vn_1_line 0.038", "scores": {"class_score": 0.037841796875}, "domain": "pixel"}, {"position": {"minX": 455.0, "minY": 274.5, "maxX": 560.0, "maxY": 358.5}, "class_id": 1, "box_caption": "vn_1_line 0.038", "scores": {"class_score": 0.037750244140625}, "domain": "pixel"}, {"position": {"minX": 29.9375, "minY": 129.75, "maxX": 197.0, "maxY": 253.5}, "class_id": 0, "box_caption": "lao 0.038", "scores": {"class_score": 0.037689208984375}, "domain": "pixel"}, {"position": {"minX": 7.5625, "minY": 230.75, "maxX": 178.75, "maxY": 349.25}, "class_id": 2, "box_caption": "vn_2_line 0.037", "scores": {"class_score": 0.036529541015625}, "domain": "pixel"}, {"position": {"minX": 268.5, "minY": 113.125, "maxX": 312.0, "maxY": 157.625}, "class_id": 2, "box_caption": "vn_2_line 0.036", "scores": {"class_score": 0.035888671875}, "domain": "pixel"}, {"position": {"minX": 508.5, "minY": 225.375, "maxX": 659.5, "maxY": 346.75}, "class_id": 2, "box_caption": "vn_2_line 0.034", "scores": {"class_score": 0.034149169921875}, "domain": "pixel"}, {"position": {"minX": 438.75, "minY": 8.53125, "maxX": 556.0, "maxY": 114.25}, "class_id": 2, "box_caption": "vn_2_line 0.033", "scores": {"class_score": 0.033203125}, "domain": "pixel"}, {"position": {"minX": 249.25, "minY": 18.96875, "maxX": 374.25, "maxY": 95.375}, "class_id": 1, "box_caption": "vn_1_line 0.032", "scores": {"class_score": 0.031768798828125}, "domain": "pixel"}, {"position": {"minX": 298.75, "minY": 20.28125, "maxX": 401.25, "maxY": 97.0}, "class_id": 0, "box_caption": "lao 0.031", "scores": {"class_score": 0.031280517578125}, "domain": "pixel"}, {"position": {"minX": 549.0, "minY": 220.625, "maxX": 644.0, "maxY": 309.5}, "class_id": 0, "box_caption": "lao 0.031", "scores": {"class_score": 0.0305633544921875}, "domain": "pixel"}, {"position": {"minX": 16.5625, "minY": 96.25, "maxX": 178.25, "maxY": 198.75}, "class_id": 2, "box_caption": "vn_2_line 0.031", "scores": {"class_score": 0.030548095703125}, "domain": "pixel"}, {"position": {"minX": -9.6875, "minY": 200.0, "maxX": 147.0, "maxY": 334.0}, "class_id": 0, "box_caption": "lao 0.030", "scores": {"class_score": 0.0299530029296875}, "domain": "pixel"}, {"position": {"minX": 264.0, "minY": 17.28125, "maxX": 411.5, "maxY": 107.625}, "class_id": 1, "box_caption": "vn_1_line 0.029", "scores": {"class_score": 0.029083251953125}, "domain": "pixel"}, {"position": {"minX": 279.25, "minY": 100.75, "maxX": 377.25, "maxY": 163.5}, "class_id": 1, "box_caption": "vn_1_line 0.029", "scores": {"class_score": 0.028564453125}, "domain": "pixel"}, {"position": {"minX": 61.0625, "minY": 268.0, "maxX": 170.0, "maxY": 375.5}, "class_id": 0, "box_caption": "lao 0.029", "scores": {"class_score": 0.028533935546875}, "domain": "pixel"}, {"position": {"minX": 252.625, "minY": 14.6875, "maxX": 368.0, "maxY": 96.9375}, "class_id": 0, "box_caption": "lao 0.028", "scores": {"class_score": 0.0284881591796875}, "domain": "pixel"}, {"position": {"minX": 51.75, "minY": 81.75, "maxX": 192.0, "maxY": 175.25}, "class_id": 1, "box_caption": "vn_1_line 0.028", "scores": {"class_score": 0.0280914306640625}, "domain": "pixel"}, {"position": {"minX": 525.5, "minY": 265.75, "maxX": 631.5, "maxY": 376.25}, "class_id": 0, "box_caption": "lao 0.028", "scores": {"class_score": 0.0278778076171875}, "domain": "pixel"}, {"position": {"minX": 549.0, "minY": 249.75, "maxX": 644.0, "maxY": 342.25}, "class_id": 0, "box_caption": "lao 0.027", "scores": {"class_score": 0.0272979736328125}, "domain": "pixel"}, {"position": {"minX": 279.0, "minY": 321.25, "maxX": 375.5, "maxY": 366.75}, "class_id": 1, "box_caption": "vn_1_line 0.027", "scores": {"class_score": 0.0272369384765625}, "domain": "pixel"}, {"position": {"minX": 247.0, "minY": 319.75, "maxX": 342.5, "maxY": 365.75}, "class_id": 1, "box_caption": "vn_1_line 0.027", "scores": {"class_score": 0.0270843505859375}, "domain": "pixel"}, {"position": {"minX": 499.0, "minY": 265.5, "maxX": 613.0, "maxY": 362.0}, "class_id": 0, "box_caption": "lao 0.027", "scores": {"class_score": 0.0269012451171875}, "domain": "pixel"}, {"position": {"minX": 539.5, "minY": 251.75, "maxX": 644.5, "maxY": 361.75}, "class_id": 2, "box_caption": "vn_2_line 0.026", "scores": {"class_score": 0.0260009765625}, "domain": "pixel"}, {"position": {"minX": 97.625, "minY": 277.25, "maxX": 252.375, "maxY": 376.75}, "class_id": 1, "box_caption": "vn_1_line 0.026", "scores": {"class_score": 0.025909423828125}, "domain": "pixel"}, {"position": {"minX": 49.875, "minY": 251.0, "maxX": 160.875, "maxY": 344.5}, "class_id": 0, "box_caption": "lao 0.025", "scores": {"class_score": 0.025360107421875}, "domain": "pixel"}, {"position": {"minX": 38.09375, "minY": 71.25, "maxX": 164.0, "maxY": 173.5}, "class_id": 0, "box_caption": "lao 0.025", "scores": {"class_score": 0.0252685546875}, "domain": "pixel"}, {"position": {"minX": 311.75, "minY": 311.5, "maxX": 409.25, "maxY": 357.5}, "class_id": 1, "box_caption": "vn_1_line 0.025", "scores": {"class_score": 0.024658203125}, "domain": "pixel"}, {"position": {"minX": 27.5, "minY": 247.5, "maxX": 144.375, "maxY": 368.5}, "class_id": 0, "box_caption": "lao 0.024", "scores": {"class_score": 0.02435302734375}, "domain": "pixel"}, {"position": {"minX": 195.75, "minY": 0.9375, "maxX": 313.75, "maxY": 96.25}, "class_id": 2, "box_caption": "vn_2_line 0.024", "scores": {"class_score": 0.0243072509765625}, "domain": "pixel"}, {"position": {"minX": 470.0, "minY": 252.5, "maxX": 606.0, "maxY": 350.0}, "class_id": 1, "box_caption": "vn_1_line 0.024", "scores": {"class_score": 0.024200439453125}, "domain": "pixel"}, {"position": {"minX": 81.5, "minY": 102.3125, "maxX": 184.25, "maxY": 198.25}, "class_id": 0, "box_caption": "lao 0.024", "scores": {"class_score": 0.024139404296875}, "domain": "pixel"}, {"position": {"minX": 323.25, "minY": 109.875, "maxX": 388.75, "maxY": 147.375}, "class_id": 1, "box_caption": "vn_1_line 0.024", "scores": {"class_score": 0.0240478515625}, "domain": "pixel"}, {"position": {"minX": 68.125, "minY": 245.5, "maxX": 217.375, "maxY": 356.0}, "class_id": 2, "box_caption": "vn_2_line 0.024", "scores": {"class_score": 0.0236358642578125}, "domain": "pixel"}, {"position": {"minX": 501.5, "minY": -10.09375, "maxX": 595.5, "maxY": 60.21875}, "class_id": 0, "box_caption": "lao 0.023", "scores": {"class_score": 0.02337646484375}, "domain": "pixel"}, {"position": {"minX": 185.375, "minY": -9.21875, "maxX": 290.75, "maxY": 88.25}, "class_id": 0, "box_caption": "lao 0.023", "scores": {"class_score": 0.0233001708984375}, "domain": "pixel"}, {"position": {"minX": 214.0, "minY": 312.25, "maxX": 314.5, "maxY": 357.25}, "class_id": 1, "box_caption": "vn_1_line 0.023", "scores": {"class_score": 0.02294921875}, "domain": "pixel"}, {"position": {"minX": 257.75, "minY": -6.875, "maxX": 363.25, "maxY": 80.6875}, "class_id": 0, "box_caption": "lao 0.023", "scores": {"class_score": 0.022705078125}, "domain": "pixel"}, {"position": {"minX": 1.3125, "minY": 132.25, "maxX": 174.75, "maxY": 252.5}, "class_id": 2, "box_caption": "vn_2_line 0.023", "scores": {"class_score": 0.022674560546875}, "domain": "pixel"}, {"position": {"minX": 348.0, "minY": 312.0, "maxX": 436.5, "maxY": 359.5}, "class_id": 1, "box_caption": "vn_1_line 0.023", "scores": {"class_score": 0.0226593017578125}, "domain": "pixel"}, {"position": {"minX": 3.1875, "minY": 165.75, "maxX": 174.5, "maxY": 293.75}, "class_id": 2, "box_caption": "vn_2_line 0.023", "scores": {"class_score": 0.0225677490234375}, "domain": "pixel"}, {"position": {"minX": 108.9375, "minY": 276.5, "maxX": 214.5, "maxY": 371.0}, "class_id": 0, "box_caption": "lao 0.023", "scores": {"class_score": 0.0225067138671875}, "domain": "pixel"}, {"position": {"minX": 220.5, "minY": 17.75, "maxX": 329.0, "maxY": 104.25}, "class_id": 1, "box_caption": "vn_1_line 0.022", "scores": {"class_score": 0.0222625732421875}, "domain": "pixel"}, {"position": {"minX": 136.625, "minY": 292.0, "maxX": 283.5, "maxY": 379.5}, "class_id": 0, "box_caption": "lao 0.022", "scores": {"class_score": 0.02215576171875}, "domain": "pixel"}, {"position": {"minX": 16.5625, "minY": 96.25, "maxX": 178.25, "maxY": 198.75}, "class_id": 1, "box_caption": "vn_1_line 0.022", "scores": {"class_score": 0.02203369140625}, "domain": "pixel"}, {"position": {"minX": 325.5, "minY": 100.625, "maxX": 408.5, "maxY": 155.375}, "class_id": 1, "box_caption": "vn_1_line 0.022", "scores": {"class_score": 0.0219268798828125}, "domain": "pixel"}, {"position": {"minX": 73.375, "minY": 83.25, "maxX": 181.5, "maxY": 205.0}, "class_id": 2, "box_caption": "vn_2_line 0.022", "scores": {"class_score": 0.021759033203125}, "domain": "pixel"}, {"position": {"minX": 414.75, "minY": 300.5, "maxX": 521.0, "maxY": 367.0}, "class_id": 0, "box_caption": "lao 0.022", "scores": {"class_score": 0.021514892578125}, "domain": "pixel"}, {"position": {"minX": 254.375, "minY": 133.25, "maxX": 306.5, "maxY": 164.0}, "class_id": 1, "box_caption": "vn_1_line 0.021", "scores": {"class_score": 0.0210723876953125}, "domain": "pixel"}, {"position": {"minX": 6.90625, "minY": -8.125, "maxX": 104.125, "maxY": 65.8125}, "class_id": 0, "box_caption": "lao 0.021", "scores": {"class_score": 0.0206298828125}, "domain": "pixel"}, {"position": {"minX": 181.5, "minY": 306.75, "maxX": 274.25, "maxY": 361.25}, "class_id": 1, "box_caption": "vn_1_line 0.020", "scores": {"class_score": 0.0204620361328125}, "domain": "pixel"}, {"position": {"minX": 473.5, "minY": 270.5, "maxX": 587.5, "maxY": 374.0}, "class_id": 0, "box_caption": "lao 0.020", "scores": {"class_score": 0.0203399658203125}, "domain": "pixel"}, {"position": {"minX": 470.0, "minY": 252.5, "maxX": 606.0, "maxY": 350.0}, "class_id": 2, "box_caption": "vn_2_line 0.020", "scores": {"class_score": 0.0203094482421875}, "domain": "pixel"}, {"position": {"minX": -8.8125, "minY": 135.0, "maxX": 142.5, "maxY": 264.0}, "class_id": 0, "box_caption": "lao 0.020", "scores": {"class_score": 0.0202178955078125}, "domain": "pixel"}, {"position": {"minX": 487.75, "minY": 235.375, "maxX": 641.0, "maxY": 344.5}, "class_id": 1, "box_caption": "vn_1_line 0.020", "scores": {"class_score": 0.01995849609375}, "domain": "pixel"}, {"position": {"minX": 66.125, "minY": 107.75, "maxX": 201.375, "maxY": 218.75}, "class_id": 2, "box_caption": "vn_2_line 0.020", "scores": {"class_score": 0.0196380615234375}, "domain": "pixel"}, {"position": {"minX": 477.0, "minY": 260.5, "maxX": 650.0, "maxY": 374.0}, "class_id": 1, "box_caption": "vn_1_line 0.019", "scores": {"class_score": 0.0194854736328125}, "domain": "pixel"}, {"position": {"minX": 39.90625, "minY": 235.75, "maxX": 143.125, "maxY": 328.25}, "class_id": 0, "box_caption": "lao 0.019", "scores": {"class_score": 0.0192108154296875}, "domain": "pixel"}, {"position": {"minX": 458.0, "minY": -5.203125, "maxX": 544.0, "maxY": 59.3125}, "class_id": 1, "box_caption": "vn_1_line 0.019", "scores": {"class_score": 0.0185546875}, "domain": "pixel"}, {"position": {"minX": 220.5, "minY": 17.75, "maxX": 329.0, "maxY": 104.25}, "class_id": 0, "box_caption": "lao 0.018", "scores": {"class_score": 0.0182647705078125}, "domain": "pixel"}, {"position": {"minX": 30.5625, "minY": 209.0, "maxX": 196.5, "maxY": 324.5}, "class_id": 2, "box_caption": "vn_2_line 0.018", "scores": {"class_score": 0.0182647705078125}, "domain": "pixel"}, {"position": {"minX": 263.0, "minY": 119.0, "maxX": 300.0, "maxY": 155.25}, "class_id": 0, "box_caption": "lao 0.018", "scores": {"class_score": 0.017974853515625}, "domain": "pixel"}, {"position": {"minX": 34.75, "minY": 261.5, "maxX": 204.125, "maxY": 371.0}, "class_id": 1, "box_caption": "vn_1_line 0.018", "scores": {"class_score": 0.0177459716796875}, "domain": "pixel"}, {"position": {"minX": 314.0, "minY": 1.125, "maxX": 398.0, "maxY": 54.875}, "class_id": 1, "box_caption": "vn_1_line 0.017", "scores": {"class_score": 0.0174560546875}, "domain": "pixel"}, {"position": {"minX": 68.125, "minY": 245.5, "maxX": 217.375, "maxY": 356.0}, "class_id": 1, "box_caption": "vn_1_line 0.017", "scores": {"class_score": 0.0174102783203125}, "domain": "pixel"}, {"position": {"minX": 413.0, "minY": 65.75, "maxX": 517.0, "maxY": 159.0}, "class_id": 2, "box_caption": "vn_2_line 0.017", "scores": {"class_score": 0.0173187255859375}, "domain": "pixel"}, {"position": {"minX": 7.5625, "minY": 230.75, "maxX": 178.75, "maxY": 349.25}, "class_id": 1, "box_caption": "vn_1_line 0.017", "scores": {"class_score": 0.0172882080078125}, "domain": "pixel"}, {"position": {"minX": 264.5, "minY": 4.59375, "maxX": 400.5, "maxY": 93.25}, "class_id": 2, "box_caption": "vn_2_line 0.017", "scores": {"class_score": 0.017181396484375}, "domain": "pixel"}, {"position": {"minX": 530.5, "minY": 193.5, "maxX": 652.5, "maxY": 294.25}, "class_id": 2, "box_caption": "vn_2_line 0.017", "scores": {"class_score": 0.0169830322265625}, "domain": "pixel"}, {"position": {"minX": 315.5, "minY": 74.25, "maxX": 411.5, "maxY": 139.25}, "class_id": 1, "box_caption": "vn_1_line 0.017", "scores": {"class_score": 0.0167388916015625}, "domain": "pixel"}, {"position": {"minX": 275.5, "minY": 113.6875, "maxX": 329.0, "maxY": 159.5}, "class_id": 0, "box_caption": "lao 0.017", "scores": {"class_score": 0.016510009765625}, "domain": "pixel"}, {"position": {"minX": 441.75, "minY": 105.125, "maxX": 495.25, "maxY": 163.125}, "class_id": 2, "box_caption": "vn_2_line 0.016", "scores": {"class_score": 0.0164031982421875}, "domain": "pixel"}, {"position": {"minX": 438.75, "minY": 8.53125, "maxX": 556.0, "maxY": 114.25}, "class_id": 0, "box_caption": "lao 0.016", "scores": {"class_score": 0.0163421630859375}, "domain": "pixel"}, {"position": {"minX": 477.0, "minY": 260.5, "maxX": 650.0, "maxY": 374.0}, "class_id": 2, "box_caption": "vn_2_line 0.016", "scores": {"class_score": 0.0159454345703125}, "domain": "pixel"}, {"position": {"minX": 550.0, "minY": 170.75, "maxX": 650.0, "maxY": 274.25}, "class_id": 0, "box_caption": "lao 0.016", "scores": {"class_score": 0.015899658203125}, "domain": "pixel"}, {"position": {"minX": 34.75, "minY": 261.5, "maxX": 204.125, "maxY": 371.0}, "class_id": 2, "box_caption": "vn_2_line 0.016", "scores": {"class_score": 0.0157470703125}, "domain": "pixel"}, {"position": {"minX": 170.0, "minY": 301.75, "maxX": 313.5, "maxY": 376.75}, "class_id": 0, "box_caption": "lao 0.015", "scores": {"class_score": 0.015045166015625}, "domain": "pixel"}, {"position": {"minX": 27.9375, "minY": -0.46875, "maxX": 110.9375, "maxY": 49.0}, "class_id": 1, "box_caption": "vn_1_line 0.015", "scores": {"class_score": 0.01502227783203125}, "domain": "pixel"}, {"position": {"minX": 406.5, "minY": 289.0, "maxX": 546.5, "maxY": 358.0}, "class_id": 1, "box_caption": "vn_1_line 0.015", "scores": {"class_score": 0.014801025390625}, "domain": "pixel"}, {"position": {"minX": 221.625, "minY": -8.875, "maxX": 328.0, "maxY": 79.25}, "class_id": 1, "box_caption": "vn_1_line 0.015", "scores": {"class_score": 0.01473236083984375}, "domain": "pixel"}, {"position": {"minX": 23.15625, "minY": 96.125, "maxX": 148.125, "maxY": 206.375}, "class_id": 0, "box_caption": "lao 0.015", "scores": {"class_score": 0.01462554931640625}, "domain": "pixel"}, {"position": {"minX": -0.875, "minY": 0.453125, "maxX": 77.125, "maxY": 49.0}, "class_id": 0, "box_caption": "lao 0.014", "scores": {"class_score": 0.0144195556640625}, "domain": "pixel"}, {"position": {"minX": 101.625, "minY": 97.75, "maxX": 178.875, "maxY": 140.625}, "class_id": 1, "box_caption": "vn_1_line 0.014", "scores": {"class_score": 0.0143280029296875}, "domain": "pixel"}, {"position": {"minX": 27.9375, "minY": -0.46875, "maxX": 110.9375, "maxY": 49.0}, "class_id": 0, "box_caption": "lao 0.014", "scores": {"class_score": 0.01416015625}, "domain": "pixel"}, {"position": {"minX": 281.75, "minY": 19.1875, "maxX": 371.75, "maxY": 85.375}, "class_id": 0, "box_caption": "lao 0.014", "scores": {"class_score": 0.0139923095703125}, "domain": "pixel"}, {"position": {"minX": 497.0, "minY": 238.125, "maxX": 596.0, "maxY": 327.0}, "class_id": 1, "box_caption": "vn_1_line 0.014", "scores": {"class_score": 0.01380157470703125}, "domain": "pixel"}, {"position": {"minX": 425.75, "minY": 85.4375, "maxX": 506.75, "maxY": 179.5}, "class_id": 0, "box_caption": "lao 0.014", "scores": {"class_score": 0.01357269287109375}, "domain": "pixel"}, {"position": {"minX": 413.0, "minY": 65.75, "maxX": 517.0, "maxY": 159.0}, "class_id": 0, "box_caption": "lao 0.013", "scores": {"class_score": 0.0134429931640625}, "domain": "pixel"}, {"position": {"minX": 24.78125, "minY": -12.375, "maxX": 139.5, "maxY": 70.5}, "class_id": 0, "box_caption": "lao 0.013", "scores": {"class_score": 0.013427734375}, "domain": "pixel"}, {"position": {"minX": 199.375, "minY": 3.609375, "maxX": 258.0, "maxY": 57.5}, "class_id": 0, "box_caption": "lao 0.013", "scores": {"class_score": 0.01328277587890625}, "domain": "pixel"}, {"position": {"minX": 377.25, "minY": 182.75, "maxX": 418.75, "maxY": 205.75}, "class_id": 1, "box_caption": "vn_1_line 0.013", "scores": {"class_score": 0.01303863525390625}, "domain": "pixel"}, {"position": {"minX": 548.5, "minY": 234.5, "maxX": 644.5, "maxY": 326.5}, "class_id": 2, "box_caption": "vn_2_line 0.013", "scores": {"class_score": 0.01297760009765625}, "domain": "pixel"}, {"position": {"minX": 302.25, "minY": 106.375, "maxX": 384.75, "maxY": 152.375}, "class_id": 1, "box_caption": "vn_1_line 0.013", "scores": {"class_score": 0.01290130615234375}, "domain": "pixel"}, {"position": {"minX": 521.5, "minY": 214.375, "maxX": 627.5, "maxY": 293.5}, "class_id": 0, "box_caption": "lao 0.013", "scores": {"class_score": 0.01280975341796875}, "domain": "pixel"}, {"position": {"minX": -9.6875, "minY": 200.0, "maxX": 147.0, "maxY": 334.0}, "class_id": 2, "box_caption": "vn_2_line 0.013", "scores": {"class_score": 0.01280975341796875}, "domain": "pixel"}, {"position": {"minX": 260.25, "minY": 311.5, "maxX": 361.75, "maxY": 370.0}, "class_id": 0, "box_caption": "lao 0.013", "scores": {"class_score": 0.0127410888671875}, "domain": "pixel"}, {"position": {"minX": 203.0, "minY": 17.3125, "maxX": 295.5, "maxY": 91.8125}, "class_id": 1, "box_caption": "vn_1_line 0.013", "scores": {"class_score": 0.01273345947265625}, "domain": "pixel"}, {"position": {"minX": 434.75, "minY": 111.5, "maxX": 497.75, "maxY": 180.0}, "class_id": 2, "box_caption": "vn_2_line 0.013", "scores": {"class_score": 0.01273345947265625}, "domain": "pixel"}, {"position": {"minX": 331.75, "minY": 110.5, "maxX": 395.75, "maxY": 146.25}, "class_id": 0, "box_caption": "lao 0.013", "scores": {"class_score": 0.012725830078125}, "domain": "pixel"}, {"position": {"minX": 55.59375, "minY": 118.625, "maxX": 173.375, "maxY": 238.625}, "class_id": 0, "box_caption": "lao 0.013", "scores": {"class_score": 0.01265716552734375}, "domain": "pixel"}, {"position": {"minX": 153.625, "minY": 276.0, "maxX": 256.25, "maxY": 363.0}, "class_id": 0, "box_caption": "lao 0.013", "scores": {"class_score": 0.0125732421875}, "domain": "pixel"}, {"position": {"minX": 225.5, "minY": 309.75, "maxX": 331.0, "maxY": 368.25}, "class_id": 0, "box_caption": "lao 0.012", "scores": {"class_score": 0.0124359130859375}, "domain": "pixel"}, {"position": {"minX": 9.53125, "minY": 128.25, "maxX": 119.125, "maxY": 230.0}, "class_id": 0, "box_caption": "lao 0.012", "scores": {"class_score": 0.01230621337890625}, "domain": "pixel"}, {"position": {"minX": 323.75, "minY": 312.25, "maxX": 427.25, "maxY": 370.25}, "class_id": 0, "box_caption": "lao 0.012", "scores": {"class_score": 0.01226806640625}, "domain": "pixel"}, {"position": {"minX": 38.09375, "minY": 71.25, "maxX": 164.0, "maxY": 173.5}, "class_id": 2, "box_caption": "vn_2_line 0.012", "scores": {"class_score": 0.0122528076171875}, "domain": "pixel"}, {"position": {"minX": 1.3125, "minY": 132.25, "maxX": 174.75, "maxY": 252.5}, "class_id": 1, "box_caption": "vn_1_line 0.012", "scores": {"class_score": 0.0122528076171875}, "domain": "pixel"}, {"position": {"minX": 292.25, "minY": 313.75, "maxX": 394.25, "maxY": 369.75}, "class_id": 0, "box_caption": "lao 0.012", "scores": {"class_score": 0.01218414306640625}, "domain": "pixel"}, {"position": {"minX": 387.0, "minY": 308.25, "maxX": 490.0, "maxY": 367.75}, "class_id": 0, "box_caption": "lao 0.012", "scores": {"class_score": 0.012176513671875}, "domain": "pixel"}, {"position": {"minX": 377.0, "minY": 171.125, "maxX": 443.0, "maxY": 215.625}, "class_id": 1, "box_caption": "vn_1_line 0.012", "scores": {"class_score": 0.01214599609375}, "domain": "pixel"}, {"position": {"minX": 519.0, "minY": 205.375, "maxX": 642.0, "maxY": 298.75}, "class_id": 1, "box_caption": "vn_1_line 0.012", "scores": {"class_score": 0.0120086669921875}, "domain": "pixel"}, {"position": {"minX": 458.0, "minY": -5.203125, "maxX": 544.0, "maxY": 59.3125}, "class_id": 2, "box_caption": "vn_2_line 0.012", "scores": {"class_score": 0.01194000244140625}, "domain": "pixel"}, {"position": {"minX": 110.9375, "minY": 81.625, "maxX": 215.25, "maxY": 144.375}, "class_id": 1, "box_caption": "vn_1_line 0.012", "scores": {"class_score": 0.01172637939453125}, "domain": "pixel"}, {"position": {"minX": 257.75, "minY": -6.875, "maxX": 363.25, "maxY": 80.6875}, "class_id": 1, "box_caption": "vn_1_line 0.012", "scores": {"class_score": 0.01171112060546875}, "domain": "pixel"}, {"position": {"minX": 414.5, "minY": 294.75, "maxX": 509.0, "maxY": 346.25}, "class_id": 1, "box_caption": "vn_1_line 0.012", "scores": {"class_score": 0.01161956787109375}, "domain": "pixel"}, {"position": {"minX": 406.5, "minY": 289.0, "maxX": 546.5, "maxY": 358.0}, "class_id": 0, "box_caption": "lao 0.012", "scores": {"class_score": 0.0115966796875}, "domain": "pixel"}, {"position": {"minX": 235.75, "minY": 309.0, "maxX": 377.75, "maxY": 379.0}, "class_id": 0, "box_caption": "lao 0.011", "scores": {"class_score": 0.0113677978515625}, "domain": "pixel"}, {"position": {"minX": 511.0, "minY": 221.125, "maxX": 627.0, "maxY": 324.0}, "class_id": 1, "box_caption": "vn_1_line 0.011", "scores": {"class_score": 0.0112762451171875}, "domain": "pixel"}, {"position": {"minX": 453.25, "minY": -5.625, "maxX": 517.5, "maxY": 47.34375}, "class_id": 0, "box_caption": "lao 0.011", "scores": {"class_score": 0.010955810546875}, "domain": "pixel"}, {"position": {"minX": 191.75, "minY": 85.375, "maxX": 366.75, "maxY": 163.625}, "class_id": 1, "box_caption": "vn_1_line 0.011", "scores": {"class_score": 0.0108795166015625}, "domain": "pixel"}, {"position": {"minX": 552.5, "minY": 280.5, "maxX": 641.5, "maxY": 369.0}, "class_id": 0, "box_caption": "lao 0.011", "scores": {"class_score": 0.01081085205078125}, "domain": "pixel"}, {"position": {"minX": 357.25, "minY": 311.0, "maxX": 462.75, "maxY": 368.5}, "class_id": 0, "box_caption": "lao 0.011", "scores": {"class_score": 0.01074981689453125}, "domain": "pixel"}, {"position": {"minX": 191.75, "minY": 85.375, "maxX": 366.75, "maxY": 163.625}, "class_id": 0, "box_caption": "lao 0.011", "scores": {"class_score": 0.0106964111328125}, "domain": "pixel"}, {"position": {"minX": 99.9375, "minY": 260.5, "maxX": 239.75, "maxY": 360.5}, "class_id": 2, "box_caption": "vn_2_line 0.011", "scores": {"class_score": 0.010650634765625}, "domain": "pixel"}, {"position": {"minX": -1.8125, "minY": 121.875, "maxX": 136.5, "maxY": 230.125}, "class_id": 2, "box_caption": "vn_2_line 0.011", "scores": {"class_score": 0.01064300537109375}, "domain": "pixel"}, {"position": {"minX": 204.375, "minY": 111.25, "maxX": 251.625, "maxY": 148.0}, "class_id": 0, "box_caption": "lao 0.011", "scores": {"class_score": 0.01059722900390625}, "domain": "pixel"}, {"position": {"minX": 203.125, "minY": -3.21875, "maxX": 303.0, "maxY": 74.75}, "class_id": 1, "box_caption": "vn_1_line 0.011", "scores": {"class_score": 0.0105438232421875}, "domain": "pixel"}, {"position": {"minX": 252.625, "minY": 122.75, "maxX": 306.0, "maxY": 158.25}, "class_id": 1, "box_caption": "vn_1_line 0.011", "scores": {"class_score": 0.01052093505859375}, "domain": "pixel"}, {"position": {"minX": 224.375, "minY": 80.9375, "maxX": 335.0, "maxY": 160.25}, "class_id": 1, "box_caption": "vn_1_line 0.011", "scores": {"class_score": 0.01052093505859375}, "domain": "pixel"}, {"position": {"minX": 543.5, "minY": 207.75, "maxX": 661.5, "maxY": 320.75}, "class_id": 2, "box_caption": "vn_2_line 0.011", "scores": {"class_score": 0.0105133056640625}, "domain": "pixel"}, {"position": {"minX": 65.5, "minY": 240.375, "maxX": 174.125, "maxY": 329.0}, "class_id": 0, "box_caption": "lao 0.010", "scores": {"class_score": 0.01038360595703125}, "domain": "pixel"}, {"position": {"minX": 447.75, "minY": -10.59375, "maxX": 560.5, "maxY": 87.0}, "class_id": 1, "box_caption": "vn_1_line 0.010", "scores": {"class_score": 0.01035308837890625}, "domain": "pixel"}, {"position": {"minX": 16.75, "minY": 221.125, "maxX": 128.5, "maxY": 335.0}, "class_id": 0, "box_caption": "lao 0.010", "scores": {"class_score": 0.0102386474609375}, "domain": "pixel"}, {"position": {"minX": 3.1875, "minY": 165.75, "maxX": 174.5, "maxY": 293.75}, "class_id": 1, "box_caption": "vn_1_line 0.010", "scores": {"class_score": 0.01021575927734375}, "domain": "pixel"}, {"position": {"minX": -1.8125, "minY": 121.875, "maxX": 136.5, "maxY": 230.125}, "class_id": 1, "box_caption": "vn_1_line 0.010", "scores": {"class_score": 0.0101318359375}, "domain": "pixel"}, {"position": {"minX": 243.125, "minY": 32.40625, "maxX": 348.5, "maxY": 100.0}, "class_id": 1, "box_caption": "vn_1_line 0.010", "scores": {"class_score": 0.01001739501953125}, "domain": "pixel"}, {"position": {"minX": 63.75, "minY": 139.0, "maxX": 212.25, "maxY": 253.5}, "class_id": 2, "box_caption": "vn_2_line 0.010", "scores": {"class_score": 0.01001739501953125}, "domain": "pixel"}, {"position": {"minX": 441.0, "minY": 3.71875, "maxX": 533.0, "maxY": 82.125}, "class_id": 0, "box_caption": "lao 0.010", "scores": {"class_score": 0.010009765625}, "domain": "pixel"}, {"position": {"minX": 429.75, "minY": 53.0625, "maxX": 540.0, "maxY": 154.0}, "class_id": 2, "box_caption": "vn_2_line 0.010", "scores": {"class_score": 0.0099945068359375}, "domain": "pixel"}, {"position": {"minX": 66.125, "minY": 107.75, "maxX": 201.375, "maxY": 218.75}, "class_id": 1, "box_caption": "vn_1_line 0.010", "scores": {"class_score": 0.00994873046875}, "domain": "pixel"}, {"position": {"minX": 250.0, "minY": -0.453125, "maxX": 344.5, "maxY": 60.25}, "class_id": 0, "box_caption": "lao 0.010", "scores": {"class_score": 0.00975799560546875}, "domain": "pixel"}, {"position": {"minX": 165.75, "minY": 302.5, "maxX": 259.0, "maxY": 362.0}, "class_id": 0, "box_caption": "lao 0.010", "scores": {"class_score": 0.00974273681640625}, "domain": "pixel"}, {"position": {"minX": 483.25, "minY": -5.328125, "maxX": 577.5, "maxY": 58.6875}, "class_id": 1, "box_caption": "vn_1_line 0.010", "scores": {"class_score": 0.0096893310546875}, "domain": "pixel"}, {"position": {"minX": 59.65625, "minY": 88.6875, "maxX": 159.875, "maxY": 164.75}, "class_id": 2, "box_caption": "vn_2_line 0.010", "scores": {"class_score": 0.00968170166015625}, "domain": "pixel"}, {"position": {"minX": 30.5625, "minY": 209.0, "maxX": 196.5, "maxY": 324.5}, "class_id": 1, "box_caption": "vn_1_line 0.010", "scores": {"class_score": 0.00968170166015625}, "domain": "pixel"}, {"position": {"minX": 552.5, "minY": 280.5, "maxX": 641.5, "maxY": 369.0}, "class_id": 2, "box_caption": "vn_2_line 0.010", "scores": {"class_score": 0.0096588134765625}, "domain": "pixel"}, {"position": {"minX": 34.9375, "minY": 213.5, "maxX": 135.75, "maxY": 310.0}, "class_id": 0, "box_caption": "lao 0.010", "scores": {"class_score": 0.0095977783203125}, "domain": "pixel"}, {"position": {"minX": 58.75, "minY": 172.5, "maxX": 218.75, "maxY": 292.0}, "class_id": 0, "box_caption": "lao 0.010", "scores": {"class_score": 0.00959014892578125}, "domain": "pixel"}, {"position": {"minX": 506.75, "minY": 226.125, "maxX": 603.0, "maxY": 308.75}, "class_id": 0, "box_caption": "lao 0.010", "scores": {"class_score": 0.00954437255859375}, "domain": "pixel"}, {"position": {"minX": 486.0, "minY": 236.75, "maxX": 614.0, "maxY": 329.75}, "class_id": 2, "box_caption": "vn_2_line 0.010", "scores": {"class_score": 0.00954437255859375}, "domain": "pixel"}, {"position": {"minX": 288.0, "minY": 74.5, "maxX": 436.0, "maxY": 153.625}, "class_id": 1, "box_caption": "vn_1_line 0.010", "scores": {"class_score": 0.009521484375}, "domain": "pixel"}, {"position": {"minX": 259.5, "minY": 101.0, "maxX": 385.0, "maxY": 177.5}, "class_id": 0, "box_caption": "lao 0.010", "scores": {"class_score": 0.0095062255859375}, "domain": "pixel"}, {"position": {"minX": 415.0, "minY": 115.75, "maxX": 512.5, "maxY": 195.5}, "class_id": 2, "box_caption": "vn_2_line 0.009", "scores": {"class_score": 0.00949859619140625}, "domain": "pixel"}, {"position": {"minX": 251.75, "minY": 78.75, "maxX": 361.25, "maxY": 161.5}, "class_id": 1, "box_caption": "vn_1_line 0.009", "scores": {"class_score": 0.00948333740234375}, "domain": "pixel"}, {"position": {"minX": 48.59375, "minY": 0.25, "maxX": 173.625, "maxY": 84.0}, "class_id": 0, "box_caption": "lao 0.009", "scores": {"class_score": 0.00946807861328125}, "domain": "pixel"}, {"position": {"minX": 537.5, "minY": 198.75, "maxX": 630.5, "maxY": 275.25}, "class_id": 0, "box_caption": "lao 0.009", "scores": {"class_score": 0.00942230224609375}, "domain": "pixel"}, {"position": {"minX": 66.75, "minY": 84.9375, "maxX": 174.0, "maxY": 140.75}, "class_id": 1, "box_caption": "vn_1_line 0.009", "scores": {"class_score": 0.00922393798828125}, "domain": "pixel"}, {"position": {"minX": 285.5, "minY": 3.125, "maxX": 378.0, "maxY": 59.1875}, "class_id": 0, "box_caption": "lao 0.009", "scores": {"class_score": 0.00917816162109375}, "domain": "pixel"}, {"position": {"minX": 216.375, "minY": 103.5625, "maxX": 300.75, "maxY": 159.75}, "class_id": 1, "box_caption": "vn_1_line 0.009", "scores": {"class_score": 0.00917816162109375}, "domain": "pixel"}, {"position": {"minX": 31.5, "minY": 253.5, "maxX": 126.875, "maxY": 341.5}, "class_id": 0, "box_caption": "lao 0.009", "scores": {"class_score": 0.009002685546875}, "domain": "pixel"}, {"position": {"minX": 27.5, "minY": 247.5, "maxX": 144.375, "maxY": 368.5}, "class_id": 2, "box_caption": "vn_2_line 0.009", "scores": {"class_score": 0.0088348388671875}, "domain": "pixel"}, {"position": {"minX": 67.8125, "minY": 98.375, "maxX": 155.0, "maxY": 176.875}, "class_id": 0, "box_caption": "lao 0.009", "scores": {"class_score": 0.0086669921875}, "domain": "pixel"}, {"position": {"minX": 39.9375, "minY": 138.75, "maxX": 143.5, "maxY": 231.5}, "class_id": 0, "box_caption": "lao 0.009", "scores": {"class_score": 0.00860595703125}, "domain": "pixel"}, {"position": {"minX": 325.5, "minY": 100.625, "maxX": 408.5, "maxY": 155.375}, "class_id": 0, "box_caption": "lao 0.009", "scores": {"class_score": 0.008575439453125}, "domain": "pixel"}, {"position": {"minX": 129.75, "minY": 288.5, "maxX": 227.25, "maxY": 363.0}, "class_id": 0, "box_caption": "lao 0.008", "scores": {"class_score": 0.00848388671875}, "domain": "pixel"}, {"position": {"minX": 85.75, "minY": 1.8125, "maxX": 199.25, "maxY": 81.3125}, "class_id": 0, "box_caption": "lao 0.008", "scores": {"class_score": 0.008453369140625}, "domain": "pixel"}, {"position": {"minX": 78.5, "minY": 144.25, "maxX": 182.0, "maxY": 247.75}, "class_id": 0, "box_caption": "lao 0.008", "scores": {"class_score": 0.0084228515625}, "domain": "pixel"}, {"position": {"minX": 27.84375, "minY": -8.34375, "maxX": 130.75, "maxY": 66.875}, "class_id": 1, "box_caption": "vn_1_line 0.008", "scores": {"class_score": 0.00838470458984375}, "domain": "pixel"}, {"position": {"minX": 322.75, "minY": -12.890625, "maxX": 393.75, "maxY": 43.375}, "class_id": 0, "box_caption": "lao 0.008", "scores": {"class_score": 0.00830078125}, "domain": "pixel"}, {"position": {"minX": 330.25, "minY": 2.59375, "maxX": 403.75, "maxY": 50.28125}, "class_id": 0, "box_caption": "lao 0.008", "scores": {"class_score": 0.0082244873046875}, "domain": "pixel"}, {"position": {"minX": 27.0, "minY": 28.21875, "maxX": 143.75, "maxY": 134.25}, "class_id": 0, "box_caption": "lao 0.008", "scores": {"class_score": 0.00811767578125}, "domain": "pixel"}, {"position": {"minX": 59.65625, "minY": 88.6875, "maxX": 159.875, "maxY": 164.75}, "class_id": 1, "box_caption": "vn_1_line 0.008", "scores": {"class_score": 0.00811004638671875}, "domain": "pixel"}, {"position": {"minX": 480.75, "minY": 0.0625, "maxX": 563.0, "maxY": 56.9375}, "class_id": 0, "box_caption": "lao 0.008", "scores": {"class_score": 0.00804901123046875}, "domain": "pixel"}, {"position": {"minX": 469.0, "minY": -14.0625, "maxX": 579.0, "maxY": 72.75}, "class_id": 2, "box_caption": "vn_2_line 0.008", "scores": {"class_score": 0.00804901123046875}, "domain": "pixel"}, {"position": {"minX": 75.9375, "minY": 95.8125, "maxX": 182.5, "maxY": 154.0}, "class_id": 2, "box_caption": "vn_2_line 0.008", "scores": {"class_score": 0.00803375244140625}, "domain": "pixel"}, {"position": {"minX": 29.25, "minY": 158.75, "maxX": 140.0, "maxY": 265.0}, "class_id": 0, "box_caption": "lao 0.008", "scores": {"class_score": 0.0080108642578125}, "domain": "pixel"}, {"position": {"minX": 236.625, "minY": 104.625, "maxX": 335.75, "maxY": 173.125}, "class_id": 2, "box_caption": "vn_2_line 0.008", "scores": {"class_score": 0.0079803466796875}, "domain": "pixel"}, {"position": {"minX": 61.21875, "minY": -8.5, "maxX": 157.5, "maxY": 67.8125}, "class_id": 0, "box_caption": "lao 0.008", "scores": {"class_score": 0.0079193115234375}, "domain": "pixel"}, {"position": {"minX": 513.5, "minY": -6.015625, "maxX": 587.5, "maxY": 43.1875}, "class_id": 0, "box_caption": "lao 0.008", "scores": {"class_score": 0.00785064697265625}, "domain": "pixel"}, {"position": {"minX": 379.0, "minY": 315.0, "maxX": 460.5, "maxY": 352.0}, "class_id": 1, "box_caption": "vn_1_line 0.008", "scores": {"class_score": 0.00782012939453125}, "domain": "pixel"}, {"position": {"minX": 307.5, "minY": -4.5625, "maxX": 409.5, "maxY": 71.6875}, "class_id": 1, "box_caption": "vn_1_line 0.008", "scores": {"class_score": 0.0078125}, "domain": "pixel"}, {"position": {"minX": 373.25, "minY": 295.75, "maxX": 515.0, "maxY": 359.75}, "class_id": 1, "box_caption": "vn_1_line 0.008", "scores": {"class_score": 0.00777435302734375}, "domain": "pixel"}, {"position": {"minX": -5.625, "minY": 3.4765625, "maxX": 30.65625, "maxY": 29.28125}, "class_id": 0, "box_caption": "lao 0.008", "scores": {"class_score": 0.00775909423828125}, "domain": "pixel"}, {"position": {"minX": 418.75, "minY": 22.40625, "maxX": 536.0, "maxY": 126.375}, "class_id": 2, "box_caption": "vn_2_line 0.008", "scores": {"class_score": 0.00775909423828125}, "domain": "pixel"}, {"position": {"minX": -3.25, "minY": -9.84375, "maxX": 117.5625, "maxY": 88.625}, "class_id": 2, "box_caption": "vn_2_line 0.008", "scores": {"class_score": 0.007633209228515625}, "domain": "pixel"}, {"position": {"minX": 198.875, "minY": 309.75, "maxX": 290.0, "maxY": 360.25}, "class_id": 0, "box_caption": "lao 0.008", "scores": {"class_score": 0.00762939453125}, "domain": "pixel"}, {"position": {"minX": 200.0, "minY": 17.78125, "maxX": 283.0, "maxY": 93.25}, "class_id": 2, "box_caption": "vn_2_line 0.008", "scores": {"class_score": 0.007625579833984375}, "domain": "pixel"}, {"position": {"minX": 82.5, "minY": 265.75, "maxX": 192.25, "maxY": 360.25}, "class_id": 2, "box_caption": "vn_2_line 0.008", "scores": {"class_score": 0.00762176513671875}, "domain": "pixel"}, {"position": {"minX": 537.0, "minY": 243.5, "maxX": 631.0, "maxY": 323.0}, "class_id": 0, "box_caption": "lao 0.008", "scores": {"class_score": 0.007587432861328125}, "domain": "pixel"}, {"position": {"minX": 387.25, "minY": 89.125, "maxX": 461.25, "maxY": 121.25}, "class_id": 1, "box_caption": "vn_1_line 0.008", "scores": {"class_score": 0.007556915283203125}, "domain": "pixel"}, {"position": {"minX": 508.0, "minY": 266.75, "maxX": 618.0, "maxY": 375.75}, "class_id": 2, "box_caption": "vn_2_line 0.008", "scores": {"class_score": 0.007518768310546875}, "domain": "pixel"}, {"position": {"minX": 441.25, "minY": 274.5, "maxX": 578.5, "maxY": 358.0}, "class_id": 2, "box_caption": "vn_2_line 0.007", "scores": {"class_score": 0.007343292236328125}, "domain": "pixel"}, {"position": {"minX": 264.25, "minY": 117.75, "maxX": 335.75, "maxY": 177.75}, "class_id": 1, "box_caption": "vn_1_line 0.007", "scores": {"class_score": 0.00732421875}, "domain": "pixel"}, {"position": {"minX": 16.75, "minY": 221.125, "maxX": 128.5, "maxY": 335.0}, "class_id": 2, "box_caption": "vn_2_line 0.007", "scores": {"class_score": 0.007312774658203125}, "domain": "pixel"}, {"position": {"minX": -9.6875, "minY": 200.0, "maxX": 147.0, "maxY": 334.0}, "class_id": 1, "box_caption": "vn_1_line 0.007", "scores": {"class_score": 0.007293701171875}, "domain": "pixel"}, {"position": {"minX": 18.3125, "minY": 139.5, "maxX": 128.25, "maxY": 253.75}, "class_id": 2, "box_caption": "vn_2_line 0.007", "scores": {"class_score": 0.00728607177734375}, "domain": "pixel"}, {"position": {"minX": 1.0, "minY": -3.296875, "maxX": 52.75, "maxY": 35.125}, "class_id": 0, "box_caption": "lao 0.007", "scores": {"class_score": 0.007282257080078125}, "domain": "pixel"}, {"position": {"minX": 285.5, "minY": 3.125, "maxX": 378.0, "maxY": 59.1875}, "class_id": 1, "box_caption": "vn_1_line 0.007", "scores": {"class_score": 0.00724029541015625}, "domain": "pixel"}, {"position": {"minX": 390.25, "minY": 177.375, "maxX": 443.75, "maxY": 201.625}, "class_id": 1, "box_caption": "vn_1_line 0.007", "scores": {"class_score": 0.00719451904296875}, "domain": "pixel"}, {"position": {"minX": 389.0, "minY": 306.75, "maxX": 466.5, "maxY": 344.75}, "class_id": 1, "box_caption": "vn_1_line 0.007", "scores": {"class_score": 0.00711822509765625}, "domain": "pixel"}, {"position": {"minX": -12.5625, "minY": -7.8125, "maxX": 89.4375, "maxY": 88.1875}, "class_id": 0, "box_caption": "lao 0.007", "scores": {"class_score": 0.006988525390625}, "domain": "pixel"}, {"position": {"minX": 48.59375, "minY": 0.25, "maxX": 173.625, "maxY": 84.0}, "class_id": 1, "box_caption": "vn_1_line 0.007", "scores": {"class_score": 0.0069580078125}, "domain": "pixel"}, {"position": {"minX": 384.75, "minY": 180.25, "maxX": 432.25, "maxY": 206.75}, "class_id": 0, "box_caption": "lao 0.007", "scores": {"class_score": 0.00693511962890625}, "domain": "pixel"}, {"position": {"minX": 449.25, "minY": 275.5, "maxX": 541.0, "maxY": 333.0}, "class_id": 1, "box_caption": "vn_1_line 0.007", "scores": {"class_score": 0.006885528564453125}, "domain": "pixel"}, {"position": {"minX": 528.5, "minY": 259.25, "maxX": 623.5, "maxY": 338.75}, "class_id": 0, "box_caption": "lao 0.007", "scores": {"class_score": 0.006832122802734375}, "domain": "pixel"}, {"position": {"minX": 293.25, "minY": 320.5, "maxX": 437.75, "maxY": 382.5}, "class_id": 1, "box_caption": "vn_1_line 0.007", "scores": {"class_score": 0.006809234619140625}, "domain": "pixel"}, {"position": {"minX": 295.5, "minY": 327.75, "maxX": 388.5, "maxY": 380.75}, "class_id": 1, "box_caption": "vn_1_line 0.007", "scores": {"class_score": 0.006805419921875}, "domain": "pixel"}, {"position": {"minX": 288.0, "minY": 74.5, "maxX": 436.0, "maxY": 153.625}, "class_id": 0, "box_caption": "lao 0.007", "scores": {"class_score": 0.006744384765625}, "domain": "pixel"}, {"position": {"minX": 92.375, "minY": 89.5625, "maxX": 186.375, "maxY": 179.25}, "class_id": 2, "box_caption": "vn_2_line 0.007", "scores": {"class_score": 0.006725311279296875}, "domain": "pixel"}, {"position": {"minX": 1.5625, "minY": -0.03125, "maxX": 75.3125, "maxY": 49.65625}, "class_id": 1, "box_caption": "vn_1_line 0.007", "scores": {"class_score": 0.0067138671875}, "domain": "pixel"}, {"position": {"minX": 481.25, "minY": 269.5, "maxX": 575.0, "maxY": 346.0}, "class_id": 0, "box_caption": "lao 0.007", "scores": {"class_score": 0.006694793701171875}, "domain": "pixel"}, {"position": {"minX": 61.0625, "minY": 268.0, "maxX": 170.0, "maxY": 375.5}, "class_id": 2, "box_caption": "vn_2_line 0.007", "scores": {"class_score": 0.006694793701171875}, "domain": "pixel"}, {"position": {"minX": 63.75, "minY": 139.0, "maxX": 212.25, "maxY": 253.5}, "class_id": 1, "box_caption": "vn_1_line 0.007", "scores": {"class_score": 0.006694793701171875}, "domain": "pixel"}, {"position": {"minX": 434.0, "minY": 87.625, "maxX": 500.0, "maxY": 151.0}, "class_id": 2, "box_caption": "vn_2_line 0.007", "scores": {"class_score": 0.00662994384765625}, "domain": "pixel"}, {"position": {"minX": 58.40625, "minY": 284.0, "maxX": 149.5, "maxY": 362.0}, "class_id": 0, "box_caption": "lao 0.007", "scores": {"class_score": 0.006587982177734375}, "domain": "pixel"}, {"position": {"minX": 146.625, "minY": 306.0, "maxX": 247.375, "maxY": 373.5}, "class_id": 1, "box_caption": "vn_1_line 0.007", "scores": {"class_score": 0.00653076171875}, "domain": "pixel"}, {"position": {"minX": 263.5, "minY": 327.75, "maxX": 355.0, "maxY": 380.25}, "class_id": 1, "box_caption": "vn_1_line 0.006", "scores": {"class_score": 0.00649261474609375}, "domain": "pixel"}, {"position": {"minX": 315.5, "minY": 74.25, "maxX": 411.5, "maxY": 139.25}, "class_id": 0, "box_caption": "lao 0.006", "scores": {"class_score": 0.006481170654296875}, "domain": "pixel"}, {"position": {"minX": 27.0, "minY": 28.21875, "maxX": 143.75, "maxY": 134.25}, "class_id": 2, "box_caption": "vn_2_line 0.006", "scores": {"class_score": 0.00647735595703125}, "domain": "pixel"}, {"position": {"minX": 467.25, "minY": 3.59375, "maxX": 553.5, "maxY": 77.125}, "class_id": 0, "box_caption": "lao 0.006", "scores": {"class_score": 0.006465911865234375}, "domain": "pixel"}, {"position": {"minX": 95.875, "minY": 230.75, "maxX": 238.375, "maxY": 329.25}, "class_id": 0, "box_caption": "lao 0.006", "scores": {"class_score": 0.00644683837890625}, "domain": "pixel"}, {"position": {"minX": 533.0, "minY": 2.328125, "maxX": 589.0, "maxY": 47.5625}, "class_id": 1, "box_caption": "vn_1_line 0.006", "scores": {"class_score": 0.006443023681640625}, "domain": "pixel"}, {"position": {"minX": 493.0, "minY": -9.375, "maxX": 573.0, "maxY": 44.03125}, "class_id": 0, "box_caption": "lao 0.006", "scores": {"class_score": 0.006328582763671875}, "domain": "pixel"}, {"position": {"minX": -24.84375, "minY": 249.0, "maxX": 107.625, "maxY": 357.5}, "class_id": 0, "box_caption": "lao 0.006", "scores": {"class_score": 0.006244659423828125}, "domain": "pixel"}, {"position": {"minX": 251.75, "minY": 78.75, "maxX": 361.25, "maxY": 161.5}, "class_id": 0, "box_caption": "lao 0.006", "scores": {"class_score": 0.00621795654296875}, "domain": "pixel"}, {"position": {"minX": 418.75, "minY": 22.40625, "maxX": 536.0, "maxY": 126.375}, "class_id": 0, "box_caption": "lao 0.006", "scores": {"class_score": 0.00618743896484375}, "domain": "pixel"}, {"position": {"minX": 145.75, "minY": 91.875, "maxX": 220.5, "maxY": 121.375}, "class_id": 1, "box_caption": "vn_1_line 0.006", "scores": {"class_score": 0.006183624267578125}, "domain": "pixel"}, {"position": {"minX": 76.125, "minY": 92.875, "maxX": 160.25, "maxY": 145.375}, "class_id": 0, "box_caption": "lao 0.006", "scores": {"class_score": 0.006168365478515625}, "domain": "pixel"}, {"position": {"minX": 114.75, "minY": 257.5, "maxX": 226.25, "maxY": 360.0}, "class_id": 1, "box_caption": "vn_1_line 0.006", "scores": {"class_score": 0.006084442138671875}, "domain": "pixel"}, {"position": {"minX": 465.75, "minY": 18.5, "maxX": 574.0, "maxY": 106.5}, "class_id": 2, "box_caption": "vn_2_line 0.006", "scores": {"class_score": 0.0060577392578125}, "domain": "pixel"}, {"position": {"minX": 27.0, "minY": 28.21875, "maxX": 143.75, "maxY": 134.25}, "class_id": 1, "box_caption": "vn_1_line 0.006", "scores": {"class_score": 0.00605010986328125}, "domain": "pixel"}, {"position": {"minX": 39.75, "minY": 119.625, "maxX": 158.125, "maxY": 238.125}, "class_id": 2, "box_caption": "vn_2_line 0.006", "scores": {"class_score": 0.00604248046875}, "domain": "pixel"}, {"position": {"minX": 284.75, "minY": 21.15625, "maxX": 390.75, "maxY": 103.25}, "class_id": 2, "box_caption": "vn_2_line 0.006", "scores": {"class_score": 0.00603485107421875}, "domain": "pixel"}, {"position": {"minX": 224.375, "minY": 80.9375, "maxX": 335.0, "maxY": 160.25}, "class_id": 0, "box_caption": "lao 0.006", "scores": {"class_score": 0.006008148193359375}, "domain": "pixel"}, {"position": {"minX": 387.5, "minY": 163.5, "maxX": 462.0, "maxY": 210.25}, "class_id": 1, "box_caption": "vn_1_line 0.006", "scores": {"class_score": 0.005992889404296875}, "domain": "pixel"}, {"position": {"minX": 99.25, "minY": 77.375, "maxX": 220.75, "maxY": 156.5}, "class_id": 0, "box_caption": "lao 0.006", "scores": {"class_score": 0.005985260009765625}, "domain": "pixel"}, {"position": {"minX": 376.25, "minY": 153.125, "maxX": 445.75, "maxY": 203.875}, "class_id": 1, "box_caption": "vn_1_line 0.006", "scores": {"class_score": 0.0059661865234375}, "domain": "pixel"}, {"position": {"minX": 397.5, "minY": 298.5, "maxX": 536.0, "maxY": 371.5}, "class_id": 2, "box_caption": "vn_2_line 0.006", "scores": {"class_score": 0.005924224853515625}, "domain": "pixel"}, {"position": {"minX": 367.5, "minY": 301.25, "maxX": 455.5, "maxY": 357.75}, "class_id": 1, "box_caption": "vn_1_line 0.006", "scores": {"class_score": 0.005916595458984375}, "domain": "pixel"}, {"position": {"minX": 400.5, "minY": -3.2421875, "maxX": 435.5, "maxY": 15.8359375}, "class_id": 0, "box_caption": "lao 0.006", "scores": {"class_score": 0.0059051513671875}, "domain": "pixel"}, {"position": {"minX": 506.5, "minY": 260.5, "maxX": 598.5, "maxY": 338.5}, "class_id": 0, "box_caption": "lao 0.006", "scores": {"class_score": 0.005870819091796875}, "domain": "pixel"}, {"position": {"minX": 333.0, "minY": 319.25, "maxX": 414.0, "maxY": 361.75}, "class_id": 1, "box_caption": "vn_1_line 0.006", "scores": {"class_score": 0.00586700439453125}, "domain": "pixel"}, {"position": {"minX": 533.0, "minY": 2.328125, "maxX": 589.0, "maxY": 47.5625}, "class_id": 2, "box_caption": "vn_2_line 0.006", "scores": {"class_score": 0.00586700439453125}, "domain": "pixel"}, {"position": {"minX": 60.59375, "minY": 88.375, "maxX": 145.5, "maxY": 159.375}, "class_id": 0, "box_caption": "lao 0.006", "scores": {"class_score": 0.005840301513671875}, "domain": "pixel"}, {"position": {"minX": 45.71875, "minY": 92.0, "maxX": 147.625, "maxY": 186.75}, "class_id": 2, "box_caption": "vn_2_line 0.006", "scores": {"class_score": 0.005832672119140625}, "domain": "pixel"}, {"position": {"minX": 257.0, "minY": 130.0, "maxX": 330.0, "maxY": 167.75}, "class_id": 1, "box_caption": "vn_1_line 0.006", "scores": {"class_score": 0.00579833984375}, "domain": "pixel"}, {"position": {"minX": 434.75, "minY": 111.5, "maxX": 497.75, "maxY": 180.0}, "class_id": 0, "box_caption": "lao 0.006", "scores": {"class_score": 0.00579833984375}, "domain": "pixel"}, {"position": {"minX": 50.375, "minY": 156.5, "maxX": 161.375, "maxY": 247.0}, "class_id": 0, "box_caption": "lao 0.006", "scores": {"class_score": 0.005771636962890625}, "domain": "pixel"}, {"position": {"minX": 136.625, "minY": 292.0, "maxX": 283.5, "maxY": 379.5}, "class_id": 2, "box_caption": "vn_2_line 0.006", "scores": {"class_score": 0.0057373046875}, "domain": "pixel"}, {"position": {"minX": 216.375, "minY": 103.5625, "maxX": 300.75, "maxY": 159.75}, "class_id": 0, "box_caption": "lao 0.006", "scores": {"class_score": 0.00571441650390625}, "domain": "pixel"}, {"position": {"minX": 89.375, "minY": 101.25, "maxX": 175.375, "maxY": 154.25}, "class_id": 0, "box_caption": "lao 0.006", "scores": {"class_score": 0.005710601806640625}, "domain": "pixel"}], "class_labels": {"0": "lao", "1": "vn_1_line", "2": "vn_2_line"}}