{"box_data": [{"position": {"minX": 426.0, "minY": 66.0, "maxX": 495.5, "maxY": 153.125}, "class_id": 2, "box_caption": "vn_2_line 0.711", "scores": {"class_score": 0.7109375}, "domain": "pixel"}, {"position": {"minX": 432.25, "minY": 79.375, "maxX": 490.25, "maxY": 140.625}, "class_id": 2, "box_caption": "vn_2_line 0.636", "scores": {"class_score": 0.63623046875}, "domain": "pixel"}, {"position": {"minX": -6.5, "minY": 259.5, "maxX": 189.0, "maxY": 377.5}, "class_id": 0, "box_caption": "lao 0.485", "scores": {"class_score": 0.4853515625}, "domain": "pixel"}, {"position": {"minX": 49.375, "minY": 263.25, "maxX": 263.5, "maxY": 371.25}, "class_id": 0, "box_caption": "lao 0.398", "scores": {"class_score": 0.39794921875}, "domain": "pixel"}, {"position": {"minX": 449.0, "minY": 323.5, "maxX": 587.0, "maxY": 383.0}, "class_id": 1, "box_caption": "vn_1_line 0.364", "scores": {"class_score": 0.36376953125}, "domain": "pixel"}, {"position": {"minX": -11.875, "minY": 289.0, "maxX": 117.125, "maxY": 392.0}, "class_id": 0, "box_caption": "lao 0.331", "scores": {"class_score": 0.331298828125}, "domain": "pixel"}, {"position": {"minX": 424.5, "minY": 86.125, "maxX": 479.0, "maxY": 128.875}, "class_id": 2, "box_caption": "vn_2_line 0.309", "scores": {"class_score": 0.308837890625}, "domain": "pixel"}, {"position": {"minX": 534.5, "minY": 298.5, "maxX": 637.5, "maxY": 387.5}, "class_id": 0, "box_caption": "lao 0.309", "scores": {"class_score": 0.308837890625}, "domain": "pixel"}, {"position": {"minX": -16.5625, "minY": 161.875, "maxX": 190.25, "maxY": 283.5}, "class_id": 0, "box_caption": "lao 0.295", "scores": {"class_score": 0.294677734375}, "domain": "pixel"}, {"position": {"minX": 111.5625, "minY": 259.5, "maxX": 321.5, "maxY": 372.5}, "class_id": 0, "box_caption": "lao 0.283", "scores": {"class_score": 0.283203125}, "domain": "pixel"}, {"position": {"minX": 490.0, "minY": 308.25, "maxX": 650.0, "maxY": 391.75}, "class_id": 0, "box_caption": "lao 0.281", "scores": {"class_score": 0.281005859375}, "domain": "pixel"}, {"position": {"minX": 75.125, "minY": 286.75, "maxX": 215.375, "maxY": 391.75}, "class_id": 0, "box_caption": "lao 0.245", "scores": {"class_score": 0.2452392578125}, "domain": "pixel"}, {"position": {"minX": 207.375, "minY": 260.0, "maxX": 415.5, "maxY": 374.5}, "class_id": 0, "box_caption": "lao 0.237", "scores": {"class_score": 0.2374267578125}, "domain": "pixel"}, {"position": {"minX": 129.25, "minY": 9.09375, "maxX": 300.75, "maxY": 128.0}, "class_id": 0, "box_caption": "lao 0.233", "scores": {"class_score": 0.2325439453125}, "domain": "pixel"}, {"position": {"minX": -21.0, "minY": 190.375, "maxX": 193.25, "maxY": 314.75}, "class_id": 0, "box_caption": "lao 0.211", "scores": {"class_score": 0.210693359375}, "domain": "pixel"}, {"position": {"minX": 164.75, "minY": 3.8125, "maxX": 325.25, "maxY": 102.5}, "class_id": 0, "box_caption": "lao 0.208", "scores": {"class_score": 0.2078857421875}, "domain": "pixel"}, {"position": {"minX": -19.875, "minY": 225.75, "maxX": 197.25, "maxY": 352.75}, "class_id": 0, "box_caption": "lao 0.204", "scores": {"class_score": 0.2041015625}, "domain": "pixel"}, {"position": {"minX": 245.375, "minY": 194.75, "maxX": 421.0, "maxY": 315.25}, "class_id": 0, "box_caption": "lao 0.199", "scores": {"class_score": 0.1990966796875}, "domain": "pixel"}, {"position": {"minX": 477.5, "minY": 320.0, "maxX": 619.5, "maxY": 385.0}, "class_id": 1, "box_caption": "vn_1_line 0.197", "scores": {"class_score": 0.197021484375}, "domain": "pixel"}, {"position": {"minX": -12.34375, "minY": 194.75, "maxX": 116.75, "maxY": 296.25}, "class_id": 0, "box_caption": "lao 0.194", "scores": {"class_score": 0.193603515625}, "domain": "pixel"}, {"position": {"minX": 272.5, "minY": 263.75, "maxX": 468.5, "maxY": 379.25}, "class_id": 0, "box_caption": "lao 0.190", "scores": {"class_score": 0.1898193359375}, "domain": "pixel"}, {"position": {"minX": 238.5, "minY": 225.875, "maxX": 432.5, "maxY": 347.5}, "class_id": 0, "box_caption": "lao 0.187", "scores": {"class_score": 0.1865234375}, "domain": "pixel"}, {"position": {"minX": 482.5, "minY": 312.0, "maxX": 596.5, "maxY": 397.0}, "class_id": 0, "box_caption": "lao 0.176", "scores": {"class_score": 0.1759033203125}, "domain": "pixel"}, {"position": {"minX": 29.125, "minY": 291.75, "maxX": 165.375, "maxY": 390.25}, "class_id": 0, "box_caption": "lao 0.174", "scores": {"class_score": 0.1739501953125}, "domain": "pixel"}, {"position": {"minX": 113.875, "minY": 230.25, "maxX": 315.0, "maxY": 345.75}, "class_id": 0, "box_caption": "lao 0.169", "scores": {"class_score": 0.1688232421875}, "domain": "pixel"}, {"position": {"minX": -24.0, "minY": 267.75, "maxX": 164.625, "maxY": 370.75}, "class_id": 2, "box_caption": "vn_2_line 0.166", "scores": {"class_score": 0.16552734375}, "domain": "pixel"}, {"position": {"minX": 422.25, "minY": 308.0, "maxX": 591.5, "maxY": 399.0}, "class_id": 0, "box_caption": "lao 0.162", "scores": {"class_score": 0.1624755859375}, "domain": "pixel"}, {"position": {"minX": 438.5, "minY": 212.0, "maxX": 508.5, "maxY": 249.75}, "class_id": 1, "box_caption": "vn_1_line 0.158", "scores": {"class_score": 0.1578369140625}, "domain": "pixel"}, {"position": {"minX": -9.15625, "minY": 168.125, "maxX": 115.25, "maxY": 262.0}, "class_id": 0, "box_caption": "lao 0.156", "scores": {"class_score": 0.15576171875}, "domain": "pixel"}, {"position": {"minX": 511.25, "minY": 294.5, "maxX": 620.0, "maxY": 407.0}, "class_id": 0, "box_caption": "lao 0.153", "scores": {"class_score": 0.1533203125}, "domain": "pixel"}, {"position": {"minX": 179.5, "minY": 199.375, "maxX": 376.5, "maxY": 313.5}, "class_id": 0, "box_caption": "lao 0.153", "scores": {"class_score": 0.1531982421875}, "domain": "pixel"}, {"position": {"minX": -29.75, "minY": 231.125, "maxX": 164.375, "maxY": 344.0}, "class_id": 2, "box_caption": "vn_2_line 0.153", "scores": {"class_score": 0.152587890625}, "domain": "pixel"}, {"position": {"minX": -25.75, "minY": 138.125, "maxX": 164.25, "maxY": 255.625}, "class_id": 0, "box_caption": "lao 0.151", "scores": {"class_score": 0.150634765625}, "domain": "pixel"}, {"position": {"minX": 174.125, "minY": 227.0, "maxX": 385.0, "maxY": 347.5}, "class_id": 0, "box_caption": "lao 0.149", "scores": {"class_score": 0.149169921875}, "domain": "pixel"}, {"position": {"minX": 20.0, "minY": 130.75, "maxX": 222.625, "maxY": 253.5}, "class_id": 0, "box_caption": "lao 0.148", "scores": {"class_score": 0.1478271484375}, "domain": "pixel"}, {"position": {"minX": -9.0, "minY": 100.25, "maxX": 191.5, "maxY": 226.25}, "class_id": 0, "box_caption": "lao 0.147", "scores": {"class_score": 0.146728515625}, "domain": "pixel"}, {"position": {"minX": -6.625, "minY": 315.25, "maxX": 116.1875, "maxY": 385.75}, "class_id": 1, "box_caption": "vn_1_line 0.146", "scores": {"class_score": 0.1463623046875}, "domain": "pixel"}, {"position": {"minX": 222.0, "minY": 287.0, "maxX": 357.5, "maxY": 390.0}, "class_id": 0, "box_caption": "lao 0.142", "scores": {"class_score": 0.1422119140625}, "domain": "pixel"}, {"position": {"minX": -14.375, "minY": 223.875, "maxX": 116.125, "maxY": 328.0}, "class_id": 0, "box_caption": "lao 0.141", "scores": {"class_score": 0.1412353515625}, "domain": "pixel"}, {"position": {"minX": 216.0, "minY": 177.75, "maxX": 404.0, "maxY": 284.0}, "class_id": 0, "box_caption": "lao 0.141", "scores": {"class_score": 0.140625}, "domain": "pixel"}, {"position": {"minX": -30.4375, "minY": 170.25, "maxX": 165.25, "maxY": 279.5}, "class_id": 2, "box_caption": "vn_2_line 0.137", "scores": {"class_score": 0.1368408203125}, "domain": "pixel"}, {"position": {"minX": 346.25, "minY": 275.5, "maxX": 504.75, "maxY": 384.5}, "class_id": 0, "box_caption": "lao 0.135", "scores": {"class_score": 0.13525390625}, "domain": "pixel"}, {"position": {"minX": -30.125, "minY": 198.0, "maxX": 162.125, "maxY": 310.0}, "class_id": 2, "box_caption": "vn_2_line 0.134", "scores": {"class_score": 0.134033203125}, "domain": "pixel"}, {"position": {"minX": 441.0, "minY": 206.875, "maxX": 528.0, "maxY": 257.25}, "class_id": 1, "box_caption": "vn_1_line 0.129", "scores": {"class_score": 0.1290283203125}, "domain": "pixel"}, {"position": {"minX": -3.5625, "minY": 69.875, "maxX": 180.75, "maxY": 189.625}, "class_id": 0, "box_caption": "lao 0.125", "scores": {"class_score": 0.1246337890625}, "domain": "pixel"}, {"position": {"minX": 431.5, "minY": 326.0, "maxX": 545.5, "maxY": 380.0}, "class_id": 1, "box_caption": "vn_1_line 0.124", "scores": {"class_score": 0.123779296875}, "domain": "pixel"}, {"position": {"minX": 157.25, "minY": 289.0, "maxX": 293.75, "maxY": 390.0}, "class_id": 0, "box_caption": "lao 0.121", "scores": {"class_score": 0.12103271484375}, "domain": "pixel"}, {"position": {"minX": 490.0, "minY": 308.25, "maxX": 650.0, "maxY": 391.75}, "class_id": 1, "box_caption": "vn_1_line 0.119", "scores": {"class_score": 0.11932373046875}, "domain": "pixel"}, {"position": {"minX": 45.125, "minY": 161.75, "maxX": 251.875, "maxY": 282.25}, "class_id": 0, "box_caption": "lao 0.118", "scores": {"class_score": 0.11834716796875}, "domain": "pixel"}, {"position": {"minX": 124.375, "minY": 283.25, "maxX": 260.0, "maxY": 393.25}, "class_id": 0, "box_caption": "lao 0.118", "scores": {"class_score": 0.1180419921875}, "domain": "pixel"}, {"position": {"minX": -25.75, "minY": 138.125, "maxX": 164.25, "maxY": 255.625}, "class_id": 2, "box_caption": "vn_2_line 0.114", "scores": {"class_score": 0.11431884765625}, "domain": "pixel"}, {"position": {"minX": 120.5625, "minY": 35.5625, "maxX": 316.75, "maxY": 154.5}, "class_id": 0, "box_caption": "lao 0.111", "scores": {"class_score": 0.11114501953125}, "domain": "pixel"}, {"position": {"minX": 185.25, "minY": 9.5, "maxX": 359.75, "maxY": 123.75}, "class_id": 0, "box_caption": "lao 0.107", "scores": {"class_score": 0.107177734375}, "domain": "pixel"}, {"position": {"minX": 275.75, "minY": 185.75, "maxX": 395.25, "maxY": 298.0}, "class_id": 0, "box_caption": "lao 0.107", "scores": {"class_score": 0.10711669921875}, "domain": "pixel"}, {"position": {"minX": 4.5, "minY": 42.34375, "maxX": 187.5, "maxY": 165.875}, "class_id": 2, "box_caption": "vn_2_line 0.102", "scores": {"class_score": 0.10235595703125}, "domain": "pixel"}, {"position": {"minX": -24.8125, "minY": 104.0, "maxX": 163.25, "maxY": 224.25}, "class_id": 2, "box_caption": "vn_2_line 0.102", "scores": {"class_score": 0.10235595703125}, "domain": "pixel"}, {"position": {"minX": 115.4375, "minY": 202.125, "maxX": 321.5, "maxY": 315.0}, "class_id": 0, "box_caption": "lao 0.100", "scores": {"class_score": 0.1004638671875}, "domain": "pixel"}, {"position": {"minX": 379.5, "minY": 298.0, "maxX": 547.5, "maxY": 394.5}, "class_id": 0, "box_caption": "lao 0.100", "scores": {"class_score": 0.100341796875}, "domain": "pixel"}, {"position": {"minX": 219.5, "minY": -4.9375, "maxX": 363.0, "maxY": 101.6875}, "class_id": 0, "box_caption": "lao 0.099", "scores": {"class_score": 0.098876953125}, "domain": "pixel"}, {"position": {"minX": 464.0, "minY": 336.0, "maxX": 569.0, "maxY": 389.5}, "class_id": 1, "box_caption": "vn_1_line 0.098", "scores": {"class_score": 0.09814453125}, "domain": "pixel"}, {"position": {"minX": 50.6875, "minY": 72.375, "maxX": 247.5, "maxY": 191.375}, "class_id": 0, "box_caption": "lao 0.097", "scores": {"class_score": 0.0968017578125}, "domain": "pixel"}, {"position": {"minX": 287.75, "minY": 285.25, "maxX": 418.75, "maxY": 392.25}, "class_id": 0, "box_caption": "lao 0.095", "scores": {"class_score": 0.09521484375}, "domain": "pixel"}, {"position": {"minX": 117.125, "minY": 67.0625, "maxX": 312.5, "maxY": 188.75}, "class_id": 0, "box_caption": "lao 0.094", "scores": {"class_score": 0.09429931640625}, "domain": "pixel"}, {"position": {"minX": 152.5, "minY": 170.0, "maxX": 344.0, "maxY": 288.25}, "class_id": 0, "box_caption": "lao 0.093", "scores": {"class_score": 0.09295654296875}, "domain": "pixel"}, {"position": {"minX": 272.0, "minY": 213.0, "maxX": 399.5, "maxY": 334.0}, "class_id": 0, "box_caption": "lao 0.091", "scores": {"class_score": 0.09130859375}, "domain": "pixel"}, {"position": {"minX": 79.25, "minY": 130.625, "maxX": 280.25, "maxY": 252.625}, "class_id": 0, "box_caption": "lao 0.091", "scores": {"class_score": 0.0911865234375}, "domain": "pixel"}, {"position": {"minX": 178.25, "minY": 38.9375, "maxX": 372.25, "maxY": 157.75}, "class_id": 0, "box_caption": "lao 0.091", "scores": {"class_score": 0.0908203125}, "domain": "pixel"}, {"position": {"minX": 51.5, "minY": 102.75, "maxX": 253.75, "maxY": 221.75}, "class_id": 0, "box_caption": "lao 0.090", "scores": {"class_score": 0.09033203125}, "domain": "pixel"}, {"position": {"minX": 453.5, "minY": 310.5, "maxX": 560.0, "maxY": 397.0}, "class_id": 1, "box_caption": "vn_1_line 0.090", "scores": {"class_score": 0.08966064453125}, "domain": "pixel"}, {"position": {"minX": -13.46875, "minY": 253.125, "maxX": 115.5, "maxY": 364.0}, "class_id": 0, "box_caption": "lao 0.090", "scores": {"class_score": 0.089599609375}, "domain": "pixel"}, {"position": {"minX": 22.625, "minY": 13.90625, "maxX": 219.0, "maxY": 134.0}, "class_id": 0, "box_caption": "lao 0.085", "scores": {"class_score": 0.08477783203125}, "domain": "pixel"}, {"position": {"minX": 422.25, "minY": 308.0, "maxX": 591.5, "maxY": 399.0}, "class_id": 1, "box_caption": "vn_1_line 0.084", "scores": {"class_score": 0.0838623046875}, "domain": "pixel"}, {"position": {"minX": 77.3125, "minY": 256.0, "maxX": 215.0, "maxY": 366.5}, "class_id": 0, "box_caption": "lao 0.080", "scores": {"class_score": 0.080078125}, "domain": "pixel"}, {"position": {"minX": 177.75, "minY": 66.9375, "maxX": 367.25, "maxY": 189.25}, "class_id": 0, "box_caption": "lao 0.080", "scores": {"class_score": 0.080078125}, "domain": "pixel"}, {"position": {"minX": 20.75, "minY": 264.75, "maxX": 229.25, "maxY": 374.75}, "class_id": 1, "box_caption": "vn_1_line 0.078", "scores": {"class_score": 0.0780029296875}, "domain": "pixel"}, {"position": {"minX": 443.5, "minY": 320.25, "maxX": 571.5, "maxY": 387.25}, "class_id": 0, "box_caption": "lao 0.074", "scores": {"class_score": 0.07427978515625}, "domain": "pixel"}, {"position": {"minX": 229.0, "minY": 76.75, "maxX": 347.0, "maxY": 185.0}, "class_id": 0, "box_caption": "lao 0.074", "scores": {"class_score": 0.07354736328125}, "domain": "pixel"}, {"position": {"minX": 77.25, "minY": 259.0, "maxX": 289.75, "maxY": 373.0}, "class_id": 1, "box_caption": "vn_1_line 0.073", "scores": {"class_score": 0.073486328125}, "domain": "pixel"}, {"position": {"minX": 158.25, "minY": 18.78125, "maxX": 278.5, "maxY": 101.25}, "class_id": 0, "box_caption": "lao 0.072", "scores": {"class_score": 0.07220458984375}, "domain": "pixel"}, {"position": {"minX": 574.5, "minY": 1.46875, "maxX": 620.5, "maxY": 44.53125}, "class_id": 0, "box_caption": "lao 0.072", "scores": {"class_score": 0.07208251953125}, "domain": "pixel"}, {"position": {"minX": 183.5, "minY": 262.5, "maxX": 329.0, "maxY": 389.0}, "class_id": 0, "box_caption": "lao 0.071", "scores": {"class_score": 0.07098388671875}, "domain": "pixel"}, {"position": {"minX": 250.375, "minY": -2.9375, "maxX": 337.0, "maxY": 56.59375}, "class_id": 0, "box_caption": "lao 0.070", "scores": {"class_score": 0.07037353515625}, "domain": "pixel"}, {"position": {"minX": 567.5, "minY": 7.96875, "maxX": 615.5, "maxY": 50.34375}, "class_id": 0, "box_caption": "lao 0.070", "scores": {"class_score": 0.0697021484375}, "domain": "pixel"}, {"position": {"minX": 81.25, "minY": 312.75, "maxX": 208.75, "maxY": 388.25}, "class_id": 1, "box_caption": "vn_1_line 0.069", "scores": {"class_score": 0.06866455078125}, "domain": "pixel"}, {"position": {"minX": -24.0, "minY": 267.75, "maxX": 164.625, "maxY": 370.75}, "class_id": 1, "box_caption": "vn_1_line 0.065", "scores": {"class_score": 0.06549072265625}, "domain": "pixel"}, {"position": {"minX": 313.25, "minY": 268.5, "maxX": 479.25, "maxY": 359.0}, "class_id": 0, "box_caption": "lao 0.065", "scores": {"class_score": 0.065185546875}, "domain": "pixel"}, {"position": {"minX": 60.1875, "minY": 156.5, "maxX": 197.25, "maxY": 268.0}, "class_id": 0, "box_caption": "lao 0.064", "scores": {"class_score": 0.064453125}, "domain": "pixel"}, {"position": {"minX": 141.125, "minY": 258.75, "maxX": 356.0, "maxY": 376.25}, "class_id": 1, "box_caption": "vn_1_line 0.064", "scores": {"class_score": 0.0640869140625}, "domain": "pixel"}, {"position": {"minX": 47.375, "minY": 196.75, "maxX": 262.5, "maxY": 316.75}, "class_id": 0, "box_caption": "lao 0.063", "scores": {"class_score": 0.063232421875}, "domain": "pixel"}, {"position": {"minX": 113.75, "minY": 96.8125, "maxX": 312.0, "maxY": 222.75}, "class_id": 0, "box_caption": "lao 0.062", "scores": {"class_score": 0.0621337890625}, "domain": "pixel"}, {"position": {"minX": 31.9375, "minY": 313.25, "maxX": 161.0, "maxY": 388.75}, "class_id": 1, "box_caption": "vn_1_line 0.062", "scores": {"class_score": 0.061981201171875}, "domain": "pixel"}, {"position": {"minX": 217.25, "minY": 218.875, "maxX": 359.75, "maxY": 334.0}, "class_id": 0, "box_caption": "lao 0.061", "scores": {"class_score": 0.06146240234375}, "domain": "pixel"}, {"position": {"minX": 205.375, "minY": 288.0, "maxX": 313.25, "maxY": 396.0}, "class_id": 0, "box_caption": "lao 0.059", "scores": {"class_score": 0.05938720703125}, "domain": "pixel"}, {"position": {"minX": 61.0, "minY": 47.53125, "maxX": 247.0, "maxY": 160.0}, "class_id": 0, "box_caption": "lao 0.058", "scores": {"class_score": 0.0576171875}, "domain": "pixel"}, {"position": {"minX": 245.375, "minY": 194.75, "maxX": 421.0, "maxY": 315.25}, "class_id": 2, "box_caption": "vn_2_line 0.057", "scores": {"class_score": 0.057098388671875}, "domain": "pixel"}, {"position": {"minX": -9.5625, "minY": 126.25, "maxX": 114.6875, "maxY": 237.5}, "class_id": 0, "box_caption": "lao 0.057", "scores": {"class_score": 0.057037353515625}, "domain": "pixel"}, {"position": {"minX": 9.9375, "minY": -6.0, "maxX": 169.0, "maxY": 115.9375}, "class_id": 0, "box_caption": "lao 0.057", "scores": {"class_score": 0.056732177734375}, "domain": "pixel"}, {"position": {"minX": 529.5, "minY": 305.5, "maxX": 633.5, "maxY": 381.5}, "class_id": 1, "box_caption": "vn_1_line 0.056", "scores": {"class_score": 0.056427001953125}, "domain": "pixel"}, {"position": {"minX": 501.5, "minY": 318.5, "maxX": 621.5, "maxY": 385.0}, "class_id": 0, "box_caption": "lao 0.056", "scores": {"class_score": 0.05609130859375}, "domain": "pixel"}, {"position": {"minX": 266.5, "minY": 253.0, "maxX": 406.0, "maxY": 396.0}, "class_id": 0, "box_caption": "lao 0.056", "scores": {"class_score": 0.05596923828125}, "domain": "pixel"}, {"position": {"minX": 0.21875, "minY": 316.0, "maxX": 96.625, "maxY": 388.5}, "class_id": 0, "box_caption": "lao 0.056", "scores": {"class_score": 0.055755615234375}, "domain": "pixel"}, {"position": {"minX": 207.375, "minY": 260.0, "maxX": 415.5, "maxY": 374.5}, "class_id": 1, "box_caption": "vn_1_line 0.056", "scores": {"class_score": 0.055511474609375}, "domain": "pixel"}, {"position": {"minX": 218.0, "minY": 248.625, "maxX": 359.0, "maxY": 367.0}, "class_id": 0, "box_caption": "lao 0.054", "scores": {"class_score": 0.054473876953125}, "domain": "pixel"}, {"position": {"minX": 322.25, "minY": 282.0, "maxX": 450.25, "maxY": 395.0}, "class_id": 0, "box_caption": "lao 0.054", "scores": {"class_score": 0.054412841796875}, "domain": "pixel"}, {"position": {"minX": 108.3125, "minY": 242.5, "maxX": 246.25, "maxY": 348.5}, "class_id": 0, "box_caption": "lao 0.054", "scores": {"class_score": 0.05438232421875}, "domain": "pixel"}, {"position": {"minX": 13.6875, "minY": 159.375, "maxX": 224.0, "maxY": 283.5}, "class_id": 1, "box_caption": "vn_1_line 0.053", "scores": {"class_score": 0.052978515625}, "domain": "pixel"}, {"position": {"minX": 178.75, "minY": 198.375, "maxX": 308.5, "maxY": 297.0}, "class_id": 0, "box_caption": "lao 0.053", "scores": {"class_score": 0.052947998046875}, "domain": "pixel"}, {"position": {"minX": 213.0, "minY": 314.75, "maxX": 336.0, "maxY": 386.75}, "class_id": 1, "box_caption": "vn_1_line 0.052", "scores": {"class_score": 0.0523681640625}, "domain": "pixel"}, {"position": {"minX": 9.5, "minY": 153.375, "maxX": 150.875, "maxY": 271.75}, "class_id": 0, "box_caption": "lao 0.052", "scores": {"class_score": 0.051910400390625}, "domain": "pixel"}, {"position": {"minX": 171.5, "minY": 215.0, "maxX": 308.75, "maxY": 334.5}, "class_id": 0, "box_caption": "lao 0.052", "scores": {"class_score": 0.0518798828125}, "domain": "pixel"}, {"position": {"minX": -10.9375, "minY": 293.5, "maxX": 168.25, "maxY": 389.5}, "class_id": 1, "box_caption": "vn_1_line 0.051", "scores": {"class_score": 0.0513916015625}, "domain": "pixel"}, {"position": {"minX": 163.125, "minY": 314.5, "maxX": 289.0, "maxY": 387.5}, "class_id": 1, "box_caption": "vn_1_line 0.051", "scores": {"class_score": 0.050628662109375}, "domain": "pixel"}, {"position": {"minX": 193.75, "minY": 6.1875, "maxX": 309.25, "maxY": 84.75}, "class_id": 0, "box_caption": "lao 0.050", "scores": {"class_score": 0.050384521484375}, "domain": "pixel"}, {"position": {"minX": 220.875, "minY": 189.875, "maxX": 358.0, "maxY": 300.5}, "class_id": 0, "box_caption": "lao 0.049", "scores": {"class_score": 0.04901123046875}, "domain": "pixel"}, {"position": {"minX": 259.25, "minY": 295.0, "maxX": 393.25, "maxY": 388.0}, "class_id": 0, "box_caption": "lao 0.049", "scores": {"class_score": 0.048980712890625}, "domain": "pixel"}, {"position": {"minX": 7.0625, "minY": 178.375, "maxX": 150.75, "maxY": 307.5}, "class_id": 0, "box_caption": "lao 0.048", "scores": {"class_score": 0.048187255859375}, "domain": "pixel"}, {"position": {"minX": 157.5, "minY": 8.65625, "maxX": 329.0, "maxY": 125.375}, "class_id": 1, "box_caption": "vn_1_line 0.048", "scores": {"class_score": 0.048126220703125}, "domain": "pixel"}, {"position": {"minX": 8.75, "minY": 14.5625, "maxX": 180.25, "maxY": 135.5}, "class_id": 2, "box_caption": "vn_2_line 0.047", "scores": {"class_score": 0.047210693359375}, "domain": "pixel"}, {"position": {"minX": -21.0, "minY": 190.375, "maxX": 193.25, "maxY": 314.75}, "class_id": 1, "box_caption": "vn_1_line 0.047", "scores": {"class_score": 0.047027587890625}, "domain": "pixel"}, {"position": {"minX": 242.875, "minY": 314.0, "maxX": 366.5, "maxY": 387.5}, "class_id": 1, "box_caption": "vn_1_line 0.046", "scores": {"class_score": 0.046295166015625}, "domain": "pixel"}, {"position": {"minX": 445.0, "minY": 338.0, "maxX": 541.0, "maxY": 387.5}, "class_id": 1, "box_caption": "vn_1_line 0.046", "scores": {"class_score": 0.0460205078125}, "domain": "pixel"}, {"position": {"minX": 341.25, "minY": 316.25, "maxX": 465.25, "maxY": 387.75}, "class_id": 1, "box_caption": "vn_1_line 0.046", "scores": {"class_score": 0.04595947265625}, "domain": "pixel"}, {"position": {"minX": 292.0, "minY": 316.0, "maxX": 414.5, "maxY": 386.5}, "class_id": 1, "box_caption": "vn_1_line 0.046", "scores": {"class_score": 0.045928955078125}, "domain": "pixel"}, {"position": {"minX": 552.5, "minY": 291.0, "maxX": 654.5, "maxY": 378.0}, "class_id": 0, "box_caption": "lao 0.046", "scores": {"class_score": 0.04559326171875}, "domain": "pixel"}, {"position": {"minX": 238.5, "minY": 225.875, "maxX": 432.5, "maxY": 347.5}, "class_id": 2, "box_caption": "vn_2_line 0.046", "scores": {"class_score": 0.045501708984375}, "domain": "pixel"}, {"position": {"minX": 154.75, "minY": 247.5, "maxX": 293.25, "maxY": 368.5}, "class_id": 0, "box_caption": "lao 0.045", "scores": {"class_score": 0.045196533203125}, "domain": "pixel"}, {"position": {"minX": 504.0, "minY": 335.25, "maxX": 609.0, "maxY": 390.25}, "class_id": 1, "box_caption": "vn_1_line 0.045", "scores": {"class_score": 0.044921875}, "domain": "pixel"}, {"position": {"minX": -29.75, "minY": 231.125, "maxX": 164.375, "maxY": 344.0}, "class_id": 1, "box_caption": "vn_1_line 0.045", "scores": {"class_score": 0.044677734375}, "domain": "pixel"}, {"position": {"minX": 555.5, "minY": -2.125, "maxX": 650.5, "maxY": 91.75}, "class_id": 2, "box_caption": "vn_2_line 0.045", "scores": {"class_score": 0.044525146484375}, "domain": "pixel"}, {"position": {"minX": 495.5, "minY": 301.0, "maxX": 604.5, "maxY": 404.0}, "class_id": 1, "box_caption": "vn_1_line 0.044", "scores": {"class_score": 0.044281005859375}, "domain": "pixel"}, {"position": {"minX": 80.4375, "minY": 5.0625, "maxX": 231.75, "maxY": 115.5625}, "class_id": 0, "box_caption": "lao 0.044", "scores": {"class_score": 0.044281005859375}, "domain": "pixel"}, {"position": {"minX": -30.4375, "minY": 170.25, "maxX": 165.25, "maxY": 279.5}, "class_id": 1, "box_caption": "vn_1_line 0.044", "scores": {"class_score": 0.044036865234375}, "domain": "pixel"}, {"position": {"minX": 379.5, "minY": 298.0, "maxX": 547.5, "maxY": 394.5}, "class_id": 1, "box_caption": "vn_1_line 0.044", "scores": {"class_score": 0.043975830078125}, "domain": "pixel"}, {"position": {"minX": 272.5, "minY": 263.75, "maxX": 468.5, "maxY": 379.25}, "class_id": 1, "box_caption": "vn_1_line 0.044", "scores": {"class_score": 0.04364013671875}, "domain": "pixel"}, {"position": {"minX": 363.5, "minY": 291.5, "maxX": 478.0, "maxY": 391.5}, "class_id": 0, "box_caption": "lao 0.043", "scores": {"class_score": 0.043243408203125}, "domain": "pixel"}, {"position": {"minX": 125.875, "minY": 17.21875, "maxX": 239.125, "maxY": 119.75}, "class_id": 0, "box_caption": "lao 0.043", "scores": {"class_score": 0.0430908203125}, "domain": "pixel"}, {"position": {"minX": 64.1875, "minY": 122.625, "maxX": 195.0, "maxY": 237.625}, "class_id": 0, "box_caption": "lao 0.043", "scores": {"class_score": 0.0430908203125}, "domain": "pixel"}, {"position": {"minX": 456.5, "minY": 214.125, "maxX": 525.0, "maxY": 244.875}, "class_id": 1, "box_caption": "vn_1_line 0.043", "scores": {"class_score": 0.04290771484375}, "domain": "pixel"}, {"position": {"minX": 50.5625, "minY": 235.375, "maxX": 261.0, "maxY": 349.0}, "class_id": 1, "box_caption": "vn_1_line 0.043", "scores": {"class_score": 0.042633056640625}, "domain": "pixel"}, {"position": {"minX": 63.125, "minY": 266.5, "maxX": 173.25, "maxY": 396.0}, "class_id": 0, "box_caption": "lao 0.042", "scores": {"class_score": 0.042449951171875}, "domain": "pixel"}, {"position": {"minX": 110.875, "minY": 315.0, "maxX": 247.375, "maxY": 389.0}, "class_id": 1, "box_caption": "vn_1_line 0.042", "scores": {"class_score": 0.042388916015625}, "domain": "pixel"}, {"position": {"minX": 55.4375, "minY": 299.25, "maxX": 230.25, "maxY": 384.25}, "class_id": 1, "box_caption": "vn_1_line 0.042", "scores": {"class_score": 0.041717529296875}, "domain": "pixel"}, {"position": {"minX": 50.0625, "minY": 130.75, "maxX": 253.0, "maxY": 252.25}, "class_id": 1, "box_caption": "vn_1_line 0.042", "scores": {"class_score": 0.04168701171875}, "domain": "pixel"}, {"position": {"minX": 174.125, "minY": 227.0, "maxX": 385.0, "maxY": 347.5}, "class_id": 1, "box_caption": "vn_1_line 0.042", "scores": {"class_score": 0.041595458984375}, "domain": "pixel"}, {"position": {"minX": 433.0, "minY": 202.375, "maxX": 516.0, "maxY": 258.0}, "class_id": 0, "box_caption": "lao 0.041", "scores": {"class_score": 0.0406494140625}, "domain": "pixel"}, {"position": {"minX": 136.75, "minY": 266.5, "maxX": 266.75, "maxY": 362.5}, "class_id": 0, "box_caption": "lao 0.041", "scores": {"class_score": 0.040618896484375}, "domain": "pixel"}, {"position": {"minX": 347.25, "minY": 279.0, "maxX": 488.25, "maxY": 356.5}, "class_id": 1, "box_caption": "vn_1_line 0.040", "scores": {"class_score": 0.040130615234375}, "domain": "pixel"}, {"position": {"minX": 213.75, "minY": 200.0, "maxX": 406.75, "maxY": 312.5}, "class_id": 1, "box_caption": "vn_1_line 0.040", "scores": {"class_score": 0.040069580078125}, "domain": "pixel"}, {"position": {"minX": 433.0, "minY": 211.125, "maxX": 492.5, "maxY": 250.375}, "class_id": 0, "box_caption": "lao 0.040", "scores": {"class_score": 0.039886474609375}, "domain": "pixel"}, {"position": {"minX": 84.5625, "minY": 67.25, "maxX": 279.0, "maxY": 190.0}, "class_id": 1, "box_caption": "vn_1_line 0.040", "scores": {"class_score": 0.039825439453125}, "domain": "pixel"}, {"position": {"minX": 78.5625, "minY": 162.75, "maxX": 282.25, "maxY": 284.75}, "class_id": 1, "box_caption": "vn_1_line 0.040", "scores": {"class_score": 0.039520263671875}, "domain": "pixel"}, {"position": {"minX": 247.125, "minY": 232.5, "maxX": 381.5, "maxY": 329.5}, "class_id": 0, "box_caption": "lao 0.039", "scores": {"class_score": 0.039459228515625}, "domain": "pixel"}, {"position": {"minX": 238.375, "minY": 258.25, "maxX": 439.5, "maxY": 376.25}, "class_id": 2, "box_caption": "vn_2_line 0.039", "scores": {"class_score": 0.039154052734375}, "domain": "pixel"}, {"position": {"minX": 113.875, "minY": 230.25, "maxX": 315.0, "maxY": 345.75}, "class_id": 1, "box_caption": "vn_1_line 0.039", "scores": {"class_score": 0.039093017578125}, "domain": "pixel"}, {"position": {"minX": -25.75, "minY": 138.125, "maxX": 164.25, "maxY": 255.625}, "class_id": 1, "box_caption": "vn_1_line 0.039", "scores": {"class_score": 0.038970947265625}, "domain": "pixel"}, {"position": {"minX": 149.5, "minY": 199.75, "maxX": 345.5, "maxY": 313.75}, "class_id": 1, "box_caption": "vn_1_line 0.039", "scores": {"class_score": 0.03857421875}, "domain": "pixel"}, {"position": {"minX": 49.375, "minY": 263.25, "maxX": 263.5, "maxY": 371.25}, "class_id": 2, "box_caption": "vn_2_line 0.038", "scores": {"class_score": 0.037750244140625}, "domain": "pixel"}, {"position": {"minX": 120.5625, "minY": 35.5625, "maxX": 316.75, "maxY": 154.5}, "class_id": 1, "box_caption": "vn_1_line 0.038", "scores": {"class_score": 0.037506103515625}, "domain": "pixel"}, {"position": {"minX": 98.8125, "minY": 15.46875, "maxX": 273.0, "maxY": 129.125}, "class_id": 1, "box_caption": "vn_1_line 0.037", "scores": {"class_score": 0.037445068359375}, "domain": "pixel"}, {"position": {"minX": 4.03125, "minY": 219.5, "maxX": 108.75, "maxY": 302.0}, "class_id": 0, "box_caption": "lao 0.037", "scores": {"class_score": 0.0372314453125}, "domain": "pixel"}, {"position": {"minX": 230.875, "minY": 47.1875, "maxX": 345.5, "maxY": 151.5}, "class_id": 0, "box_caption": "lao 0.037", "scores": {"class_score": 0.036895751953125}, "domain": "pixel"}, {"position": {"minX": 253.625, "minY": -7.375, "maxX": 350.25, "maxY": 78.625}, "class_id": 0, "box_caption": "lao 0.036", "scores": {"class_score": 0.035980224609375}, "domain": "pixel"}, {"position": {"minX": 24.875, "minY": 102.25, "maxX": 222.625, "maxY": 221.5}, "class_id": 1, "box_caption": "vn_1_line 0.035", "scores": {"class_score": 0.035491943359375}, "domain": "pixel"}, {"position": {"minX": 142.0, "minY": 67.875, "maxX": 346.0, "maxY": 188.125}, "class_id": 1, "box_caption": "vn_1_line 0.035", "scores": {"class_score": 0.03521728515625}, "domain": "pixel"}, {"position": {"minX": 79.8125, "minY": 200.625, "maxX": 290.25, "maxY": 316.75}, "class_id": 1, "box_caption": "vn_1_line 0.035", "scores": {"class_score": 0.03497314453125}, "domain": "pixel"}, {"position": {"minX": 149.75, "minY": 134.5, "maxX": 341.25, "maxY": 253.25}, "class_id": 0, "box_caption": "lao 0.034", "scores": {"class_score": 0.034393310546875}, "domain": "pixel"}, {"position": {"minX": 173.75, "minY": 303.5, "maxX": 358.25, "maxY": 385.0}, "class_id": 1, "box_caption": "vn_1_line 0.034", "scores": {"class_score": 0.034332275390625}, "domain": "pixel"}, {"position": {"minX": 191.625, "minY": -3.125, "maxX": 347.0, "maxY": 101.3125}, "class_id": 1, "box_caption": "vn_1_line 0.034", "scores": {"class_score": 0.034271240234375}, "domain": "pixel"}, {"position": {"minX": 111.5625, "minY": 259.5, "maxX": 321.5, "maxY": 372.5}, "class_id": 2, "box_caption": "vn_2_line 0.033", "scores": {"class_score": 0.033294677734375}, "domain": "pixel"}, {"position": {"minX": -24.8125, "minY": 104.0, "maxX": 163.25, "maxY": 224.25}, "class_id": 1, "box_caption": "vn_1_line 0.033", "scores": {"class_score": 0.033203125}, "domain": "pixel"}, {"position": {"minX": 438.0, "minY": 99.25, "maxX": 495.5, "maxY": 139.0}, "class_id": 2, "box_caption": "vn_2_line 0.033", "scores": {"class_score": 0.03265380859375}, "domain": "pixel"}, {"position": {"minX": 82.625, "minY": 102.0, "maxX": 281.5, "maxY": 223.75}, "class_id": 1, "box_caption": "vn_1_line 0.032", "scores": {"class_score": 0.032440185546875}, "domain": "pixel"}, {"position": {"minX": 121.0, "minY": 298.0, "maxX": 231.25, "maxY": 382.5}, "class_id": 0, "box_caption": "lao 0.032", "scores": {"class_score": 0.03240966796875}, "domain": "pixel"}, {"position": {"minX": 248.0, "minY": 163.25, "maxX": 413.0, "maxY": 269.75}, "class_id": 2, "box_caption": "vn_2_line 0.032", "scores": {"class_score": 0.032379150390625}, "domain": "pixel"}, {"position": {"minX": 13.6875, "minY": 159.375, "maxX": 224.0, "maxY": 283.5}, "class_id": 2, "box_caption": "vn_2_line 0.032", "scores": {"class_score": 0.0323486328125}, "domain": "pixel"}, {"position": {"minX": 39.25, "minY": 172.125, "maxX": 172.0, "maxY": 264.25}, "class_id": 0, "box_caption": "lao 0.032", "scores": {"class_score": 0.0322265625}, "domain": "pixel"}, {"position": {"minX": 238.5, "minY": 225.875, "maxX": 432.5, "maxY": 347.5}, "class_id": 1, "box_caption": "vn_1_line 0.032", "scores": {"class_score": 0.0318603515625}, "domain": "pixel"}, {"position": {"minX": 177.0, "minY": 26.0, "maxX": 315.25, "maxY": 119.0}, "class_id": 0, "box_caption": "lao 0.032", "scores": {"class_score": 0.03179931640625}, "domain": "pixel"}, {"position": {"minX": 1.15625, "minY": 293.5, "maxX": 99.75, "maxY": 391.5}, "class_id": 2, "box_caption": "vn_2_line 0.032", "scores": {"class_score": 0.031707763671875}, "domain": "pixel"}, {"position": {"minX": 423.25, "minY": 75.25, "maxX": 495.75, "maxY": 148.125}, "class_id": 0, "box_caption": "lao 0.032", "scores": {"class_score": 0.031707763671875}, "domain": "pixel"}, {"position": {"minX": 20.0, "minY": 130.75, "maxX": 222.625, "maxY": 253.5}, "class_id": 2, "box_caption": "vn_2_line 0.032", "scores": {"class_score": 0.031524658203125}, "domain": "pixel"}, {"position": {"minX": -3.5625, "minY": 69.875, "maxX": 180.75, "maxY": 189.625}, "class_id": 1, "box_caption": "vn_1_line 0.031", "scores": {"class_score": 0.031280517578125}, "domain": "pixel"}, {"position": {"minX": 174.5, "minY": 260.0, "maxX": 389.5, "maxY": 375.0}, "class_id": 2, "box_caption": "vn_2_line 0.031", "scores": {"class_score": 0.03118896484375}, "domain": "pixel"}, {"position": {"minX": 427.0, "minY": 69.3125, "maxX": 494.0, "maxY": 150.0}, "class_id": 1, "box_caption": "vn_1_line 0.031", "scores": {"class_score": 0.0311126708984375}, "domain": "pixel"}, {"position": {"minX": 366.0, "minY": 276.5, "maxX": 472.5, "maxY": 325.0}, "class_id": 1, "box_caption": "vn_1_line 0.031", "scores": {"class_score": 0.030670166015625}, "domain": "pixel"}, {"position": {"minX": 181.875, "minY": 174.875, "maxX": 374.0, "maxY": 286.5}, "class_id": 1, "box_caption": "vn_1_line 0.030", "scores": {"class_score": 0.0303802490234375}, "domain": "pixel"}, {"position": {"minX": 175.5, "minY": 94.75, "maxX": 374.0, "maxY": 222.5}, "class_id": 0, "box_caption": "lao 0.030", "scores": {"class_score": 0.030181884765625}, "domain": "pixel"}, {"position": {"minX": 194.0, "minY": 218.25, "maxX": 335.0, "maxY": 313.75}, "class_id": 0, "box_caption": "lao 0.030", "scores": {"class_score": 0.029998779296875}, "domain": "pixel"}, {"position": {"minX": 309.0, "minY": 270.25, "maxX": 491.5, "maxY": 381.75}, "class_id": 2, "box_caption": "vn_2_line 0.030", "scores": {"class_score": 0.0299835205078125}, "domain": "pixel"}, {"position": {"minX": 92.5, "minY": 43.4375, "maxX": 279.75, "maxY": 152.0}, "class_id": 2, "box_caption": "vn_2_line 0.030", "scores": {"class_score": 0.0299224853515625}, "domain": "pixel"}, {"position": {"minX": 114.125, "minY": 302.0, "maxX": 293.0, "maxY": 383.5}, "class_id": 1, "box_caption": "vn_1_line 0.030", "scores": {"class_score": 0.029754638671875}, "domain": "pixel"}, {"position": {"minX": 16.75, "minY": 120.125, "maxX": 146.625, "maxY": 241.125}, "class_id": 0, "box_caption": "lao 0.030", "scores": {"class_score": 0.029541015625}, "domain": "pixel"}, {"position": {"minX": -17.40625, "minY": 259.0, "maxX": 107.5, "maxY": 398.5}, "class_id": 2, "box_caption": "vn_2_line 0.029", "scores": {"class_score": 0.0293426513671875}, "domain": "pixel"}, {"position": {"minX": 369.0, "minY": 278.0, "maxX": 476.5, "maxY": 357.5}, "class_id": 0, "box_caption": "lao 0.029", "scores": {"class_score": 0.02923583984375}, "domain": "pixel"}, {"position": {"minX": 44.5625, "minY": 183.875, "maxX": 179.5, "maxY": 301.0}, "class_id": 0, "box_caption": "lao 0.029", "scores": {"class_score": 0.0291595458984375}, "domain": "pixel"}, {"position": {"minX": -3.3125, "minY": -12.1875, "maxX": 133.25, "maxY": 101.5}, "class_id": 2, "box_caption": "vn_2_line 0.029", "scores": {"class_score": 0.0288543701171875}, "domain": "pixel"}, {"position": {"minX": 46.53125, "minY": 145.125, "maxX": 154.375, "maxY": 254.375}, "class_id": 0, "box_caption": "lao 0.029", "scores": {"class_score": 0.02874755859375}, "domain": "pixel"}, {"position": {"minX": 424.0, "minY": 100.5625, "maxX": 481.5, "maxY": 138.0}, "class_id": 2, "box_caption": "vn_2_line 0.029", "scores": {"class_score": 0.0286712646484375}, "domain": "pixel"}, {"position": {"minX": 144.75, "minY": 225.75, "maxX": 348.25, "maxY": 346.25}, "class_id": 2, "box_caption": "vn_2_line 0.029", "scores": {"class_score": 0.028656005859375}, "domain": "pixel"}, {"position": {"minX": 110.5, "minY": 130.5, "maxX": 308.0, "maxY": 254.0}, "class_id": 1, "box_caption": "vn_1_line 0.029", "scores": {"class_score": 0.02862548828125}, "domain": "pixel"}, {"position": {"minX": 129.75, "minY": 76.0, "maxX": 259.25, "maxY": 185.75}, "class_id": 0, "box_caption": "lao 0.028", "scores": {"class_score": 0.028472900390625}, "domain": "pixel"}, {"position": {"minX": 4.65625, "minY": 91.125, "maxX": 124.75, "maxY": 195.875}, "class_id": 0, "box_caption": "lao 0.028", "scores": {"class_score": 0.028289794921875}, "domain": "pixel"}, {"position": {"minX": 275.75, "minY": 185.75, "maxX": 395.25, "maxY": 298.0}, "class_id": 2, "box_caption": "vn_2_line 0.028", "scores": {"class_score": 0.028106689453125}, "domain": "pixel"}, {"position": {"minX": 179.5, "minY": 199.375, "maxX": 376.5, "maxY": 313.5}, "class_id": 2, "box_caption": "vn_2_line 0.028", "scores": {"class_score": 0.0280914306640625}, "domain": "pixel"}, {"position": {"minX": 245.25, "minY": 264.75, "maxX": 380.75, "maxY": 362.75}, "class_id": 0, "box_caption": "lao 0.028", "scores": {"class_score": 0.0278778076171875}, "domain": "pixel"}, {"position": {"minX": 174.25, "minY": 55.625, "maxX": 309.25, "maxY": 176.25}, "class_id": 0, "box_caption": "lao 0.028", "scores": {"class_score": 0.0278167724609375}, "domain": "pixel"}, {"position": {"minX": 434.75, "minY": 82.0, "maxX": 513.5, "maxY": 147.25}, "class_id": 2, "box_caption": "vn_2_line 0.028", "scores": {"class_score": 0.0277099609375}, "domain": "pixel"}, {"position": {"minX": 24.875, "minY": 102.25, "maxX": 222.625, "maxY": 221.5}, "class_id": 2, "box_caption": "vn_2_line 0.028", "scores": {"class_score": 0.027618408203125}, "domain": "pixel"}, {"position": {"minX": 127.6875, "minY": 140.625, "maxX": 258.25, "maxY": 251.375}, "class_id": 0, "box_caption": "lao 0.028", "scores": {"class_score": 0.0275421142578125}, "domain": "pixel"}, {"position": {"minX": 374.25, "minY": 305.5, "maxX": 482.25, "maxY": 382.0}, "class_id": 1, "box_caption": "vn_1_line 0.028", "scores": {"class_score": 0.0275421142578125}, "domain": "pixel"}, {"position": {"minX": 16.5, "minY": 298.0, "maxX": 127.875, "maxY": 382.5}, "class_id": 0, "box_caption": "lao 0.027", "scores": {"class_score": 0.0273590087890625}, "domain": "pixel"}, {"position": {"minX": 198.875, "minY": 250.25, "maxX": 332.0, "maxY": 344.25}, "class_id": 0, "box_caption": "lao 0.027", "scores": {"class_score": 0.026947021484375}, "domain": "pixel"}, {"position": {"minX": 418.75, "minY": 78.4375, "maxX": 472.25, "maxY": 122.5625}, "class_id": 2, "box_caption": "vn_2_line 0.027", "scores": {"class_score": 0.026641845703125}, "domain": "pixel"}, {"position": {"minX": 92.5625, "minY": 144.75, "maxX": 200.75, "maxY": 252.75}, "class_id": 0, "box_caption": "lao 0.026", "scores": {"class_score": 0.026275634765625}, "domain": "pixel"}, {"position": {"minX": 431.5, "minY": 326.0, "maxX": 545.5, "maxY": 380.0}, "class_id": 0, "box_caption": "lao 0.026", "scores": {"class_score": 0.0261688232421875}, "domain": "pixel"}, {"position": {"minX": 270.5, "minY": 162.125, "maxX": 391.5, "maxY": 265.5}, "class_id": 0, "box_caption": "lao 0.026", "scores": {"class_score": 0.025970458984375}, "domain": "pixel"}, {"position": {"minX": 556.0, "minY": 295.75, "maxX": 646.0, "maxY": 346.75}, "class_id": 0, "box_caption": "lao 0.026", "scores": {"class_score": 0.0255126953125}, "domain": "pixel"}, {"position": {"minX": 585.0, "minY": 2.921875, "maxX": 631.0, "maxY": 41.0}, "class_id": 0, "box_caption": "lao 0.025", "scores": {"class_score": 0.0254974365234375}, "domain": "pixel"}, {"position": {"minX": 428.25, "minY": 78.0625, "maxX": 484.75, "maxY": 123.1875}, "class_id": 1, "box_caption": "vn_1_line 0.025", "scores": {"class_score": 0.025421142578125}, "domain": "pixel"}, {"position": {"minX": 194.5, "minY": 181.75, "maxX": 324.0, "maxY": 281.25}, "class_id": 0, "box_caption": "lao 0.025", "scores": {"class_score": 0.025360107421875}, "domain": "pixel"}, {"position": {"minX": 79.0, "minY": 233.875, "maxX": 285.75, "maxY": 346.5}, "class_id": 2, "box_caption": "vn_2_line 0.025", "scores": {"class_score": 0.0251922607421875}, "domain": "pixel"}, {"position": {"minX": 143.0, "minY": 96.375, "maxX": 340.75, "maxY": 220.625}, "class_id": 1, "box_caption": "vn_1_line 0.025", "scores": {"class_score": 0.0251312255859375}, "domain": "pixel"}, {"position": {"minX": 14.6875, "minY": 230.75, "maxX": 231.0, "maxY": 352.75}, "class_id": 2, "box_caption": "vn_2_line 0.025", "scores": {"class_score": 0.0251312255859375}, "domain": "pixel"}, {"position": {"minX": 9.875, "minY": 191.125, "maxX": 229.875, "maxY": 317.25}, "class_id": 2, "box_caption": "vn_2_line 0.025", "scores": {"class_score": 0.025115966796875}, "domain": "pixel"}, {"position": {"minX": 65.5625, "minY": 313.25, "maxX": 194.5, "maxY": 387.75}, "class_id": 0, "box_caption": "lao 0.025", "scores": {"class_score": 0.0248565673828125}, "domain": "pixel"}, {"position": {"minX": 178.25, "minY": 38.9375, "maxX": 372.25, "maxY": 157.75}, "class_id": 1, "box_caption": "vn_1_line 0.025", "scores": {"class_score": 0.0246124267578125}, "domain": "pixel"}, {"position": {"minX": 335.75, "minY": 0.9765625, "maxX": 373.75, "maxY": 30.75}, "class_id": 0, "box_caption": "lao 0.025", "scores": {"class_score": 0.024566650390625}, "domain": "pixel"}, {"position": {"minX": 27.25, "minY": 69.0, "maxX": 215.5, "maxY": 190.0}, "class_id": 2, "box_caption": "vn_2_line 0.024", "scores": {"class_score": 0.024383544921875}, "domain": "pixel"}, {"position": {"minX": 65.8125, "minY": 85.3125, "maxX": 194.0, "maxY": 181.75}, "class_id": 0, "box_caption": "lao 0.024", "scores": {"class_score": 0.0243377685546875}, "domain": "pixel"}, {"position": {"minX": 204.625, "minY": 77.5, "maxX": 313.0, "maxY": 189.0}, "class_id": 0, "box_caption": "lao 0.024", "scores": {"class_score": 0.024322509765625}, "domain": "pixel"}, {"position": {"minX": 155.125, "minY": 236.75, "maxX": 283.0, "maxY": 329.75}, "class_id": 0, "box_caption": "lao 0.024", "scores": {"class_score": 0.023956298828125}, "domain": "pixel"}, {"position": {"minX": 148.25, "minY": 37.78125, "maxX": 348.5, "maxY": 154.5}, "class_id": 2, "box_caption": "vn_2_line 0.024", "scores": {"class_score": 0.02374267578125}, "domain": "pixel"}, {"position": {"minX": 61.0, "minY": 47.53125, "maxX": 247.0, "maxY": 160.0}, "class_id": 1, "box_caption": "vn_1_line 0.024", "scores": {"class_score": 0.0236358642578125}, "domain": "pixel"}, {"position": {"minX": 93.6875, "minY": 118.4375, "maxX": 228.0, "maxY": 242.5}, "class_id": 0, "box_caption": "lao 0.024", "scores": {"class_score": 0.0235137939453125}, "domain": "pixel"}, {"position": {"minX": 117.125, "minY": 67.0625, "maxX": 312.5, "maxY": 188.75}, "class_id": 2, "box_caption": "vn_2_line 0.023", "scores": {"class_score": 0.023468017578125}, "domain": "pixel"}, {"position": {"minX": 129.25, "minY": 9.09375, "maxX": 300.75, "maxY": 128.0}, "class_id": 2, "box_caption": "vn_2_line 0.023", "scores": {"class_score": 0.0234222412109375}, "domain": "pixel"}, {"position": {"minX": 214.25, "minY": 72.0, "maxX": 364.75, "maxY": 188.0}, "class_id": 2, "box_caption": "vn_2_line 0.023", "scores": {"class_score": 0.023284912109375}, "domain": "pixel"}, {"position": {"minX": 17.21875, "minY": 332.25, "maxX": 123.0, "maxY": 392.25}, "class_id": 1, "box_caption": "vn_1_line 0.023", "scores": {"class_score": 0.0231475830078125}, "domain": "pixel"}, {"position": {"minX": 122.625, "minY": 333.0, "maxX": 226.375, "maxY": 390.0}, "class_id": 1, "box_caption": "vn_1_line 0.023", "scores": {"class_score": 0.022979736328125}, "domain": "pixel"}, {"position": {"minX": 534.0, "minY": 293.75, "maxX": 649.0, "maxY": 385.75}, "class_id": 2, "box_caption": "vn_2_line 0.023", "scores": {"class_score": 0.0228271484375}, "domain": "pixel"}, {"position": {"minX": 189.25, "minY": 237.0, "maxX": 296.75, "maxY": 349.5}, "class_id": 0, "box_caption": "lao 0.023", "scores": {"class_score": 0.022796630859375}, "domain": "pixel"}, {"position": {"minX": 22.625, "minY": 13.90625, "maxX": 219.0, "maxY": 134.0}, "class_id": 1, "box_caption": "vn_1_line 0.023", "scores": {"class_score": 0.0225830078125}, "domain": "pixel"}, {"position": {"minX": 128.0, "minY": 218.25, "maxX": 260.75, "maxY": 338.75}, "class_id": 0, "box_caption": "lao 0.022", "scores": {"class_score": 0.02215576171875}, "domain": "pixel"}, {"position": {"minX": 274.5, "minY": 213.25, "maxX": 430.0, "maxY": 320.25}, "class_id": 1, "box_caption": "vn_1_line 0.022", "scores": {"class_score": 0.0219268798828125}, "domain": "pixel"}, {"position": {"minX": 5.15625, "minY": 251.0, "maxX": 107.25, "maxY": 333.0}, "class_id": 0, "box_caption": "lao 0.022", "scores": {"class_score": 0.0218658447265625}, "domain": "pixel"}, {"position": {"minX": 249.125, "minY": 177.375, "maxX": 413.0, "maxY": 287.25}, "class_id": 1, "box_caption": "vn_1_line 0.022", "scores": {"class_score": 0.021759033203125}, "domain": "pixel"}, {"position": {"minX": 30.375, "minY": 232.375, "maxX": 162.75, "maxY": 351.0}, "class_id": 0, "box_caption": "lao 0.022", "scores": {"class_score": 0.0215606689453125}, "domain": "pixel"}, {"position": {"minX": 142.875, "minY": 106.875, "maxX": 275.0, "maxY": 218.875}, "class_id": 0, "box_caption": "lao 0.021", "scores": {"class_score": 0.021484375}, "domain": "pixel"}, {"position": {"minX": 250.375, "minY": -2.9375, "maxX": 337.0, "maxY": 56.59375}, "class_id": 1, "box_caption": "vn_1_line 0.021", "scores": {"class_score": 0.0214080810546875}, "domain": "pixel"}, {"position": {"minX": 34.375, "minY": 93.0, "maxX": 162.625, "maxY": 204.0}, "class_id": 0, "box_caption": "lao 0.021", "scores": {"class_score": 0.02130126953125}, "domain": "pixel"}, {"position": {"minX": 152.5, "minY": 170.0, "maxX": 344.0, "maxY": 288.25}, "class_id": 2, "box_caption": "vn_2_line 0.021", "scores": {"class_score": 0.0211181640625}, "domain": "pixel"}, {"position": {"minX": 57.5, "minY": 1.34375, "maxX": 180.875, "maxY": 112.5}, "class_id": 0, "box_caption": "lao 0.021", "scores": {"class_score": 0.020904541015625}, "domain": "pixel"}, {"position": {"minX": 115.4375, "minY": 202.125, "maxX": 321.5, "maxY": 315.0}, "class_id": 2, "box_caption": "vn_2_line 0.021", "scores": {"class_score": 0.0208282470703125}, "domain": "pixel"}, {"position": {"minX": 23.1875, "minY": 47.0, "maxX": 157.0, "maxY": 165.5}, "class_id": 0, "box_caption": "lao 0.021", "scores": {"class_score": 0.020721435546875}, "domain": "pixel"}, {"position": {"minX": -8.53125, "minY": 232.5, "maxX": 100.0, "maxY": 353.5}, "class_id": 2, "box_caption": "vn_2_line 0.021", "scores": {"class_score": 0.0206756591796875}, "domain": "pixel"}, {"position": {"minX": 643.5, "minY": 1.8046875, "maxX": 670.5, "maxY": 30.1875}, "class_id": 0, "box_caption": "lao 0.021", "scores": {"class_score": 0.020660400390625}, "domain": "pixel"}, {"position": {"minX": 9.375, "minY": 210.25, "maxX": 147.875, "maxY": 337.75}, "class_id": 0, "box_caption": "lao 0.021", "scores": {"class_score": 0.0206146240234375}, "domain": "pixel"}, {"position": {"minX": 167.875, "minY": 90.125, "maxX": 298.5, "maxY": 184.375}, "class_id": 0, "box_caption": "lao 0.020", "scores": {"class_score": 0.0204925537109375}, "domain": "pixel"}, {"position": {"minX": 154.0, "minY": 27.71875, "maxX": 244.0, "maxY": 98.25}, "class_id": 0, "box_caption": "lao 0.020", "scores": {"class_score": 0.0203399658203125}, "domain": "pixel"}, {"position": {"minX": 4.28125, "minY": 187.5, "maxX": 98.375, "maxY": 280.25}, "class_id": 0, "box_caption": "lao 0.020", "scores": {"class_score": 0.0201263427734375}, "domain": "pixel"}, {"position": {"minX": 544.0, "minY": 290.0, "maxX": 659.0, "maxY": 384.0}, "class_id": 1, "box_caption": "vn_1_line 0.020", "scores": {"class_score": 0.0200958251953125}, "domain": "pixel"}, {"position": {"minX": 25.09375, "minY": 319.75, "maxX": 132.625, "maxY": 392.75}, "class_id": 0, "box_caption": "lao 0.020", "scores": {"class_score": 0.01995849609375}, "domain": "pixel"}, {"position": {"minX": 58.0, "minY": 332.25, "maxX": 162.625, "maxY": 390.75}, "class_id": 1, "box_caption": "vn_1_line 0.020", "scores": {"class_score": 0.0196075439453125}, "domain": "pixel"}, {"position": {"minX": 79.25, "minY": 130.625, "maxX": 280.25, "maxY": 252.625}, "class_id": 2, "box_caption": "vn_2_line 0.020", "scores": {"class_score": 0.0195770263671875}, "domain": "pixel"}, {"position": {"minX": 94.1875, "minY": 167.125, "maxX": 225.75, "maxY": 285.0}, "class_id": 0, "box_caption": "lao 0.020", "scores": {"class_score": 0.01953125}, "domain": "pixel"}, {"position": {"minX": 428.25, "minY": 78.0625, "maxX": 484.75, "maxY": 123.1875}, "class_id": 0, "box_caption": "lao 0.020", "scores": {"class_score": 0.019500732421875}, "domain": "pixel"}, {"position": {"minX": -12.34375, "minY": 194.75, "maxX": 116.75, "maxY": 296.25}, "class_id": 2, "box_caption": "vn_2_line 0.019", "scores": {"class_score": 0.019378662109375}, "domain": "pixel"}, {"position": {"minX": 219.75, "minY": 154.75, "maxX": 400.75, "maxY": 260.5}, "class_id": 1, "box_caption": "vn_1_line 0.019", "scores": {"class_score": 0.018951416015625}, "domain": "pixel"}, {"position": {"minX": 220.5, "minY": 333.0, "maxX": 319.5, "maxY": 389.5}, "class_id": 1, "box_caption": "vn_1_line 0.019", "scores": {"class_score": 0.0189208984375}, "domain": "pixel"}, {"position": {"minX": 447.25, "minY": 20.828125, "maxX": 480.75, "maxY": 44.75}, "class_id": 0, "box_caption": "lao 0.019", "scores": {"class_score": 0.0189056396484375}, "domain": "pixel"}, {"position": {"minX": 424.0, "minY": 339.75, "maxX": 514.0, "maxY": 386.75}, "class_id": 1, "box_caption": "vn_1_line 0.019", "scores": {"class_score": 0.0188751220703125}, "domain": "pixel"}, {"position": {"minX": 642.0, "minY": 11.578125, "maxX": 674.0, "maxY": 46.8125}, "class_id": 2, "box_caption": "vn_2_line 0.019", "scores": {"class_score": 0.0188446044921875}, "domain": "pixel"}, {"position": {"minX": 344.0, "minY": 317.0, "maxX": 460.0, "maxY": 386.5}, "class_id": 0, "box_caption": "lao 0.019", "scores": {"class_score": 0.018798828125}, "domain": "pixel"}, {"position": {"minX": 272.0, "minY": 213.0, "maxX": 399.5, "maxY": 334.0}, "class_id": 2, "box_caption": "vn_2_line 0.019", "scores": {"class_score": 0.01873779296875}, "domain": "pixel"}, {"position": {"minX": 160.375, "minY": 210.0, "maxX": 267.5, "maxY": 316.0}, "class_id": 0, "box_caption": "lao 0.019", "scores": {"class_score": 0.0187225341796875}, "domain": "pixel"}, {"position": {"minX": 478.5, "minY": 311.25, "maxX": 573.5, "maxY": 374.25}, "class_id": 0, "box_caption": "lao 0.019", "scores": {"class_score": 0.0186767578125}, "domain": "pixel"}, {"position": {"minX": 78.5625, "minY": 162.75, "maxX": 282.25, "maxY": 284.75}, "class_id": 2, "box_caption": "vn_2_line 0.019", "scores": {"class_score": 0.018585205078125}, "domain": "pixel"}, {"position": {"minX": 113.75, "minY": 96.8125, "maxX": 312.0, "maxY": 222.75}, "class_id": 2, "box_caption": "vn_2_line 0.018", "scores": {"class_score": 0.018463134765625}, "domain": "pixel"}, {"position": {"minX": 391.0, "minY": 320.0, "maxX": 515.5, "maxY": 390.0}, "class_id": 1, "box_caption": "vn_1_line 0.018", "scores": {"class_score": 0.0183563232421875}, "domain": "pixel"}, {"position": {"minX": 158.25, "minY": 18.78125, "maxX": 278.5, "maxY": 101.25}, "class_id": 1, "box_caption": "vn_1_line 0.018", "scores": {"class_score": 0.0181732177734375}, "domain": "pixel"}, {"position": {"minX": 215.75, "minY": 106.75, "maxX": 377.75, "maxY": 222.25}, "class_id": 2, "box_caption": "vn_2_line 0.018", "scores": {"class_score": 0.0177459716796875}, "domain": "pixel"}, {"position": {"minX": 555.5, "minY": -2.125, "maxX": 650.5, "maxY": 91.75}, "class_id": 0, "box_caption": "lao 0.017", "scores": {"class_score": 0.017425537109375}, "domain": "pixel"}, {"position": {"minX": 284.75, "minY": 334.75, "maxX": 383.25, "maxY": 388.25}, "class_id": 1, "box_caption": "vn_1_line 0.017", "scores": {"class_score": 0.0173797607421875}, "domain": "pixel"}, {"position": {"minX": 47.1875, "minY": 261.0, "maxX": 154.5, "maxY": 364.0}, "class_id": 0, "box_caption": "lao 0.017", "scores": {"class_score": 0.0171966552734375}, "domain": "pixel"}, {"position": {"minX": 185.25, "minY": 9.5, "maxX": 359.75, "maxY": 123.75}, "class_id": 2, "box_caption": "vn_2_line 0.017", "scores": {"class_score": 0.0171661376953125}, "domain": "pixel"}, {"position": {"minX": 3.9375, "minY": -10.3125, "maxX": 109.125, "maxY": 76.375}, "class_id": 0, "box_caption": "lao 0.017", "scores": {"class_score": 0.0169525146484375}, "domain": "pixel"}, {"position": {"minX": 83.1875, "minY": 226.75, "maxX": 212.25, "maxY": 332.75}, "class_id": 0, "box_caption": "lao 0.017", "scores": {"class_score": 0.016754150390625}, "domain": "pixel"}, {"position": {"minX": 235.25, "minY": 147.75, "maxX": 374.75, "maxY": 262.25}, "class_id": 0, "box_caption": "lao 0.017", "scores": {"class_score": 0.0167236328125}, "domain": "pixel"}, {"position": {"minX": 283.25, "minY": 248.875, "maxX": 391.75, "maxY": 364.75}, "class_id": 0, "box_caption": "lao 0.017", "scores": {"class_score": 0.0166015625}, "domain": "pixel"}, {"position": {"minX": 405.25, "minY": 83.375, "maxX": 504.75, "maxY": 157.875}, "class_id": 2, "box_caption": "vn_2_line 0.017", "scores": {"class_score": 0.0166015625}, "domain": "pixel"}, {"position": {"minX": 549.5, "minY": 29.09375, "maxX": 647.5, "maxY": 116.25}, "class_id": 2, "box_caption": "vn_2_line 0.017", "scores": {"class_score": 0.016571044921875}, "domain": "pixel"}, {"position": {"minX": 29.09375, "minY": 342.0, "maxX": 140.25, "maxY": 386.0}, "class_id": 1, "box_caption": "vn_1_line 0.017", "scores": {"class_score": 0.01654052734375}, "domain": "pixel"}, {"position": {"minX": 44.1875, "minY": 285.5, "maxX": 183.5, "maxY": 393.5}, "class_id": 1, "box_caption": "vn_1_line 0.016", "scores": {"class_score": 0.0164794921875}, "domain": "pixel"}, {"position": {"minX": 377.5, "minY": 283.25, "maxX": 488.0, "maxY": 396.75}, "class_id": 2, "box_caption": "vn_2_line 0.016", "scores": {"class_score": 0.0164337158203125}, "domain": "pixel"}, {"position": {"minX": 529.5, "minY": 224.625, "maxX": 564.5, "maxY": 248.125}, "class_id": 0, "box_caption": "lao 0.016", "scores": {"class_score": 0.016387939453125}, "domain": "pixel"}, {"position": {"minX": 214.25, "minY": 72.0, "maxX": 364.75, "maxY": 188.0}, "class_id": 1, "box_caption": "vn_1_line 0.016", "scores": {"class_score": 0.016387939453125}, "domain": "pixel"}, {"position": {"minX": 2.96875, "minY": 290.5, "maxX": 91.125, "maxY": 372.0}, "class_id": 0, "box_caption": "lao 0.016", "scores": {"class_score": 0.0162506103515625}, "domain": "pixel"}, {"position": {"minX": 553.5, "minY": 291.5, "maxX": 641.5, "maxY": 363.5}, "class_id": 1, "box_caption": "vn_1_line 0.016", "scores": {"class_score": 0.0162506103515625}, "domain": "pixel"}, {"position": {"minX": -2.4375, "minY": 342.0, "maxX": 106.8125, "maxY": 385.5}, "class_id": 1, "box_caption": "vn_1_line 0.016", "scores": {"class_score": 0.0162353515625}, "domain": "pixel"}, {"position": {"minX": 75.125, "minY": 286.75, "maxX": 215.375, "maxY": 391.75}, "class_id": 2, "box_caption": "vn_2_line 0.016", "scores": {"class_score": 0.0162353515625}, "domain": "pixel"}], "class_labels": {"0": "lao", "1": "vn_1_line", "2": "vn_2_line"}}