{"box_data": [{"position": {"minX": 268.0, "minY": 31.875, "maxX": 335.5, "maxY": 101.875}, "class_id": 0, "box_caption": "lao 0.332", "scores": {"class_score": 0.33154296875}, "domain": "pixel"}, {"position": {"minX": 516.0, "minY": 197.25, "maxX": 670.0, "maxY": 311.5}, "class_id": 0, "box_caption": "lao 0.295", "scores": {"class_score": 0.295166015625}, "domain": "pixel"}, {"position": {"minX": 392.0, "minY": 336.5, "maxX": 499.5, "maxY": 382.0}, "class_id": 1, "box_caption": "vn_1_line 0.282", "scores": {"class_score": 0.281982421875}, "domain": "pixel"}, {"position": {"minX": -19.53125, "minY": 264.5, "maxX": 142.625, "maxY": 378.0}, "class_id": 0, "box_caption": "lao 0.272", "scores": {"class_score": 0.271728515625}, "domain": "pixel"}, {"position": {"minX": 432.5, "minY": 296.5, "maxX": 592.5, "maxY": 385.0}, "class_id": 0, "box_caption": "lao 0.247", "scores": {"class_score": 0.2467041015625}, "domain": "pixel"}, {"position": {"minX": -14.5, "minY": 280.25, "maxX": 112.9375, "maxY": 397.75}, "class_id": 0, "box_caption": "lao 0.228", "scores": {"class_score": 0.2276611328125}, "domain": "pixel"}, {"position": {"minX": 449.0, "minY": 266.5, "maxX": 610.0, "maxY": 376.5}, "class_id": 0, "box_caption": "lao 0.193", "scores": {"class_score": 0.193115234375}, "domain": "pixel"}, {"position": {"minX": 483.0, "minY": 223.75, "maxX": 644.0, "maxY": 344.75}, "class_id": 0, "box_caption": "lao 0.176", "scores": {"class_score": 0.1763916015625}, "domain": "pixel"}, {"position": {"minX": 419.5, "minY": 323.5, "maxX": 517.0, "maxY": 385.5}, "class_id": 1, "box_caption": "vn_1_line 0.170", "scores": {"class_score": 0.17041015625}, "domain": "pixel"}, {"position": {"minX": 145.75, "minY": 353.0, "maxX": 218.75, "maxY": 381.5}, "class_id": 1, "box_caption": "vn_1_line 0.159", "scores": {"class_score": 0.1588134765625}, "domain": "pixel"}, {"position": {"minX": 310.75, "minY": 13.71875, "maxX": 417.25, "maxY": 81.75}, "class_id": 1, "box_caption": "vn_1_line 0.158", "scores": {"class_score": 0.1578369140625}, "domain": "pixel"}, {"position": {"minX": -17.40625, "minY": 114.875, "maxX": 145.0, "maxY": 222.125}, "class_id": 0, "box_caption": "lao 0.155", "scores": {"class_score": 0.15478515625}, "domain": "pixel"}, {"position": {"minX": -19.53125, "minY": 264.5, "maxX": 142.625, "maxY": 378.0}, "class_id": 2, "box_caption": "vn_2_line 0.154", "scores": {"class_score": 0.1544189453125}, "domain": "pixel"}, {"position": {"minX": -24.125, "minY": 229.5, "maxX": 144.375, "maxY": 352.0}, "class_id": 2, "box_caption": "vn_2_line 0.141", "scores": {"class_score": 0.1405029296875}, "domain": "pixel"}, {"position": {"minX": -24.5625, "minY": 138.125, "maxX": 152.25, "maxY": 253.875}, "class_id": 0, "box_caption": "lao 0.140", "scores": {"class_score": 0.1395263671875}, "domain": "pixel"}, {"position": {"minX": -25.125, "minY": 169.75, "maxX": 150.625, "maxY": 285.25}, "class_id": 0, "box_caption": "lao 0.138", "scores": {"class_score": 0.1380615234375}, "domain": "pixel"}, {"position": {"minX": -24.125, "minY": 229.5, "maxX": 144.375, "maxY": 352.0}, "class_id": 0, "box_caption": "lao 0.136", "scores": {"class_score": 0.1357421875}, "domain": "pixel"}, {"position": {"minX": 233.25, "minY": 113.8125, "maxX": 327.25, "maxY": 162.75}, "class_id": 1, "box_caption": "vn_1_line 0.133", "scores": {"class_score": 0.1326904296875}, "domain": "pixel"}, {"position": {"minX": 260.25, "minY": 26.625, "maxX": 362.25, "maxY": 108.0}, "class_id": 0, "box_caption": "lao 0.127", "scores": {"class_score": 0.1265869140625}, "domain": "pixel"}, {"position": {"minX": 294.75, "minY": 118.6875, "maxX": 387.25, "maxY": 162.0}, "class_id": 1, "box_caption": "vn_1_line 0.125", "scores": {"class_score": 0.1251220703125}, "domain": "pixel"}, {"position": {"minX": -25.125, "minY": 169.75, "maxX": 150.625, "maxY": 285.25}, "class_id": 2, "box_caption": "vn_2_line 0.123", "scores": {"class_score": 0.123046875}, "domain": "pixel"}, {"position": {"minX": -24.1875, "minY": 198.75, "maxX": 145.5, "maxY": 315.75}, "class_id": 0, "box_caption": "lao 0.123", "scores": {"class_score": 0.122802734375}, "domain": "pixel"}, {"position": {"minX": 237.375, "minY": 122.25, "maxX": 321.5, "maxY": 153.75}, "class_id": 1, "box_caption": "vn_1_line 0.117", "scores": {"class_score": 0.1173095703125}, "domain": "pixel"}, {"position": {"minX": 448.25, "minY": 289.75, "maxX": 554.0, "maxY": 398.25}, "class_id": 0, "box_caption": "lao 0.116", "scores": {"class_score": 0.1162109375}, "domain": "pixel"}, {"position": {"minX": 262.25, "minY": 116.75, "maxX": 357.75, "maxY": 164.5}, "class_id": 1, "box_caption": "vn_1_line 0.116", "scores": {"class_score": 0.1162109375}, "domain": "pixel"}, {"position": {"minX": -24.1875, "minY": 198.75, "maxX": 145.5, "maxY": 315.75}, "class_id": 2, "box_caption": "vn_2_line 0.116", "scores": {"class_score": 0.11578369140625}, "domain": "pixel"}, {"position": {"minX": -5.0, "minY": 100.25, "maxX": 159.625, "maxY": 193.25}, "class_id": 1, "box_caption": "vn_1_line 0.113", "scores": {"class_score": 0.1134033203125}, "domain": "pixel"}, {"position": {"minX": 62.0, "minY": 76.625, "maxX": 193.375, "maxY": 183.625}, "class_id": 0, "box_caption": "lao 0.108", "scores": {"class_score": 0.10833740234375}, "domain": "pixel"}, {"position": {"minX": 525.5, "minY": 202.125, "maxX": 632.5, "maxY": 297.75}, "class_id": 0, "box_caption": "lao 0.108", "scores": {"class_score": 0.108154296875}, "domain": "pixel"}, {"position": {"minX": -24.5625, "minY": 138.125, "maxX": 152.25, "maxY": 253.875}, "class_id": 2, "box_caption": "vn_2_line 0.106", "scores": {"class_score": 0.1060791015625}, "domain": "pixel"}, {"position": {"minX": 280.25, "minY": 18.15625, "maxX": 395.25, "maxY": 91.25}, "class_id": 1, "box_caption": "vn_1_line 0.103", "scores": {"class_score": 0.10333251953125}, "domain": "pixel"}, {"position": {"minX": 355.5, "minY": 353.0, "maxX": 431.5, "maxY": 381.5}, "class_id": 1, "box_caption": "vn_1_line 0.101", "scores": {"class_score": 0.100830078125}, "domain": "pixel"}, {"position": {"minX": 430.75, "minY": 317.0, "maxX": 531.5, "maxY": 392.5}, "class_id": 0, "box_caption": "lao 0.084", "scores": {"class_score": 0.0838623046875}, "domain": "pixel"}, {"position": {"minX": 399.0, "minY": -3.3125, "maxX": 512.5, "maxY": 91.75}, "class_id": 0, "box_caption": "lao 0.080", "scores": {"class_score": 0.07989501953125}, "domain": "pixel"}, {"position": {"minX": 370.25, "minY": 346.0, "maxX": 455.75, "maxY": 384.0}, "class_id": 1, "box_caption": "vn_1_line 0.079", "scores": {"class_score": 0.07940673828125}, "domain": "pixel"}, {"position": {"minX": -5.0, "minY": 100.25, "maxX": 159.625, "maxY": 193.25}, "class_id": 0, "box_caption": "lao 0.079", "scores": {"class_score": 0.0792236328125}, "domain": "pixel"}, {"position": {"minX": 7.90625, "minY": 112.0625, "maxX": 119.375, "maxY": 199.5}, "class_id": 1, "box_caption": "vn_1_line 0.078", "scores": {"class_score": 0.078125}, "domain": "pixel"}, {"position": {"minX": 161.375, "minY": 358.25, "maxX": 229.375, "maxY": 383.75}, "class_id": 1, "box_caption": "vn_1_line 0.078", "scores": {"class_score": 0.07781982421875}, "domain": "pixel"}, {"position": {"minX": 401.0, "minY": 316.0, "maxX": 566.5, "maxY": 391.0}, "class_id": 0, "box_caption": "lao 0.076", "scores": {"class_score": 0.0760498046875}, "domain": "pixel"}, {"position": {"minX": 317.0, "minY": 114.3125, "maxX": 410.0, "maxY": 164.0}, "class_id": 1, "box_caption": "vn_1_line 0.076", "scores": {"class_score": 0.07586669921875}, "domain": "pixel"}, {"position": {"minX": -0.875, "minY": 315.25, "maxX": 91.8125, "maxY": 386.75}, "class_id": 0, "box_caption": "lao 0.074", "scores": {"class_score": 0.07421875}, "domain": "pixel"}, {"position": {"minX": 121.5, "minY": 341.5, "maxX": 218.25, "maxY": 385.0}, "class_id": 1, "box_caption": "vn_1_line 0.073", "scores": {"class_score": 0.07275390625}, "domain": "pixel"}, {"position": {"minX": 403.75, "minY": -7.0625, "maxX": 501.25, "maxY": 62.0625}, "class_id": 0, "box_caption": "lao 0.072", "scores": {"class_score": 0.072021484375}, "domain": "pixel"}, {"position": {"minX": 15.6875, "minY": 108.375, "maxX": 212.5, "maxY": 220.875}, "class_id": 0, "box_caption": "lao 0.071", "scores": {"class_score": 0.0714111328125}, "domain": "pixel"}, {"position": {"minX": 401.0, "minY": 316.0, "maxX": 566.5, "maxY": 391.0}, "class_id": 1, "box_caption": "vn_1_line 0.070", "scores": {"class_score": 0.07049560546875}, "domain": "pixel"}, {"position": {"minX": 489.5, "minY": 251.25, "maxX": 596.5, "maxY": 359.75}, "class_id": 0, "box_caption": "lao 0.070", "scores": {"class_score": 0.06988525390625}, "domain": "pixel"}, {"position": {"minX": 432.5, "minY": 296.5, "maxX": 592.5, "maxY": 385.0}, "class_id": 1, "box_caption": "vn_1_line 0.069", "scores": {"class_score": 0.06884765625}, "domain": "pixel"}, {"position": {"minX": 83.0, "minY": 77.5, "maxX": 190.5, "maxY": 165.25}, "class_id": 1, "box_caption": "vn_1_line 0.067", "scores": {"class_score": 0.06707763671875}, "domain": "pixel"}, {"position": {"minX": 512.0, "minY": 212.0, "maxX": 619.0, "maxY": 336.0}, "class_id": 0, "box_caption": "lao 0.066", "scores": {"class_score": 0.066162109375}, "domain": "pixel"}, {"position": {"minX": 89.375, "minY": 333.5, "maxX": 196.625, "maxY": 382.5}, "class_id": 1, "box_caption": "vn_1_line 0.066", "scores": {"class_score": 0.06597900390625}, "domain": "pixel"}, {"position": {"minX": 496.0, "minY": 211.75, "maxX": 654.0, "maxY": 316.75}, "class_id": 2, "box_caption": "vn_2_line 0.062", "scores": {"class_score": 0.062347412109375}, "domain": "pixel"}, {"position": {"minX": -6.0, "minY": 311.5, "maxX": 110.75, "maxY": 389.0}, "class_id": 1, "box_caption": "vn_1_line 0.061", "scores": {"class_score": 0.061004638671875}, "domain": "pixel"}, {"position": {"minX": -17.40625, "minY": 114.875, "maxX": 145.0, "maxY": 222.125}, "class_id": 2, "box_caption": "vn_2_line 0.061", "scores": {"class_score": 0.0606689453125}, "domain": "pixel"}, {"position": {"minX": 532.5, "minY": 224.75, "maxX": 665.5, "maxY": 328.25}, "class_id": 0, "box_caption": "lao 0.060", "scores": {"class_score": 0.059539794921875}, "domain": "pixel"}, {"position": {"minX": 357.25, "minY": -2.90625, "maxX": 461.75, "maxY": 74.75}, "class_id": 0, "box_caption": "lao 0.060", "scores": {"class_score": 0.059539794921875}, "domain": "pixel"}, {"position": {"minX": 7.90625, "minY": 112.0625, "maxX": 119.375, "maxY": 199.5}, "class_id": 0, "box_caption": "lao 0.059", "scores": {"class_score": 0.059478759765625}, "domain": "pixel"}, {"position": {"minX": -15.03125, "minY": 216.75, "maxX": 113.625, "maxY": 331.25}, "class_id": 0, "box_caption": "lao 0.057", "scores": {"class_score": 0.05743408203125}, "domain": "pixel"}, {"position": {"minX": 26.625, "minY": 83.5625, "maxX": 199.875, "maxY": 189.0}, "class_id": 1, "box_caption": "vn_1_line 0.055", "scores": {"class_score": 0.05535888671875}, "domain": "pixel"}, {"position": {"minX": 552.5, "minY": 204.25, "maxX": 671.5, "maxY": 293.75}, "class_id": 0, "box_caption": "lao 0.055", "scores": {"class_score": 0.054779052734375}, "domain": "pixel"}, {"position": {"minX": 543.5, "minY": 170.5, "maxX": 664.5, "maxY": 269.5}, "class_id": 0, "box_caption": "lao 0.055", "scores": {"class_score": 0.054656982421875}, "domain": "pixel"}, {"position": {"minX": 342.75, "minY": -2.4375, "maxX": 453.75, "maxY": 81.875}, "class_id": 1, "box_caption": "vn_1_line 0.053", "scores": {"class_score": 0.0531005859375}, "domain": "pixel"}, {"position": {"minX": 12.3125, "minY": 138.0, "maxX": 215.0, "maxY": 255.25}, "class_id": 0, "box_caption": "lao 0.053", "scores": {"class_score": 0.053009033203125}, "domain": "pixel"}, {"position": {"minX": 523.0, "minY": 191.5, "maxX": 672.0, "maxY": 293.5}, "class_id": 2, "box_caption": "vn_2_line 0.051", "scores": {"class_score": 0.05084228515625}, "domain": "pixel"}, {"position": {"minX": 151.875, "minY": 345.25, "maxX": 231.875, "maxY": 384.75}, "class_id": 1, "box_caption": "vn_1_line 0.051", "scores": {"class_score": 0.050537109375}, "domain": "pixel"}, {"position": {"minX": 310.75, "minY": 13.71875, "maxX": 417.25, "maxY": 81.75}, "class_id": 0, "box_caption": "lao 0.050", "scores": {"class_score": 0.049774169921875}, "domain": "pixel"}, {"position": {"minX": -14.5, "minY": 158.25, "maxX": 115.0, "maxY": 265.0}, "class_id": 0, "box_caption": "lao 0.050", "scores": {"class_score": 0.04974365234375}, "domain": "pixel"}, {"position": {"minX": 279.25, "minY": 44.5625, "maxX": 346.25, "maxY": 100.8125}, "class_id": 0, "box_caption": "lao 0.049", "scores": {"class_score": 0.048828125}, "domain": "pixel"}, {"position": {"minX": 11.25, "minY": 292.0, "maxX": 185.125, "maxY": 393.0}, "class_id": 0, "box_caption": "lao 0.048", "scores": {"class_score": 0.048065185546875}, "domain": "pixel"}, {"position": {"minX": 476.5, "minY": 285.5, "maxX": 582.5, "maxY": 393.0}, "class_id": 0, "box_caption": "lao 0.048", "scores": {"class_score": 0.0479736328125}, "domain": "pixel"}, {"position": {"minX": 348.75, "minY": 356.75, "maxX": 411.75, "maxY": 382.75}, "class_id": 1, "box_caption": "vn_1_line 0.048", "scores": {"class_score": 0.0478515625}, "domain": "pixel"}, {"position": {"minX": 181.5, "minY": 0.75, "maxX": 250.5, "maxY": 54.875}, "class_id": 0, "box_caption": "lao 0.047", "scores": {"class_score": 0.046905517578125}, "domain": "pixel"}, {"position": {"minX": 445.25, "minY": 306.75, "maxX": 553.0, "maxY": 385.25}, "class_id": 1, "box_caption": "vn_1_line 0.047", "scores": {"class_score": 0.046875}, "domain": "pixel"}, {"position": {"minX": 528.0, "minY": -1.109375, "maxX": 571.0, "maxY": 34.125}, "class_id": 0, "box_caption": "lao 0.046", "scores": {"class_score": 0.046417236328125}, "domain": "pixel"}, {"position": {"minX": 181.0, "minY": -6.09375, "maxX": 301.25, "maxY": 93.25}, "class_id": 0, "box_caption": "lao 0.046", "scores": {"class_score": 0.046142578125}, "domain": "pixel"}, {"position": {"minX": 0.71875, "minY": 117.0, "maxX": 97.75, "maxY": 173.5}, "class_id": 1, "box_caption": "vn_1_line 0.046", "scores": {"class_score": 0.04571533203125}, "domain": "pixel"}, {"position": {"minX": 406.75, "minY": 45.03125, "maxX": 522.5, "maxY": 158.375}, "class_id": 2, "box_caption": "vn_2_line 0.045", "scores": {"class_score": 0.04522705078125}, "domain": "pixel"}, {"position": {"minX": 275.75, "minY": 127.5625, "maxX": 352.25, "maxY": 162.0}, "class_id": 1, "box_caption": "vn_1_line 0.045", "scores": {"class_score": 0.0450439453125}, "domain": "pixel"}, {"position": {"minX": 310.5, "minY": 122.375, "maxX": 399.0, "maxY": 155.125}, "class_id": 1, "box_caption": "vn_1_line 0.044", "scores": {"class_score": 0.043853759765625}, "domain": "pixel"}, {"position": {"minX": 57.6875, "minY": 317.75, "maxX": 163.0, "maxY": 384.75}, "class_id": 1, "box_caption": "vn_1_line 0.044", "scores": {"class_score": 0.043792724609375}, "domain": "pixel"}, {"position": {"minX": 330.5, "minY": 3.84375, "maxX": 425.5, "maxY": 72.625}, "class_id": 0, "box_caption": "lao 0.044", "scores": {"class_score": 0.043609619140625}, "domain": "pixel"}, {"position": {"minX": 425.0, "minY": 25.78125, "maxX": 510.0, "maxY": 113.375}, "class_id": 2, "box_caption": "vn_2_line 0.043", "scores": {"class_score": 0.04290771484375}, "domain": "pixel"}, {"position": {"minX": -17.40625, "minY": 114.875, "maxX": 145.0, "maxY": 222.125}, "class_id": 1, "box_caption": "vn_1_line 0.042", "scores": {"class_score": 0.04156494140625}, "domain": "pixel"}, {"position": {"minX": -24.5625, "minY": 138.125, "maxX": 152.25, "maxY": 253.875}, "class_id": 1, "box_caption": "vn_1_line 0.041", "scores": {"class_score": 0.041351318359375}, "domain": "pixel"}, {"position": {"minX": 377.75, "minY": 339.0, "maxX": 469.75, "maxY": 390.5}, "class_id": 1, "box_caption": "vn_1_line 0.041", "scores": {"class_score": 0.041259765625}, "domain": "pixel"}, {"position": {"minX": -25.125, "minY": 169.75, "maxX": 150.625, "maxY": 285.25}, "class_id": 1, "box_caption": "vn_1_line 0.041", "scores": {"class_score": 0.041259765625}, "domain": "pixel"}, {"position": {"minX": -19.53125, "minY": 264.5, "maxX": 142.625, "maxY": 378.0}, "class_id": 1, "box_caption": "vn_1_line 0.041", "scores": {"class_score": 0.040985107421875}, "domain": "pixel"}, {"position": {"minX": 471.0, "minY": 314.75, "maxX": 587.0, "maxY": 388.25}, "class_id": 1, "box_caption": "vn_1_line 0.039", "scores": {"class_score": 0.03912353515625}, "domain": "pixel"}, {"position": {"minX": 8.75, "minY": 164.75, "maxX": 211.0, "maxY": 290.0}, "class_id": 0, "box_caption": "lao 0.038", "scores": {"class_score": 0.038360595703125}, "domain": "pixel"}, {"position": {"minX": 15.6875, "minY": 108.375, "maxX": 212.5, "maxY": 220.875}, "class_id": 1, "box_caption": "vn_1_line 0.038", "scores": {"class_score": 0.038177490234375}, "domain": "pixel"}, {"position": {"minX": 268.0, "minY": 31.875, "maxX": 335.5, "maxY": 101.875}, "class_id": 2, "box_caption": "vn_2_line 0.037", "scores": {"class_score": 0.03741455078125}, "domain": "pixel"}, {"position": {"minX": 216.0, "minY": 117.625, "maxX": 289.5, "maxY": 152.875}, "class_id": 1, "box_caption": "vn_1_line 0.036", "scores": {"class_score": 0.036285400390625}, "domain": "pixel"}, {"position": {"minX": 280.25, "minY": 18.15625, "maxX": 395.25, "maxY": 91.25}, "class_id": 0, "box_caption": "lao 0.036", "scores": {"class_score": 0.036102294921875}, "domain": "pixel"}, {"position": {"minX": 263.0, "minY": 124.625, "maxX": 336.0, "maxY": 153.125}, "class_id": 1, "box_caption": "vn_1_line 0.036", "scores": {"class_score": 0.035980224609375}, "domain": "pixel"}, {"position": {"minX": -24.1875, "minY": 198.75, "maxX": 145.5, "maxY": 315.75}, "class_id": 1, "box_caption": "vn_1_line 0.036", "scores": {"class_score": 0.03564453125}, "domain": "pixel"}, {"position": {"minX": 414.25, "minY": 69.3125, "maxX": 497.25, "maxY": 160.75}, "class_id": 2, "box_caption": "vn_2_line 0.035", "scores": {"class_score": 0.035491943359375}, "domain": "pixel"}, {"position": {"minX": 14.09375, "minY": 299.0, "maxX": 128.125, "maxY": 388.5}, "class_id": 0, "box_caption": "lao 0.035", "scores": {"class_score": 0.0345458984375}, "domain": "pixel"}, {"position": {"minX": -2.84375, "minY": 134.0, "maxX": 116.875, "maxY": 230.75}, "class_id": 0, "box_caption": "lao 0.034", "scores": {"class_score": 0.034149169921875}, "domain": "pixel"}, {"position": {"minX": 221.0, "minY": 15.84375, "maxX": 336.0, "maxY": 92.5}, "class_id": 1, "box_caption": "vn_1_line 0.033", "scores": {"class_score": 0.033477783203125}, "domain": "pixel"}, {"position": {"minX": -2.28125, "minY": 284.5, "maxX": 93.875, "maxY": 400.0}, "class_id": 2, "box_caption": "vn_2_line 0.033", "scores": {"class_score": 0.033111572265625}, "domain": "pixel"}, {"position": {"minX": 254.875, "minY": 22.59375, "maxX": 358.0, "maxY": 101.25}, "class_id": 1, "box_caption": "vn_1_line 0.032", "scores": {"class_score": 0.031982421875}, "domain": "pixel"}, {"position": {"minX": -24.125, "minY": 229.5, "maxX": 144.375, "maxY": 352.0}, "class_id": 1, "box_caption": "vn_1_line 0.031", "scores": {"class_score": 0.031219482421875}, "domain": "pixel"}, {"position": {"minX": 190.375, "minY": -0.5625, "maxX": 300.0, "maxY": 86.8125}, "class_id": 1, "box_caption": "vn_1_line 0.031", "scores": {"class_score": 0.0312042236328125}, "domain": "pixel"}, {"position": {"minX": 235.5, "minY": 118.6875, "maxX": 370.5, "maxY": 171.5}, "class_id": 1, "box_caption": "vn_1_line 0.031", "scores": {"class_score": 0.031036376953125}, "domain": "pixel"}, {"position": {"minX": 449.0, "minY": 266.5, "maxX": 610.0, "maxY": 376.5}, "class_id": 1, "box_caption": "vn_1_line 0.031", "scores": {"class_score": 0.031036376953125}, "domain": "pixel"}, {"position": {"minX": 496.0, "minY": 211.75, "maxX": 654.0, "maxY": 316.75}, "class_id": 1, "box_caption": "vn_1_line 0.030", "scores": {"class_score": 0.0303955078125}, "domain": "pixel"}, {"position": {"minX": 310.5, "minY": 30.5625, "maxX": 403.0, "maxY": 77.3125}, "class_id": 1, "box_caption": "vn_1_line 0.030", "scores": {"class_score": 0.03009033203125}, "domain": "pixel"}, {"position": {"minX": 449.0, "minY": 266.5, "maxX": 610.0, "maxY": 376.5}, "class_id": 2, "box_caption": "vn_2_line 0.030", "scores": {"class_score": 0.02972412109375}, "domain": "pixel"}, {"position": {"minX": 19.25, "minY": 318.75, "maxX": 141.375, "maxY": 389.75}, "class_id": 1, "box_caption": "vn_1_line 0.030", "scores": {"class_score": 0.0295562744140625}, "domain": "pixel"}, {"position": {"minX": 371.5, "minY": -6.375, "maxX": 506.5, "maxY": 91.375}, "class_id": 1, "box_caption": "vn_1_line 0.029", "scores": {"class_score": 0.029388427734375}, "domain": "pixel"}, {"position": {"minX": 103.375, "minY": 346.75, "maxX": 193.125, "maxY": 385.25}, "class_id": 1, "box_caption": "vn_1_line 0.029", "scores": {"class_score": 0.028839111328125}, "domain": "pixel"}, {"position": {"minX": -4.328125, "minY": -1.578125, "maxX": 41.4375, "maxY": 32.6875}, "class_id": 0, "box_caption": "lao 0.028", "scores": {"class_score": 0.0284271240234375}, "domain": "pixel"}, {"position": {"minX": 42.21875, "minY": 78.75, "maxX": 153.5, "maxY": 169.875}, "class_id": 1, "box_caption": "vn_1_line 0.028", "scores": {"class_score": 0.028076171875}, "domain": "pixel"}, {"position": {"minX": 176.5, "minY": 355.5, "maxX": 244.25, "maxY": 380.5}, "class_id": 1, "box_caption": "vn_1_line 0.028", "scores": {"class_score": 0.02777099609375}, "domain": "pixel"}, {"position": {"minX": 377.5, "minY": 84.8125, "maxX": 504.0, "maxY": 184.25}, "class_id": 0, "box_caption": "lao 0.028", "scores": {"class_score": 0.027740478515625}, "domain": "pixel"}, {"position": {"minX": 272.25, "minY": 51.6875, "maxX": 331.75, "maxY": 93.1875}, "class_id": 0, "box_caption": "lao 0.028", "scores": {"class_score": 0.0275421142578125}, "domain": "pixel"}, {"position": {"minX": 94.0, "minY": 71.625, "maxX": 193.75, "maxY": 130.625}, "class_id": 1, "box_caption": "vn_1_line 0.027", "scores": {"class_score": 0.0274200439453125}, "domain": "pixel"}, {"position": {"minX": 12.3125, "minY": 138.0, "maxX": 215.0, "maxY": 255.25}, "class_id": 1, "box_caption": "vn_1_line 0.027", "scores": {"class_score": 0.0267791748046875}, "domain": "pixel"}, {"position": {"minX": 210.25, "minY": 11.90625, "maxX": 346.25, "maxY": 100.0}, "class_id": 0, "box_caption": "lao 0.027", "scores": {"class_score": 0.0265045166015625}, "domain": "pixel"}, {"position": {"minX": 330.5, "minY": 3.84375, "maxX": 425.5, "maxY": 72.625}, "class_id": 1, "box_caption": "vn_1_line 0.026", "scores": {"class_score": 0.02630615234375}, "domain": "pixel"}, {"position": {"minX": 293.75, "minY": 125.3125, "maxX": 368.75, "maxY": 155.0}, "class_id": 1, "box_caption": "vn_1_line 0.026", "scores": {"class_score": 0.0261688232421875}, "domain": "pixel"}, {"position": {"minX": 432.5, "minY": 296.5, "maxX": 592.5, "maxY": 385.0}, "class_id": 2, "box_caption": "vn_2_line 0.026", "scores": {"class_score": 0.0259246826171875}, "domain": "pixel"}, {"position": {"minX": 42.21875, "minY": 78.75, "maxX": 153.5, "maxY": 169.875}, "class_id": 0, "box_caption": "lao 0.026", "scores": {"class_score": 0.0256805419921875}, "domain": "pixel"}, {"position": {"minX": 43.1875, "minY": 95.9375, "maxX": 184.0, "maxY": 198.75}, "class_id": 0, "box_caption": "lao 0.025", "scores": {"class_score": 0.025421142578125}, "domain": "pixel"}, {"position": {"minX": 523.0, "minY": 191.5, "maxX": 672.0, "maxY": 293.5}, "class_id": 1, "box_caption": "vn_1_line 0.025", "scores": {"class_score": 0.025146484375}, "domain": "pixel"}, {"position": {"minX": 84.375, "minY": 342.75, "maxX": 163.625, "maxY": 383.25}, "class_id": 1, "box_caption": "vn_1_line 0.025", "scores": {"class_score": 0.02459716796875}, "domain": "pixel"}, {"position": {"minX": 367.5, "minY": 333.0, "maxX": 539.0, "maxY": 384.5}, "class_id": 1, "box_caption": "vn_1_line 0.025", "scores": {"class_score": 0.02459716796875}, "domain": "pixel"}, {"position": {"minX": 572.5, "minY": 169.875, "maxX": 620.5, "maxY": 209.125}, "class_id": 2, "box_caption": "vn_2_line 0.024", "scores": {"class_score": 0.0244598388671875}, "domain": "pixel"}, {"position": {"minX": 231.625, "minY": 119.8125, "maxX": 301.25, "maxY": 148.125}, "class_id": 1, "box_caption": "vn_1_line 0.024", "scores": {"class_score": 0.024261474609375}, "domain": "pixel"}, {"position": {"minX": -4.5625, "minY": 249.75, "maxX": 102.25, "maxY": 363.25}, "class_id": 0, "box_caption": "lao 0.024", "scores": {"class_score": 0.023712158203125}, "domain": "pixel"}, {"position": {"minX": 530.0, "minY": 4.03125, "maxX": 580.0, "maxY": 52.40625}, "class_id": 0, "box_caption": "lao 0.024", "scores": {"class_score": 0.0236053466796875}, "domain": "pixel"}, {"position": {"minX": 212.25, "minY": 108.625, "maxX": 298.5, "maxY": 162.625}, "class_id": 1, "box_caption": "vn_1_line 0.023", "scores": {"class_score": 0.0234832763671875}, "domain": "pixel"}, {"position": {"minX": 383.5, "minY": 341.5, "maxX": 456.0, "maxY": 375.0}, "class_id": 1, "box_caption": "vn_1_line 0.023", "scores": {"class_score": 0.0233306884765625}, "domain": "pixel"}, {"position": {"minX": 127.125, "minY": 353.0, "maxX": 201.375, "maxY": 382.5}, "class_id": 1, "box_caption": "vn_1_line 0.023", "scores": {"class_score": 0.0233001708984375}, "domain": "pixel"}, {"position": {"minX": 399.0, "minY": -3.3125, "maxX": 512.5, "maxY": 91.75}, "class_id": 2, "box_caption": "vn_2_line 0.023", "scores": {"class_score": 0.02313232421875}, "domain": "pixel"}, {"position": {"minX": -3.9375, "minY": 187.75, "maxX": 103.75, "maxY": 298.5}, "class_id": 0, "box_caption": "lao 0.023", "scores": {"class_score": 0.02301025390625}, "domain": "pixel"}, {"position": {"minX": 233.5, "minY": 125.875, "maxX": 300.0, "maxY": 158.875}, "class_id": 1, "box_caption": "vn_1_line 0.023", "scores": {"class_score": 0.0228424072265625}, "domain": "pixel"}, {"position": {"minX": 104.625, "minY": 339.25, "maxX": 218.625, "maxY": 401.25}, "class_id": 1, "box_caption": "vn_1_line 0.023", "scores": {"class_score": 0.022735595703125}, "domain": "pixel"}, {"position": {"minX": -5.0, "minY": 100.25, "maxX": 159.625, "maxY": 193.25}, "class_id": 2, "box_caption": "vn_2_line 0.022", "scores": {"class_score": 0.022125244140625}, "domain": "pixel"}, {"position": {"minX": 544.0, "minY": 213.0, "maxX": 668.0, "maxY": 333.0}, "class_id": 2, "box_caption": "vn_2_line 0.022", "scores": {"class_score": 0.021942138671875}, "domain": "pixel"}, {"position": {"minX": 62.6875, "minY": 129.875, "maxX": 194.25, "maxY": 231.125}, "class_id": 0, "box_caption": "lao 0.022", "scores": {"class_score": 0.0218505859375}, "domain": "pixel"}, {"position": {"minX": 348.75, "minY": -1.625, "maxX": 437.75, "maxY": 59.375}, "class_id": 0, "box_caption": "lao 0.022", "scores": {"class_score": 0.0218353271484375}, "domain": "pixel"}, {"position": {"minX": 58.625, "minY": 75.5, "maxX": 210.375, "maxY": 191.0}, "class_id": 2, "box_caption": "vn_2_line 0.022", "scores": {"class_score": 0.0218048095703125}, "domain": "pixel"}, {"position": {"minX": 40.0, "minY": 65.875, "maxX": 209.75, "maxY": 138.25}, "class_id": 1, "box_caption": "vn_1_line 0.022", "scores": {"class_score": 0.0217742919921875}, "domain": "pixel"}, {"position": {"minX": 260.25, "minY": 26.625, "maxX": 362.25, "maxY": 108.0}, "class_id": 2, "box_caption": "vn_2_line 0.021", "scores": {"class_score": 0.0214385986328125}, "domain": "pixel"}, {"position": {"minX": 406.75, "minY": 45.03125, "maxX": 522.5, "maxY": 158.375}, "class_id": 0, "box_caption": "lao 0.021", "scores": {"class_score": 0.0213165283203125}, "domain": "pixel"}, {"position": {"minX": 11.25, "minY": 292.0, "maxX": 185.125, "maxY": 393.0}, "class_id": 1, "box_caption": "vn_1_line 0.021", "scores": {"class_score": 0.021148681640625}, "domain": "pixel"}, {"position": {"minX": 386.0, "minY": -5.609375, "maxX": 494.0, "maxY": 64.25}, "class_id": 1, "box_caption": "vn_1_line 0.021", "scores": {"class_score": 0.0208740234375}, "domain": "pixel"}, {"position": {"minX": 93.125, "minY": 83.125, "maxX": 192.125, "maxY": 162.625}, "class_id": 0, "box_caption": "lao 0.021", "scores": {"class_score": 0.0207366943359375}, "domain": "pixel"}, {"position": {"minX": 239.5, "minY": 91.375, "maxX": 334.5, "maxY": 146.375}, "class_id": 1, "box_caption": "vn_1_line 0.021", "scores": {"class_score": 0.02056884765625}, "domain": "pixel"}, {"position": {"minX": 526.5, "minY": -4.3125, "maxX": 595.5, "maxY": 50.1875}, "class_id": 0, "box_caption": "lao 0.020", "scores": {"class_score": 0.0197906494140625}, "domain": "pixel"}, {"position": {"minX": 543.5, "minY": 170.5, "maxX": 664.5, "maxY": 269.5}, "class_id": 2, "box_caption": "vn_2_line 0.020", "scores": {"class_score": 0.0197296142578125}, "domain": "pixel"}, {"position": {"minX": 8.75, "minY": 164.75, "maxX": 211.0, "maxY": 290.0}, "class_id": 1, "box_caption": "vn_1_line 0.020", "scores": {"class_score": 0.01971435546875}, "domain": "pixel"}, {"position": {"minX": 10.125, "minY": 191.375, "maxX": 191.375, "maxY": 321.0}, "class_id": 0, "box_caption": "lao 0.020", "scores": {"class_score": 0.0196380615234375}, "domain": "pixel"}, {"position": {"minX": 359.25, "minY": 101.0, "maxX": 462.75, "maxY": 169.75}, "class_id": 1, "box_caption": "vn_1_line 0.020", "scores": {"class_score": 0.019500732421875}, "domain": "pixel"}, {"position": {"minX": 429.5, "minY": 1.0, "maxX": 526.5, "maxY": 100.75}, "class_id": 0, "box_caption": "lao 0.019", "scores": {"class_score": 0.019134521484375}, "domain": "pixel"}, {"position": {"minX": 409.5, "minY": 88.5, "maxX": 493.5, "maxY": 168.5}, "class_id": 0, "box_caption": "lao 0.019", "scores": {"class_score": 0.01904296875}, "domain": "pixel"}, {"position": {"minX": 7.78125, "minY": 112.875, "maxX": 94.25, "maxY": 156.125}, "class_id": 1, "box_caption": "vn_1_line 0.019", "scores": {"class_score": 0.01885986328125}, "domain": "pixel"}, {"position": {"minX": 189.875, "minY": -2.28125, "maxX": 282.5, "maxY": 69.625}, "class_id": 0, "box_caption": "lao 0.019", "scores": {"class_score": 0.0185394287109375}, "domain": "pixel"}, {"position": {"minX": 1.59375, "minY": 218.5, "maxX": 95.0, "maxY": 309.5}, "class_id": 0, "box_caption": "lao 0.019", "scores": {"class_score": 0.018524169921875}, "domain": "pixel"}, {"position": {"minX": 15.6875, "minY": 108.375, "maxX": 212.5, "maxY": 220.875}, "class_id": 2, "box_caption": "vn_2_line 0.018", "scores": {"class_score": 0.0184326171875}, "domain": "pixel"}, {"position": {"minX": 532.5, "minY": 0.140625, "maxX": 580.5, "maxY": 49.75}, "class_id": 2, "box_caption": "vn_2_line 0.018", "scores": {"class_score": 0.0183868408203125}, "domain": "pixel"}, {"position": {"minX": 506.0, "minY": 236.125, "maxX": 602.0, "maxY": 320.5}, "class_id": 0, "box_caption": "lao 0.018", "scores": {"class_score": 0.018341064453125}, "domain": "pixel"}, {"position": {"minX": 261.0, "minY": 58.0, "maxX": 358.5, "maxY": 132.0}, "class_id": 1, "box_caption": "vn_1_line 0.018", "scores": {"class_score": 0.0182037353515625}, "domain": "pixel"}, {"position": {"minX": 332.25, "minY": 350.25, "maxX": 419.25, "maxY": 388.25}, "class_id": 1, "box_caption": "vn_1_line 0.018", "scores": {"class_score": 0.01812744140625}, "domain": "pixel"}, {"position": {"minX": -12.4375, "minY": 247.75, "maxX": 99.5625, "maxY": 368.25}, "class_id": 2, "box_caption": "vn_2_line 0.018", "scores": {"class_score": 0.0180511474609375}, "domain": "pixel"}, {"position": {"minX": 331.75, "minY": 357.75, "maxX": 395.25, "maxY": 384.75}, "class_id": 1, "box_caption": "vn_1_line 0.018", "scores": {"class_score": 0.0179443359375}, "domain": "pixel"}, {"position": {"minX": 406.75, "minY": 323.25, "maxX": 519.0, "maxY": 382.75}, "class_id": 0, "box_caption": "lao 0.018", "scores": {"class_score": 0.0175933837890625}, "domain": "pixel"}, {"position": {"minX": 313.25, "minY": 18.0, "maxX": 397.75, "maxY": 62.125}, "class_id": 1, "box_caption": "vn_1_line 0.017", "scores": {"class_score": 0.017425537109375}, "domain": "pixel"}, {"position": {"minX": -5.0625, "minY": -8.3125, "maxX": 111.5625, "maxY": 97.0625}, "class_id": 0, "box_caption": "lao 0.017", "scores": {"class_score": 0.0173797607421875}, "domain": "pixel"}, {"position": {"minX": 57.6875, "minY": 317.75, "maxX": 163.0, "maxY": 384.75}, "class_id": 0, "box_caption": "lao 0.017", "scores": {"class_score": 0.0169219970703125}, "domain": "pixel"}, {"position": {"minX": 468.0, "minY": 283.25, "maxX": 566.0, "maxY": 363.25}, "class_id": 1, "box_caption": "vn_1_line 0.017", "scores": {"class_score": 0.016693115234375}, "domain": "pixel"}, {"position": {"minX": -11.03125, "minY": 218.625, "maxX": 99.875, "maxY": 334.0}, "class_id": 2, "box_caption": "vn_2_line 0.017", "scores": {"class_score": 0.01654052734375}, "domain": "pixel"}, {"position": {"minX": 3.421875, "minY": -2.0859375, "maxX": 47.6875, "maxY": 22.78125}, "class_id": 0, "box_caption": "lao 0.016", "scores": {"class_score": 0.01629638671875}, "domain": "pixel"}, {"position": {"minX": 405.75, "minY": 17.90625, "maxX": 520.5, "maxY": 121.875}, "class_id": 0, "box_caption": "lao 0.016", "scores": {"class_score": 0.0162353515625}, "domain": "pixel"}, {"position": {"minX": -11.15625, "minY": 183.75, "maxX": 101.0, "maxY": 304.0}, "class_id": 2, "box_caption": "vn_2_line 0.016", "scores": {"class_score": 0.01605224609375}, "domain": "pixel"}, {"position": {"minX": 491.0, "minY": 237.375, "maxX": 619.0, "maxY": 323.0}, "class_id": 1, "box_caption": "vn_1_line 0.016", "scores": {"class_score": 0.0159454345703125}, "domain": "pixel"}, {"position": {"minX": -4.875, "minY": 120.0, "maxX": 100.375, "maxY": 194.5}, "class_id": 2, "box_caption": "vn_2_line 0.016", "scores": {"class_score": 0.01552581787109375}, "domain": "pixel"}, {"position": {"minX": 12.3125, "minY": 138.0, "maxX": 215.0, "maxY": 255.25}, "class_id": 2, "box_caption": "vn_2_line 0.015", "scores": {"class_score": 0.01535797119140625}, "domain": "pixel"}, {"position": {"minX": 261.0, "minY": 58.0, "maxX": 358.5, "maxY": 132.0}, "class_id": 0, "box_caption": "lao 0.015", "scores": {"class_score": 0.01526641845703125}, "domain": "pixel"}, {"position": {"minX": 574.5, "minY": 174.875, "maxX": 619.5, "maxY": 205.125}, "class_id": 0, "box_caption": "lao 0.015", "scores": {"class_score": 0.0149688720703125}, "domain": "pixel"}, {"position": {"minX": 489.5, "minY": 251.25, "maxX": 596.5, "maxY": 359.75}, "class_id": 1, "box_caption": "vn_1_line 0.015", "scores": {"class_score": 0.01493072509765625}, "domain": "pixel"}, {"position": {"minX": 82.625, "minY": 317.75, "maxX": 189.625, "maxY": 391.25}, "class_id": 1, "box_caption": "vn_1_line 0.015", "scores": {"class_score": 0.0149078369140625}, "domain": "pixel"}, {"position": {"minX": 52.84375, "minY": 2.421875, "maxX": 119.125, "maxY": 33.1875}, "class_id": 1, "box_caption": "vn_1_line 0.014", "scores": {"class_score": 0.01445770263671875}, "domain": "pixel"}, {"position": {"minX": 82.25, "minY": 104.125, "maxX": 202.5, "maxY": 220.375}, "class_id": 0, "box_caption": "lao 0.014", "scores": {"class_score": 0.01444244384765625}, "domain": "pixel"}, {"position": {"minX": 282.0, "minY": 75.75, "maxX": 379.5, "maxY": 141.25}, "class_id": 1, "box_caption": "vn_1_line 0.014", "scores": {"class_score": 0.014434814453125}, "domain": "pixel"}, {"position": {"minX": 33.625, "minY": 190.0, "maxX": 160.75, "maxY": 296.25}, "class_id": 0, "box_caption": "lao 0.014", "scores": {"class_score": 0.01442718505859375}, "domain": "pixel"}, {"position": {"minX": 467.75, "minY": 320.25, "maxX": 571.5, "maxY": 392.25}, "class_id": 0, "box_caption": "lao 0.014", "scores": {"class_score": 0.01424407958984375}, "domain": "pixel"}, {"position": {"minX": 37.65625, "minY": 0.59375, "maxX": 103.875, "maxY": 28.71875}, "class_id": 1, "box_caption": "vn_1_line 0.014", "scores": {"class_score": 0.0140838623046875}, "domain": "pixel"}, {"position": {"minX": 493.25, "minY": 226.25, "maxX": 629.0, "maxY": 349.75}, "class_id": 2, "box_caption": "vn_2_line 0.014", "scores": {"class_score": 0.014007568359375}, "domain": "pixel"}, {"position": {"minX": 32.5, "minY": -7.640625, "maxX": 124.0, "maxY": 48.5}, "class_id": 1, "box_caption": "vn_1_line 0.014", "scores": {"class_score": 0.01397705078125}, "domain": "pixel"}, {"position": {"minX": 544.5, "minY": 217.5, "maxX": 672.5, "maxY": 309.5}, "class_id": 1, "box_caption": "vn_1_line 0.014", "scores": {"class_score": 0.013885498046875}, "domain": "pixel"}, {"position": {"minX": 485.5, "minY": 260.0, "maxX": 666.5, "maxY": 370.5}, "class_id": 0, "box_caption": "lao 0.014", "scores": {"class_score": 0.01373291015625}, "domain": "pixel"}, {"position": {"minX": 505.5, "minY": 262.75, "maxX": 629.5, "maxY": 359.25}, "class_id": 0, "box_caption": "lao 0.014", "scores": {"class_score": 0.01371002197265625}, "domain": "pixel"}, {"position": {"minX": -0.875, "minY": 315.25, "maxX": 91.8125, "maxY": 386.75}, "class_id": 2, "box_caption": "vn_2_line 0.014", "scores": {"class_score": 0.0136260986328125}, "domain": "pixel"}, {"position": {"minX": 32.625, "minY": 121.4375, "maxX": 165.0, "maxY": 236.0}, "class_id": 0, "box_caption": "lao 0.014", "scores": {"class_score": 0.01360321044921875}, "domain": "pixel"}, {"position": {"minX": 31.125, "minY": 340.75, "maxX": 135.875, "maxY": 388.75}, "class_id": 1, "box_caption": "vn_1_line 0.014", "scores": {"class_score": 0.01358795166015625}, "domain": "pixel"}, {"position": {"minX": 89.0, "minY": 177.5, "maxX": 203.0, "maxY": 275.25}, "class_id": 0, "box_caption": "lao 0.013", "scores": {"class_score": 0.0134735107421875}, "domain": "pixel"}, {"position": {"minX": 468.0, "minY": 334.5, "maxX": 568.0, "maxY": 390.5}, "class_id": 1, "box_caption": "vn_1_line 0.013", "scores": {"class_score": 0.01329803466796875}, "domain": "pixel"}, {"position": {"minX": 107.5625, "minY": 10.640625, "maxX": 156.25, "maxY": 47.375}, "class_id": 0, "box_caption": "lao 0.013", "scores": {"class_score": 0.01326751708984375}, "domain": "pixel"}, {"position": {"minX": 397.5, "minY": 334.5, "maxX": 494.0, "maxY": 384.5}, "class_id": 0, "box_caption": "lao 0.013", "scores": {"class_score": 0.01326751708984375}, "domain": "pixel"}, {"position": {"minX": 429.0, "minY": 341.0, "maxX": 540.0, "maxY": 388.0}, "class_id": 1, "box_caption": "vn_1_line 0.013", "scores": {"class_score": 0.01322174072265625}, "domain": "pixel"}, {"position": {"minX": 10.125, "minY": 191.375, "maxX": 191.375, "maxY": 321.0}, "class_id": 1, "box_caption": "vn_1_line 0.013", "scores": {"class_score": 0.0131988525390625}, "domain": "pixel"}, {"position": {"minX": 8.75, "minY": 164.75, "maxX": 211.0, "maxY": 290.0}, "class_id": 2, "box_caption": "vn_2_line 0.013", "scores": {"class_score": 0.01313018798828125}, "domain": "pixel"}, {"position": {"minX": 5.53125, "minY": 290.0, "maxX": 106.0, "maxY": 373.0}, "class_id": 0, "box_caption": "lao 0.013", "scores": {"class_score": 0.013031005859375}, "domain": "pixel"}, {"position": {"minX": 87.5, "minY": 155.5, "maxX": 225.25, "maxY": 253.0}, "class_id": 0, "box_caption": "lao 0.013", "scores": {"class_score": 0.013031005859375}, "domain": "pixel"}, {"position": {"minX": 446.25, "minY": 324.5, "maxX": 580.5, "maxY": 402.5}, "class_id": 1, "box_caption": "vn_1_line 0.013", "scores": {"class_score": 0.01300811767578125}, "domain": "pixel"}, {"position": {"minX": 101.0, "minY": 339.25, "maxX": 177.25, "maxY": 377.75}, "class_id": 1, "box_caption": "vn_1_line 0.013", "scores": {"class_score": 0.012847900390625}, "domain": "pixel"}, {"position": {"minX": 494.0, "minY": 298.25, "maxX": 594.0, "maxY": 380.25}, "class_id": 0, "box_caption": "lao 0.013", "scores": {"class_score": 0.012664794921875}, "domain": "pixel"}, {"position": {"minX": 377.5, "minY": 84.8125, "maxX": 504.0, "maxY": 184.25}, "class_id": 1, "box_caption": "vn_1_line 0.013", "scores": {"class_score": 0.01265716552734375}, "domain": "pixel"}, {"position": {"minX": -11.1875, "minY": 122.0, "maxX": 102.4375, "maxY": 240.5}, "class_id": 2, "box_caption": "vn_2_line 0.013", "scores": {"class_score": 0.01262664794921875}, "domain": "pixel"}, {"position": {"minX": -8.625, "minY": 159.25, "maxX": 100.875, "maxY": 269.0}, "class_id": 2, "box_caption": "vn_2_line 0.012", "scores": {"class_score": 0.012451171875}, "domain": "pixel"}, {"position": {"minX": 575.5, "minY": 228.75, "maxX": 671.5, "maxY": 306.25}, "class_id": 0, "box_caption": "lao 0.012", "scores": {"class_score": 0.012420654296875}, "domain": "pixel"}, {"position": {"minX": 347.75, "minY": 332.5, "maxX": 468.25, "maxY": 396.5}, "class_id": 1, "box_caption": "vn_1_line 0.012", "scores": {"class_score": 0.01241302490234375}, "domain": "pixel"}, {"position": {"minX": 372.0, "minY": 67.5, "maxX": 523.5, "maxY": 168.5}, "class_id": 2, "box_caption": "vn_2_line 0.012", "scores": {"class_score": 0.0123748779296875}, "domain": "pixel"}, {"position": {"minX": 548.0, "minY": 193.5, "maxX": 633.0, "maxY": 264.5}, "class_id": 0, "box_caption": "lao 0.012", "scores": {"class_score": 0.01227569580078125}, "domain": "pixel"}, {"position": {"minX": 219.125, "minY": 37.53125, "maxX": 365.0, "maxY": 105.75}, "class_id": 1, "box_caption": "vn_1_line 0.012", "scores": {"class_score": 0.01227569580078125}, "domain": "pixel"}, {"position": {"minX": -5.0625, "minY": -8.3125, "maxX": 111.5625, "maxY": 97.0625}, "class_id": 2, "box_caption": "vn_2_line 0.012", "scores": {"class_score": 0.01215362548828125}, "domain": "pixel"}, {"position": {"minX": 431.25, "minY": 50.25, "maxX": 512.0, "maxY": 124.25}, "class_id": 2, "box_caption": "vn_2_line 0.012", "scores": {"class_score": 0.01207733154296875}, "domain": "pixel"}, {"position": {"minX": 68.0625, "minY": 103.625, "maxX": 197.0, "maxY": 195.375}, "class_id": 1, "box_caption": "vn_1_line 0.012", "scores": {"class_score": 0.01186370849609375}, "domain": "pixel"}, {"position": {"minX": 583.0, "minY": 196.125, "maxX": 666.0, "maxY": 274.5}, "class_id": 0, "box_caption": "lao 0.012", "scores": {"class_score": 0.01165008544921875}, "domain": "pixel"}, {"position": {"minX": 532.5, "minY": -2.09375, "maxX": 574.5, "maxY": 22.34375}, "class_id": 0, "box_caption": "lao 0.012", "scores": {"class_score": 0.01153564453125}, "domain": "pixel"}, {"position": {"minX": 2.625, "minY": 179.0, "maxX": 91.25, "maxY": 258.0}, "class_id": 0, "box_caption": "lao 0.011", "scores": {"class_score": 0.01146697998046875}, "domain": "pixel"}, {"position": {"minX": 1.28125, "minY": 251.0, "maxX": 93.625, "maxY": 338.5}, "class_id": 2, "box_caption": "vn_2_line 0.011", "scores": {"class_score": 0.01145172119140625}, "domain": "pixel"}, {"position": {"minX": 69.75, "minY": -7.515625, "maxX": 155.125, "maxY": 45.9375}, "class_id": 1, "box_caption": "vn_1_line 0.011", "scores": {"class_score": 0.011383056640625}, "domain": "pixel"}, {"position": {"minX": 489.5, "minY": 251.25, "maxX": 596.5, "maxY": 359.75}, "class_id": 2, "box_caption": "vn_2_line 0.011", "scores": {"class_score": 0.01137542724609375}, "domain": "pixel"}, {"position": {"minX": 37.59375, "minY": 329.5, "maxX": 159.375, "maxY": 399.0}, "class_id": 1, "box_caption": "vn_1_line 0.011", "scores": {"class_score": 0.01136016845703125}, "domain": "pixel"}, {"position": {"minX": 522.5, "minY": 209.875, "maxX": 630.5, "maxY": 298.0}, "class_id": 2, "box_caption": "vn_2_line 0.011", "scores": {"class_score": 0.0113067626953125}, "domain": "pixel"}, {"position": {"minX": 38.3125, "minY": 327.0, "maxX": 225.25, "maxY": 391.0}, "class_id": 1, "box_caption": "vn_1_line 0.011", "scores": {"class_score": 0.011199951171875}, "domain": "pixel"}, {"position": {"minX": 368.5, "minY": 357.5, "maxX": 425.5, "maxY": 384.0}, "class_id": 1, "box_caption": "vn_1_line 0.011", "scores": {"class_score": 0.01117706298828125}, "domain": "pixel"}, {"position": {"minX": 448.25, "minY": 289.75, "maxX": 554.0, "maxY": 398.25}, "class_id": 2, "box_caption": "vn_2_line 0.011", "scores": {"class_score": 0.0111083984375}, "domain": "pixel"}, {"position": {"minX": 40.0, "minY": 65.875, "maxX": 209.75, "maxY": 138.25}, "class_id": 0, "box_caption": "lao 0.011", "scores": {"class_score": 0.01108551025390625}, "domain": "pixel"}, {"position": {"minX": 522.5, "minY": 209.875, "maxX": 630.5, "maxY": 298.0}, "class_id": 1, "box_caption": "vn_1_line 0.011", "scores": {"class_score": 0.0110321044921875}, "domain": "pixel"}, {"position": {"minX": 178.875, "minY": 6.71875, "maxX": 278.0, "maxY": 69.625}, "class_id": 1, "box_caption": "vn_1_line 0.011", "scores": {"class_score": 0.01097869873046875}, "domain": "pixel"}, {"position": {"minX": 526.5, "minY": 232.75, "maxX": 626.5, "maxY": 315.75}, "class_id": 0, "box_caption": "lao 0.011", "scores": {"class_score": 0.01091766357421875}, "domain": "pixel"}, {"position": {"minX": 93.0, "minY": 107.25, "maxX": 194.25, "maxY": 186.5}, "class_id": 0, "box_caption": "lao 0.011", "scores": {"class_score": 0.01087188720703125}, "domain": "pixel"}, {"position": {"minX": 11.25, "minY": 292.0, "maxX": 185.125, "maxY": 393.0}, "class_id": 2, "box_caption": "vn_2_line 0.011", "scores": {"class_score": 0.010833740234375}, "domain": "pixel"}, {"position": {"minX": 21.71875, "minY": 107.5625, "maxX": 112.5, "maxY": 161.75}, "class_id": 1, "box_caption": "vn_1_line 0.011", "scores": {"class_score": 0.01081085205078125}, "domain": "pixel"}, {"position": {"minX": 417.5, "minY": -8.203125, "maxX": 493.0, "maxY": 44.0}, "class_id": 0, "box_caption": "lao 0.011", "scores": {"class_score": 0.01074981689453125}, "domain": "pixel"}, {"position": {"minX": -1.1875, "minY": -3.078125, "maxX": 64.1875, "maxY": 33.8125}, "class_id": 1, "box_caption": "vn_1_line 0.011", "scores": {"class_score": 0.0106658935546875}, "domain": "pixel"}, {"position": {"minX": -1.578125, "minY": 0.78125, "maxX": 57.125, "maxY": 48.78125}, "class_id": 2, "box_caption": "vn_2_line 0.011", "scores": {"class_score": 0.0106353759765625}, "domain": "pixel"}, {"position": {"minX": 173.625, "minY": 349.25, "maxX": 244.125, "maxY": 389.25}, "class_id": 1, "box_caption": "vn_1_line 0.011", "scores": {"class_score": 0.010528564453125}, "domain": "pixel"}, {"position": {"minX": 361.0, "minY": -3.515625, "maxX": 456.5, "maxY": 59.75}, "class_id": 1, "box_caption": "vn_1_line 0.010", "scores": {"class_score": 0.01045989990234375}, "domain": "pixel"}, {"position": {"minX": -9.25, "minY": -7.1875, "maxX": 65.5625, "maxY": 74.9375}, "class_id": 2, "box_caption": "vn_2_line 0.010", "scores": {"class_score": 0.01045989990234375}, "domain": "pixel"}, {"position": {"minX": 519.0, "minY": -10.90625, "maxX": 605.0, "maxY": 76.0}, "class_id": 0, "box_caption": "lao 0.010", "scores": {"class_score": 0.010345458984375}, "domain": "pixel"}, {"position": {"minX": 441.25, "minY": 301.5, "maxX": 531.5, "maxY": 376.0}, "class_id": 0, "box_caption": "lao 0.010", "scores": {"class_score": 0.01033782958984375}, "domain": "pixel"}, {"position": {"minX": 359.25, "minY": 101.0, "maxX": 462.75, "maxY": 169.75}, "class_id": 0, "box_caption": "lao 0.010", "scores": {"class_score": 0.0102691650390625}, "domain": "pixel"}, {"position": {"minX": 271.25, "minY": 65.5625, "maxX": 336.25, "maxY": 104.8125}, "class_id": 1, "box_caption": "vn_1_line 0.010", "scores": {"class_score": 0.0101470947265625}, "domain": "pixel"}, {"position": {"minX": 367.5, "minY": 333.0, "maxX": 539.0, "maxY": 384.5}, "class_id": 0, "box_caption": "lao 0.010", "scores": {"class_score": 0.01013946533203125}, "domain": "pixel"}, {"position": {"minX": -1.1875, "minY": -3.078125, "maxX": 64.1875, "maxY": 33.8125}, "class_id": 0, "box_caption": "lao 0.010", "scores": {"class_score": 0.01006317138671875}, "domain": "pixel"}, {"position": {"minX": 448.5, "minY": 0.828125, "maxX": 507.5, "maxY": 51.125}, "class_id": 0, "box_caption": "lao 0.010", "scores": {"class_score": 0.0099945068359375}, "domain": "pixel"}, {"position": {"minX": -4.375, "minY": 259.0, "maxX": 81.5625, "maxY": 337.5}, "class_id": 0, "box_caption": "lao 0.010", "scores": {"class_score": 0.009979248046875}, "domain": "pixel"}, {"position": {"minX": 16.34375, "minY": -1.546875, "maxX": 84.25, "maxY": 30.359375}, "class_id": 1, "box_caption": "vn_1_line 0.010", "scores": {"class_score": 0.0099029541015625}, "domain": "pixel"}, {"position": {"minX": 526.0, "minY": 18.25, "maxX": 578.0, "maxY": 64.0625}, "class_id": 0, "box_caption": "lao 0.010", "scores": {"class_score": 0.00989532470703125}, "domain": "pixel"}, {"position": {"minX": 142.75, "minY": 355.5, "maxX": 217.0, "maxY": 383.0}, "class_id": 0, "box_caption": "lao 0.010", "scores": {"class_score": 0.00982666015625}, "domain": "pixel"}, {"position": {"minX": 468.0, "minY": 283.25, "maxX": 566.0, "maxY": 363.25}, "class_id": 0, "box_caption": "lao 0.010", "scores": {"class_score": 0.0097808837890625}, "domain": "pixel"}, {"position": {"minX": 1.34375, "minY": -4.78125, "maxX": 96.125, "maxY": 63.40625}, "class_id": 0, "box_caption": "lao 0.010", "scores": {"class_score": 0.00972747802734375}, "domain": "pixel"}, {"position": {"minX": 260.5, "minY": 56.09375, "maxX": 326.0, "maxY": 99.0}, "class_id": 1, "box_caption": "vn_1_line 0.010", "scores": {"class_score": 0.00968170166015625}, "domain": "pixel"}, {"position": {"minX": 519.0, "minY": -10.90625, "maxX": 605.0, "maxY": 76.0}, "class_id": 2, "box_caption": "vn_2_line 0.010", "scores": {"class_score": 0.0096282958984375}, "domain": "pixel"}, {"position": {"minX": 495.5, "minY": 298.5, "maxX": 598.5, "maxY": 384.0}, "class_id": 1, "box_caption": "vn_1_line 0.010", "scores": {"class_score": 0.009613037109375}, "domain": "pixel"}, {"position": {"minX": 266.5, "minY": 36.46875, "maxX": 343.0, "maxY": 97.75}, "class_id": 1, "box_caption": "vn_1_line 0.010", "scores": {"class_score": 0.0095977783203125}, "domain": "pixel"}, {"position": {"minX": 10.09375, "minY": 174.75, "maxX": 118.375, "maxY": 281.5}, "class_id": 0, "box_caption": "lao 0.010", "scores": {"class_score": 0.00954437255859375}, "domain": "pixel"}, {"position": {"minX": 315.5, "minY": 357.0, "maxX": 373.0, "maxY": 385.0}, "class_id": 1, "box_caption": "vn_1_line 0.010", "scores": {"class_score": 0.00954437255859375}, "domain": "pixel"}, {"position": {"minX": 86.4375, "minY": 89.75, "maxX": 223.75, "maxY": 188.5}, "class_id": 0, "box_caption": "lao 0.009", "scores": {"class_score": 0.00946044921875}, "domain": "pixel"}, {"position": {"minX": 32.25, "minY": 154.125, "maxX": 164.25, "maxY": 267.75}, "class_id": 0, "box_caption": "lao 0.009", "scores": {"class_score": 0.0094451904296875}, "domain": "pixel"}, {"position": {"minX": 185.75, "minY": -3.546875, "maxX": 242.5, "maxY": 37.875}, "class_id": 0, "box_caption": "lao 0.009", "scores": {"class_score": 0.00943756103515625}, "domain": "pixel"}, {"position": {"minX": 82.625, "minY": 317.75, "maxX": 189.625, "maxY": 391.25}, "class_id": 0, "box_caption": "lao 0.009", "scores": {"class_score": 0.009429931640625}, "domain": "pixel"}, {"position": {"minX": 233.25, "minY": 113.8125, "maxX": 327.25, "maxY": 162.75}, "class_id": 0, "box_caption": "lao 0.009", "scores": {"class_score": 0.0094146728515625}, "domain": "pixel"}, {"position": {"minX": 186.75, "minY": 340.25, "maxX": 256.5, "maxY": 386.75}, "class_id": 1, "box_caption": "vn_1_line 0.009", "scores": {"class_score": 0.0094146728515625}, "domain": "pixel"}, {"position": {"minX": 531.0, "minY": 6.2890625, "maxX": 573.0, "maxY": 36.09375}, "class_id": 2, "box_caption": "vn_2_line 0.009", "scores": {"class_score": 0.009368896484375}, "domain": "pixel"}, {"position": {"minX": 3.9375, "minY": 138.5, "maxX": 90.125, "maxY": 217.75}, "class_id": 0, "box_caption": "lao 0.009", "scores": {"class_score": 0.00936126708984375}, "domain": "pixel"}, {"position": {"minX": 527.5, "minY": 233.0, "maxX": 655.5, "maxY": 344.0}, "class_id": 1, "box_caption": "vn_1_line 0.009", "scores": {"class_score": 0.009246826171875}, "domain": "pixel"}, {"position": {"minX": 579.5, "minY": 166.625, "maxX": 624.5, "maxY": 199.625}, "class_id": 2, "box_caption": "vn_2_line 0.009", "scores": {"class_score": 0.00922393798828125}, "domain": "pixel"}, {"position": {"minX": 482.0, "minY": 285.5, "maxX": 604.0, "maxY": 391.5}, "class_id": 2, "box_caption": "vn_2_line 0.009", "scores": {"class_score": 0.00922393798828125}, "domain": "pixel"}, {"position": {"minX": -7.390625, "minY": -0.3125, "maxX": 28.390625, "maxY": 20.046875}, "class_id": 0, "box_caption": "lao 0.009", "scores": {"class_score": 0.00919342041015625}, "domain": "pixel"}, {"position": {"minX": -3.03125, "minY": 118.9375, "maxX": 81.0, "maxY": 191.5}, "class_id": 0, "box_caption": "lao 0.009", "scores": {"class_score": 0.00914764404296875}, "domain": "pixel"}, {"position": {"minX": 85.1875, "minY": 95.4375, "maxX": 199.75, "maxY": 199.75}, "class_id": 2, "box_caption": "vn_2_line 0.009", "scores": {"class_score": 0.009124755859375}, "domain": "pixel"}, {"position": {"minX": 178.0, "minY": 7.96875, "maxX": 260.25, "maxY": 68.625}, "class_id": 0, "box_caption": "lao 0.009", "scores": {"class_score": 0.0091094970703125}, "domain": "pixel"}, {"position": {"minX": 18.375, "minY": 218.875, "maxX": 142.5, "maxY": 330.75}, "class_id": 0, "box_caption": "lao 0.009", "scores": {"class_score": 0.0091094970703125}, "domain": "pixel"}, {"position": {"minX": 86.875, "minY": 338.75, "maxX": 175.625, "maxY": 384.75}, "class_id": 0, "box_caption": "lao 0.009", "scores": {"class_score": 0.0090789794921875}, "domain": "pixel"}, {"position": {"minX": 311.5, "minY": 35.625, "maxX": 403.0, "maxY": 80.5625}, "class_id": 0, "box_caption": "lao 0.009", "scores": {"class_score": 0.00894927978515625}, "domain": "pixel"}, {"position": {"minX": -5.0, "minY": 282.5, "maxX": 82.4375, "maxY": 362.0}, "class_id": 0, "box_caption": "lao 0.009", "scores": {"class_score": 0.0088958740234375}, "domain": "pixel"}, {"position": {"minX": 401.0, "minY": 316.0, "maxX": 566.5, "maxY": 391.0}, "class_id": 2, "box_caption": "vn_2_line 0.009", "scores": {"class_score": 0.00885009765625}, "domain": "pixel"}, {"position": {"minX": 10.125, "minY": 191.375, "maxX": 191.375, "maxY": 321.0}, "class_id": 2, "box_caption": "vn_2_line 0.009", "scores": {"class_score": 0.00881195068359375}, "domain": "pixel"}, {"position": {"minX": 124.3125, "minY": 5.40625, "maxX": 169.25, "maxY": 37.8125}, "class_id": 0, "box_caption": "lao 0.009", "scores": {"class_score": 0.0087890625}, "domain": "pixel"}, {"position": {"minX": -9.21875, "minY": 136.75, "maxX": 93.125, "maxY": 219.5}, "class_id": 1, "box_caption": "vn_1_line 0.009", "scores": {"class_score": 0.0087890625}, "domain": "pixel"}, {"position": {"minX": 188.0, "minY": 105.625, "maxX": 314.5, "maxY": 176.875}, "class_id": 1, "box_caption": "vn_1_line 0.009", "scores": {"class_score": 0.00862884521484375}, "domain": "pixel"}, {"position": {"minX": 2.46875, "minY": 0.3828125, "maxX": 47.1875, "maxY": 31.90625}, "class_id": 1, "box_caption": "vn_1_line 0.009", "scores": {"class_score": 0.0086212158203125}, "domain": "pixel"}, {"position": {"minX": 550.0, "minY": 94.125, "maxX": 583.0, "maxY": 114.0}, "class_id": 0, "box_caption": "lao 0.009", "scores": {"class_score": 0.0085906982421875}, "domain": "pixel"}, {"position": {"minX": -1.578125, "minY": 0.78125, "maxX": 57.125, "maxY": 48.78125}, "class_id": 0, "box_caption": "lao 0.009", "scores": {"class_score": 0.00858306884765625}, "domain": "pixel"}, {"position": {"minX": 109.625, "minY": 73.5, "maxX": 207.875, "maxY": 148.625}, "class_id": 1, "box_caption": "vn_1_line 0.009", "scores": {"class_score": 0.00855255126953125}, "domain": "pixel"}, {"position": {"minX": 25.5, "minY": 45.4375, "maxX": 158.25, "maxY": 141.5}, "class_id": 1, "box_caption": "vn_1_line 0.009", "scores": {"class_score": 0.00853729248046875}, "domain": "pixel"}, {"position": {"minX": 16.84375, "minY": 92.9375, "maxX": 122.375, "maxY": 172.25}, "class_id": 1, "box_caption": "vn_1_line 0.008", "scores": {"class_score": 0.0084686279296875}, "domain": "pixel"}, {"position": {"minX": 111.25, "minY": 169.875, "maxX": 208.75, "maxY": 260.25}, "class_id": 2, "box_caption": "vn_2_line 0.008", "scores": {"class_score": 0.00844573974609375}, "domain": "pixel"}, {"position": {"minX": 485.5, "minY": 260.0, "maxX": 666.5, "maxY": 370.5}, "class_id": 1, "box_caption": "vn_1_line 0.008", "scores": {"class_score": 0.0084228515625}, "domain": "pixel"}, {"position": {"minX": 67.625, "minY": 160.25, "maxX": 192.875, "maxY": 264.25}, "class_id": 0, "box_caption": "lao 0.008", "scores": {"class_score": 0.008270263671875}, "domain": "pixel"}, {"position": {"minX": 208.25, "minY": 90.75, "maxX": 359.75, "maxY": 156.625}, "class_id": 1, "box_caption": "vn_1_line 0.008", "scores": {"class_score": 0.00824737548828125}, "domain": "pixel"}, {"position": {"minX": 38.3125, "minY": 327.0, "maxX": 225.25, "maxY": 391.0}, "class_id": 0, "box_caption": "lao 0.008", "scores": {"class_score": 0.00824737548828125}, "domain": "pixel"}, {"position": {"minX": -8.984375, "minY": 301.25, "maxX": 68.625, "maxY": 375.75}, "class_id": 0, "box_caption": "lao 0.008", "scores": {"class_score": 0.00823211669921875}, "domain": "pixel"}, {"position": {"minX": 26.21875, "minY": 0.484375, "maxX": 112.875, "maxY": 36.875}, "class_id": 1, "box_caption": "vn_1_line 0.008", "scores": {"class_score": 0.00815582275390625}, "domain": "pixel"}, {"position": {"minX": 514.0, "minY": 218.0, "maxX": 612.0, "maxY": 319.0}, "class_id": 2, "box_caption": "vn_2_line 0.008", "scores": {"class_score": 0.00811767578125}, "domain": "pixel"}], "class_labels": {"0": "lao", "1": "vn_1_line", "2": "vn_2_line"}}