{
    "os": "Linux-5.15.0-52-generic-x86_64-with-glibc2.10",
    "python": "3.8.12",
    "heartbeatAt": "2023-03-28T13:44:37.530363",
    "startedAt": "2023-03-28T13:44:36.115167",
    "docker": null,
    "gpu": "NVIDIA GeForce RTX 3060",
    "gpu_count": 1,
    "cpu_count": 16,
    "cuda": null,
    "args": [
        "--img",
        "640",
        "--batch",
        "16",
        "--epochs",
        "5",
        "--data",
        "./data.yaml",
        "--cfg",
        "models/custom_yolov5s.yaml",
        "--weights",
        "",
        "--name",
        "CN_VN_Lao_yolov5",
        "--cache",
        "--log-artifacts",
        "--device",
        "0"
    ],
    "state": "running",
    "program": "train.py",
    "codePath": "train.py",
    "git": {
        "remote": "https://github.com/ultralytics/yolov5",
        "commit": "886f1c03d839575afecb059accf74296fad395b6"
    },
    "email": null,
    "root": "/root/yolov8/yolov5",
    "host": "7c74a8b4e92e",
    "username": "root",
    "executable": "/opt/conda/bin/python"
}
