{"Labels": {"_type": "images/separated", "width": 2000, "height": 2000, "format": "jpg", "count": 2, "captions": ["labels_correlogram.jpg", "labels.jpg"]}, "Mosaics": {"_type": "images/separated", "width": 1280, "height": 1280, "format": "jpg", "count": 3, "captions": ["train_batch0.jpg", "train_batch1.jpg", "train_batch2.jpg"]}, "train/box_loss": 0.04476024955511093, "train/obj_loss": 0.014206266961991787, "train/cls_loss": 0.012578647583723068, "metrics/precision": 0.5757715778631632, "metrics/recall": 0.6411146316033144, "metrics/mAP_0.5": 0.6023735287177754, "metrics/mAP_0.5:0.95": 0.270436692114948, "val/box_loss": 0.04673707112669945, "val/obj_loss": 0.04582832381129265, "val/cls_loss": 0.010625950992107391, "x/lr0": 0.0024847748882276884, "x/lr1": 0.0024847748882276884, "x/lr2": 0.012584774888227693, "_runtime": 203, "_timestamp": 1680011279, "_step": 5, "Images": {"_type": "images/separated", "width": 672, "height": 384, "format": "png", "count": 16, "captions": ["007687f9-0618-4521-95d0-f2d6dbdc362e.jpg", "af2baba7-4698-422f-beec-7d0420f287ae.jpg", "adde620b-9024-4939-bacb-217b33233f65.jpg", "ad8fe40b-cb4d-4916-9cf1-50cf9249b3c3.jpg", "ad82bfed-3e5f-4858-bb4f-74b2340636f2.jpg", "ac9e13c6-e49f-4327-a451-3e25441bc2dd.jpg", "ab90fc4c-4d43-4a6b-a9e5-2da99f6c9d42.jpg", "a8e1f02c-0d3b-4426-852d-5130c4981ebc.jpg", "a82b3aa6-ce42-4576-ab56-9bec0458d353.jpg", "afc2cebb-5662-42a1-a1c2-96256441ac95.jpg", "a81755b2-00bd-4706-adab-c93192d6abaa.jpg", "a47b2158-f846-4f86-8f72-99a127abc593.jpg", "a460a3cf-7ed4-49fb-8491-8a6c88f7f80d.jpg", "a3d2ede4-3503-41c4-bf78-806322f6b345.jpg", "a347c006-a24a-4240-86dd-958368e3e30e.jpg", "a20bfdba-4d13-4adc-947c-1c7cda17ae62.jpg"], "all_boxes": [{"predictions": {"_type": "boxes2D", "path": "media/metadata/boxes2D/Images_4_00.boxes2D.json", "sha256": "1d719c17e63c424981019ea6c547fa841d36901930157b277eb20f95904153f7", "size": 57076}}, {"predictions": {"_type": "boxes2D", "path": "media/metadata/boxes2D/Images_4_10.boxes2D.json", "sha256": "696bd4466ae56c3a215e0345150fb0e01133eee1b16d53e056db679159a76063", "size": 57391}}, {"predictions": {"_type": "boxes2D", "path": "media/metadata/boxes2D/Images_4_20.boxes2D.json", "sha256": "62d29f9cda2d33146f36afc6337e5fcde63e15d268357baecd54a73d85448037", "size": 56979}}, {"predictions": {"_type": "boxes2D", "path": "media/metadata/boxes2D/Images_4_30.boxes2D.json", "sha256": "2c47b2e490630f767fc2ff877f1f956ffab6fcb6e65b0109dac41a2950f5884c", "size": 57159}}, {"predictions": {"_type": "boxes2D", "path": "media/metadata/boxes2D/Images_4_40.boxes2D.json", "sha256": "0555d8198fa66d6c4b6a213dc7e2db1267a422bcffc831127bb34ad3eab29f81", "size": 57371}}, {"predictions": {"_type": "boxes2D", "path": "media/metadata/boxes2D/Images_4_50.boxes2D.json", "sha256": "c5d2ca51ee471a64551f242678f33df8fece8e45427416e082366d992916f4f9", "size": 56785}}, {"predictions": {"_type": "boxes2D", "path": "media/metadata/boxes2D/Images_4_60.boxes2D.json", "sha256": "f067782c363fa2a65ffa3a809bff87bb8a699151c0072962155599e5bfa4e7e1", "size": 57074}}, {"predictions": {"_type": "boxes2D", "path": "media/metadata/boxes2D/Images_4_70.boxes2D.json", "sha256": "28a1e3c5da1996a6c96d83ab84a62fa866531fcc97d34b02dd17917406adca02", "size": 57844}}, {"predictions": {"_type": "boxes2D", "path": "media/metadata/boxes2D/Images_4_80.boxes2D.json", "sha256": "130cffd0adbea4dd92880942f5d7a1fcb1719e4f268ee762e018957908036933", "size": 57380}}, {"predictions": {"_type": "boxes2D", "path": "media/metadata/boxes2D/Images_4_90.boxes2D.json", "sha256": "e6e54e24181c269e2e8ae190096596a5509bb4561e272fac80ecf0a1420249c9", "size": 57912}}, {"predictions": {"_type": "boxes2D", "path": "media/metadata/boxes2D/Images_4_100.boxes2D.json", "sha256": "5e412d3e71300a1f0d417d80d6c5816dce4308b83054640ea7fc497e150b2475", "size": 56845}}, {"predictions": {"_type": "boxes2D", "path": "media/metadata/boxes2D/Images_4_110.boxes2D.json", "sha256": "c8c8b3c93a7d8577f11e71a05b02de167c01ba4208e6ab7f0d62e2a43954aedd", "size": 56838}}, {"predictions": {"_type": "boxes2D", "path": "media/metadata/boxes2D/Images_4_120.boxes2D.json", "sha256": "95199fe7fb10a6788e09ddfcdedd57f63f73f767d662171ab17504255a1e89f9", "size": 56969}}, {"predictions": {"_type": "boxes2D", "path": "media/metadata/boxes2D/Images_4_130.boxes2D.json", "sha256": "ea3f353e015347a3c62bb781a0aecd94205837dd8e4ed53d2d975fcaa0868570", "size": 57517}}, {"predictions": {"_type": "boxes2D", "path": "media/metadata/boxes2D/Images_4_140.boxes2D.json", "sha256": "7b6255ff32ccf1a05f57387cac1c2c6d07bfd61aac92a3bc3f9d1344313d953c", "size": 57075}}, {"predictions": {"_type": "boxes2D", "path": "media/metadata/boxes2D/Images_4_150.boxes2D.json", "sha256": "5510fcaf0fe82dfec37a10b0dfa37816abaf711f2c9ae18af94b9d26531e0f30", "size": 57216}}]}, "Validation": {"_type": "images/separated", "width": 1280, "height": 732, "format": "jpg", "count": 6, "captions": ["test_batch0_labels.jpg", "test_batch0_pred.jpg", "test_batch1_labels.jpg", "test_batch1_pred.jpg", "test_batch2_labels.jpg", "test_batch2_pred.jpg"]}, "Results": {"_type": "images/separated", "width": 2400, "height": 1200, "format": "png", "count": 6, "captions": ["results.png", "confusion_matrix.png", "F1_curve.png", "PR_curve.png", "P_curve.png", "R_curve.png"]}, "_wandb": {"runtime": 205}}